source_repo,ref,commit_sha,observed_refs,source_path,blob_sha,recommended_target_repo,target_path,classification,rationale
suncaifeng/DevSopByAi,refs/heads/main,e3c609f5cdbe38bca7e17b87359f29817d91237b,refs/heads/codex/codegraph-controlled-ab-codexb;refs/heads/main;refs/heads/tasks/mig-0001-four-repo-legacy-evidence-audit,"""\345\274\200\345\217\221SOP\346\265\201\347\250\213\344\270\216\346\217\220\347\244\272\350\257\215.md""",d5cbcdafd24fce293e4e196a654e33be230c0b2b,suncaifeng/DevSopByAi,"""\345\274\200\345\217\221SOP\346\265\201\347\250\213\344\270\216\346\217\220\347\244\272\350\257\215.md""",KEEP,Current control-plane implementation or repository metadata; retain source provenance.
suncaifeng/DevSopByAi,refs/heads/main,e3c609f5cdbe38bca7e17b87359f29817d91237b,refs/heads/codex/codegraph-controlled-ab-codexb;refs/heads/main;refs/heads/tasks/mig-0001-four-repo-legacy-evidence-audit,codex_run.py,345b5325a4b2aa50e880d248cf2dfa43d64d72b6,suncaifeng/DevSopByAi,codex_run.py,KEEP,Current control-plane implementation or repository metadata; retain source provenance.
suncaifeng/DevSopByAi,refs/heads/main,e3c609f5cdbe38bca7e17b87359f29817d91237b,refs/heads/codex/codegraph-controlled-ab-codexb;refs/heads/main;refs/heads/tasks/mig-0001-four-repo-legacy-evidence-audit,contracts.py,acb9e33a97ae6321b1f9e2dacd130a499ea52d99,suncaifeng/DevSopByAi,contracts.py,KEEP,Current control-plane implementation or repository metadata; retain source provenance.
suncaifeng/DevSopByAi,refs/heads/codex/codegraph-controlled-ab-codexb,48b8db0852eae19b24ec9a257d67703b8a048e81,refs/heads/codex/codegraph-controlled-ab-codexb,docs/experiments/codegraph-ab-2026-10/FINAL-REPORT.md,8e49ebf8979b58eb7f2add8968f8e525af7ade35,suncaifeng/DevSopByAi,docs/experiments/codegraph-ab-2026-10/FINAL-REPORT.md,KEEP,"Control-plane task contracts, SOP and experiment provenance remain with DevSopByAi."
suncaifeng/DevSopByAi,refs/heads/codex/codegraph-controlled-ab-codexb,48b8db0852eae19b24ec9a257d67703b8a048e81,refs/heads/codex/codegraph-controlled-ab-codexb,docs/experiments/codegraph-ab-2026-10/README.md,f3a0316bfaad63c4432338c4c894a18c70c9b912,suncaifeng/DevSopByAi,docs/experiments/codegraph-ab-2026-10/README.md,KEEP,"Control-plane task contracts, SOP and experiment provenance remain with DevSopByAi."
suncaifeng/DevSopByAi,refs/heads/codex/codegraph-controlled-ab-codexb,48b8db0852eae19b24ec9a257d67703b8a048e81,refs/heads/codex/codegraph-controlled-ab-codexb,docs/experiments/codegraph-ab-2026-10/answers/Q1-R1-A.md,8f9a18437265befdf0c1933ee4a37e5330e7bfae,suncaifeng/DevSopByAi,docs/experiments/codegraph-ab-2026-10/answers/Q1-R1-A.md,KEEP,"Control-plane task contracts, SOP and experiment provenance remain with DevSopByAi."
suncaifeng/DevSopByAi,refs/heads/codex/codegraph-controlled-ab-codexb,48b8db0852eae19b24ec9a257d67703b8a048e81,refs/heads/codex/codegraph-controlled-ab-codexb,docs/experiments/codegraph-ab-2026-10/answers/Q1-R1-B.md,0171dc960a4dac62ece5267b54e715e7d2231b89,suncaifeng/DevSopByAi,docs/experiments/codegraph-ab-2026-10/answers/Q1-R1-B.md,KEEP,"Control-plane task contracts, SOP and experiment provenance remain with DevSopByAi."
suncaifeng/DevSopByAi,refs/heads/codex/codegraph-controlled-ab-codexb,48b8db0852eae19b24ec9a257d67703b8a048e81,refs/heads/codex/codegraph-controlled-ab-codexb,docs/experiments/codegraph-ab-2026-10/answers/Q1-R2-A.md,89bda574bc166ebd218f722087a16607463e94fd,suncaifeng/DevSopByAi,docs/experiments/codegraph-ab-2026-10/answers/Q1-R2-A.md,KEEP,"Control-plane task contracts, SOP and experiment provenance remain with DevSopByAi."
suncaifeng/DevSopByAi,refs/heads/codex/codegraph-controlled-ab-codexb,48b8db0852eae19b24ec9a257d67703b8a048e81,refs/heads/codex/codegraph-controlled-ab-codexb,docs/experiments/codegraph-ab-2026-10/answers/Q1-R2-B.md,ad9f4992a278e73f9df7733fc32e4fc1eb0fe8dc,suncaifeng/DevSopByAi,docs/experiments/codegraph-ab-2026-10/answers/Q1-R2-B.md,KEEP,"Control-plane task contracts, SOP and experiment provenance remain with DevSopByAi."
suncaifeng/DevSopByAi,refs/heads/codex/codegraph-controlled-ab-codexb,48b8db0852eae19b24ec9a257d67703b8a048e81,refs/heads/codex/codegraph-controlled-ab-codexb,docs/experiments/codegraph-ab-2026-10/answers/Q2-R1-A.md,2ec58fb3d7a83eed1fdb917321353dc1d7bf912b,suncaifeng/DevSopByAi,docs/experiments/codegraph-ab-2026-10/answers/Q2-R1-A.md,KEEP,"Control-plane task contracts, SOP and experiment provenance remain with DevSopByAi."
suncaifeng/DevSopByAi,refs/heads/codex/codegraph-controlled-ab-codexb,48b8db0852eae19b24ec9a257d67703b8a048e81,refs/heads/codex/codegraph-controlled-ab-codexb,docs/experiments/codegraph-ab-2026-10/answers/Q2-R1-B.md,86a07a5c13cdba6ab8aa29dfd6e5dffe2ba7860a,suncaifeng/DevSopByAi,docs/experiments/codegraph-ab-2026-10/answers/Q2-R1-B.md,KEEP,"Control-plane task contracts, SOP and experiment provenance remain with DevSopByAi."
suncaifeng/DevSopByAi,refs/heads/codex/codegraph-controlled-ab-codexb,48b8db0852eae19b24ec9a257d67703b8a048e81,refs/heads/codex/codegraph-controlled-ab-codexb,docs/experiments/codegraph-ab-2026-10/answers/Q2-R2-A.md,8a2168844e2c56ba654d7e3371e60ecefaaf93b2,suncaifeng/DevSopByAi,docs/experiments/codegraph-ab-2026-10/answers/Q2-R2-A.md,KEEP,"Control-plane task contracts, SOP and experiment provenance remain with DevSopByAi."
suncaifeng/DevSopByAi,refs/heads/codex/codegraph-controlled-ab-codexb,48b8db0852eae19b24ec9a257d67703b8a048e81,refs/heads/codex/codegraph-controlled-ab-codexb,docs/experiments/codegraph-ab-2026-10/answers/Q2-R2-B.md,50ab7e22e17711a15fa4095a1ed9b89bfc7f95f5,suncaifeng/DevSopByAi,docs/experiments/codegraph-ab-2026-10/answers/Q2-R2-B.md,KEEP,"Control-plane task contracts, SOP and experiment provenance remain with DevSopByAi."
suncaifeng/DevSopByAi,refs/heads/codex/codegraph-controlled-ab-codexb,48b8db0852eae19b24ec9a257d67703b8a048e81,refs/heads/codex/codegraph-controlled-ab-codexb,docs/experiments/codegraph-ab-2026-10/answers/Q3-R1-A.md,838a414bd285f482a23a10d5a9b4b0ac2f8f4ce4,suncaifeng/DevSopByAi,docs/experiments/codegraph-ab-2026-10/answers/Q3-R1-A.md,KEEP,"Control-plane task contracts, SOP and experiment provenance remain with DevSopByAi."
suncaifeng/DevSopByAi,refs/heads/codex/codegraph-controlled-ab-codexb,48b8db0852eae19b24ec9a257d67703b8a048e81,refs/heads/codex/codegraph-controlled-ab-codexb,docs/experiments/codegraph-ab-2026-10/answers/Q3-R1-B.md,5804ad3d68b839f7cd4157f58df893cc04b36720,suncaifeng/DevSopByAi,docs/experiments/codegraph-ab-2026-10/answers/Q3-R1-B.md,KEEP,"Control-plane task contracts, SOP and experiment provenance remain with DevSopByAi."
suncaifeng/DevSopByAi,refs/heads/codex/codegraph-controlled-ab-codexb,48b8db0852eae19b24ec9a257d67703b8a048e81,refs/heads/codex/codegraph-controlled-ab-codexb,docs/experiments/codegraph-ab-2026-10/answers/Q3-R2-A.md,4e19d6f6a84fe1c0e71c0364069384aab7f9610d,suncaifeng/DevSopByAi,docs/experiments/codegraph-ab-2026-10/answers/Q3-R2-A.md,KEEP,"Control-plane task contracts, SOP and experiment provenance remain with DevSopByAi."
suncaifeng/DevSopByAi,refs/heads/codex/codegraph-controlled-ab-codexb,48b8db0852eae19b24ec9a257d67703b8a048e81,refs/heads/codex/codegraph-controlled-ab-codexb,docs/experiments/codegraph-ab-2026-10/answers/Q3-R2-B.md,398a259e7ed88237c91d1b212a7bb25989e4efba,suncaifeng/DevSopByAi,docs/experiments/codegraph-ab-2026-10/answers/Q3-R2-B.md,KEEP,"Control-plane task contracts, SOP and experiment provenance remain with DevSopByAi."
suncaifeng/DevSopByAi,refs/heads/codex/codegraph-controlled-ab-codexb,48b8db0852eae19b24ec9a257d67703b8a048e81,refs/heads/codex/codegraph-controlled-ab-codexb,docs/experiments/codegraph-ab-2026-10/answers/Q4-R1-A.md,fce8ced2f9c20c3d538d5aa06f55f8563c201e4a,suncaifeng/DevSopByAi,docs/experiments/codegraph-ab-2026-10/answers/Q4-R1-A.md,KEEP,"Control-plane task contracts, SOP and experiment provenance remain with DevSopByAi."
suncaifeng/DevSopByAi,refs/heads/codex/codegraph-controlled-ab-codexb,48b8db0852eae19b24ec9a257d67703b8a048e81,refs/heads/codex/codegraph-controlled-ab-codexb,docs/experiments/codegraph-ab-2026-10/answers/Q4-R1-B.md,50911aba124c943da48fb44024babb5ef8cce906,suncaifeng/DevSopByAi,docs/experiments/codegraph-ab-2026-10/answers/Q4-R1-B.md,KEEP,"Control-plane task contracts, SOP and experiment provenance remain with DevSopByAi."
suncaifeng/DevSopByAi,refs/heads/codex/codegraph-controlled-ab-codexb,48b8db0852eae19b24ec9a257d67703b8a048e81,refs/heads/codex/codegraph-controlled-ab-codexb,docs/experiments/codegraph-ab-2026-10/answers/Q4-R2-A.md,1d710761e040ea9fb17b9379c4f342e3076351b2,suncaifeng/DevSopByAi,docs/experiments/codegraph-ab-2026-10/answers/Q4-R2-A.md,KEEP,"Control-plane task contracts, SOP and experiment provenance remain with DevSopByAi."
suncaifeng/DevSopByAi,refs/heads/codex/codegraph-controlled-ab-codexb,48b8db0852eae19b24ec9a257d67703b8a048e81,refs/heads/codex/codegraph-controlled-ab-codexb,docs/experiments/codegraph-ab-2026-10/answers/Q4-R2-B.md,e21278f0fdcd6c2b6c102348ba0ef5e596fbd28d,suncaifeng/DevSopByAi,docs/experiments/codegraph-ab-2026-10/answers/Q4-R2-B.md,KEEP,"Control-plane task contracts, SOP and experiment provenance remain with DevSopByAi."
suncaifeng/DevSopByAi,refs/heads/codex/codegraph-controlled-ab-codexb,48b8db0852eae19b24ec9a257d67703b8a048e81,refs/heads/codex/codegraph-controlled-ab-codexb,docs/experiments/codegraph-ab-2026-10/arm-map.json,ea61f226d8abef68597f8bd801f5cbe393bf150f,suncaifeng/DevSopByAi,docs/experiments/codegraph-ab-2026-10/arm-map.json,KEEP,"Control-plane task contracts, SOP and experiment provenance remain with DevSopByAi."
suncaifeng/DevSopByAi,refs/heads/codex/codegraph-controlled-ab-codexb,48b8db0852eae19b24ec9a257d67703b8a048e81,refs/heads/codex/codegraph-controlled-ab-codexb,docs/experiments/codegraph-ab-2026-10/benchmark-prompts.json,654dae86123875e9d761537e8d9b32cebdf3740d,suncaifeng/DevSopByAi,docs/experiments/codegraph-ab-2026-10/benchmark-prompts.json,KEEP,"Control-plane task contracts, SOP and experiment provenance remain with DevSopByAi."
suncaifeng/DevSopByAi,refs/heads/codex/codegraph-controlled-ab-codexb,48b8db0852eae19b24ec9a257d67703b8a048e81,refs/heads/codex/codegraph-controlled-ab-codexb,docs/experiments/codegraph-ab-2026-10/manifest.json,8336a8634b86cd704a4775326acd5588028d4d3a,suncaifeng/DevSopByAi,docs/experiments/codegraph-ab-2026-10/manifest.json,KEEP,"Control-plane task contracts, SOP and experiment provenance remain with DevSopByAi."
suncaifeng/DevSopByAi,refs/heads/codex/codegraph-controlled-ab-codexb,48b8db0852eae19b24ec9a257d67703b8a048e81,refs/heads/codex/codegraph-controlled-ab-codexb,docs/experiments/codegraph-ab-2026-10/metrics.csv,e423533e9148b38e78cc163c7935ed17f56e8918,suncaifeng/DevSopByAi,docs/experiments/codegraph-ab-2026-10/metrics.csv,KEEP,"Control-plane task contracts, SOP and experiment provenance remain with DevSopByAi."
suncaifeng/DevSopByAi,refs/heads/codex/codegraph-controlled-ab-codexb,48b8db0852eae19b24ec9a257d67703b8a048e81,refs/heads/codex/codegraph-controlled-ab-codexb,docs/experiments/codegraph-ab-2026-10/runs/Q1-R1-A.json,30af0777c4714076465d377cd43426485be932bb,suncaifeng/DevSopByAi,docs/experiments/codegraph-ab-2026-10/runs/Q1-R1-A.json,KEEP,"Control-plane task contracts, SOP and experiment provenance remain with DevSopByAi."
suncaifeng/DevSopByAi,refs/heads/codex/codegraph-controlled-ab-codexb,48b8db0852eae19b24ec9a257d67703b8a048e81,refs/heads/codex/codegraph-controlled-ab-codexb,docs/experiments/codegraph-ab-2026-10/runs/Q1-R1-B.json,d9fc5f144bb192f0011321e2116f852a06d5bb4a,suncaifeng/DevSopByAi,docs/experiments/codegraph-ab-2026-10/runs/Q1-R1-B.json,KEEP,"Control-plane task contracts, SOP and experiment provenance remain with DevSopByAi."
suncaifeng/DevSopByAi,refs/heads/codex/codegraph-controlled-ab-codexb,48b8db0852eae19b24ec9a257d67703b8a048e81,refs/heads/codex/codegraph-controlled-ab-codexb,docs/experiments/codegraph-ab-2026-10/runs/Q1-R2-A.json,b161da17c0dde16c2e0ec4966cb7cbe6abbf4d37,suncaifeng/DevSopByAi,docs/experiments/codegraph-ab-2026-10/runs/Q1-R2-A.json,KEEP,"Control-plane task contracts, SOP and experiment provenance remain with DevSopByAi."
suncaifeng/DevSopByAi,refs/heads/codex/codegraph-controlled-ab-codexb,48b8db0852eae19b24ec9a257d67703b8a048e81,refs/heads/codex/codegraph-controlled-ab-codexb,docs/experiments/codegraph-ab-2026-10/runs/Q1-R2-B.json,d0dd5721f4281b2a2270a15f77899e03ee8473f2,suncaifeng/DevSopByAi,docs/experiments/codegraph-ab-2026-10/runs/Q1-R2-B.json,KEEP,"Control-plane task contracts, SOP and experiment provenance remain with DevSopByAi."
suncaifeng/DevSopByAi,refs/heads/codex/codegraph-controlled-ab-codexb,48b8db0852eae19b24ec9a257d67703b8a048e81,refs/heads/codex/codegraph-controlled-ab-codexb,docs/experiments/codegraph-ab-2026-10/runs/Q2-R1-A.json,77a9927307252753841fa73b52503cc8d3bf567f,suncaifeng/DevSopByAi,docs/experiments/codegraph-ab-2026-10/runs/Q2-R1-A.json,KEEP,"Control-plane task contracts, SOP and experiment provenance remain with DevSopByAi."
suncaifeng/DevSopByAi,refs/heads/codex/codegraph-controlled-ab-codexb,48b8db0852eae19b24ec9a257d67703b8a048e81,refs/heads/codex/codegraph-controlled-ab-codexb,docs/experiments/codegraph-ab-2026-10/runs/Q2-R1-B.json,084256560c4c60a4ff3d29337e1d10f48ad2f08c,suncaifeng/DevSopByAi,docs/experiments/codegraph-ab-2026-10/runs/Q2-R1-B.json,KEEP,"Control-plane task contracts, SOP and experiment provenance remain with DevSopByAi."
suncaifeng/DevSopByAi,refs/heads/codex/codegraph-controlled-ab-codexb,48b8db0852eae19b24ec9a257d67703b8a048e81,refs/heads/codex/codegraph-controlled-ab-codexb,docs/experiments/codegraph-ab-2026-10/runs/Q2-R2-A.json,ba8d60b8f3f4824c99288c113fb841e7e69fe728,suncaifeng/DevSopByAi,docs/experiments/codegraph-ab-2026-10/runs/Q2-R2-A.json,KEEP,"Control-plane task contracts, SOP and experiment provenance remain with DevSopByAi."
suncaifeng/DevSopByAi,refs/heads/codex/codegraph-controlled-ab-codexb,48b8db0852eae19b24ec9a257d67703b8a048e81,refs/heads/codex/codegraph-controlled-ab-codexb,docs/experiments/codegraph-ab-2026-10/runs/Q2-R2-B.json,35d2d84b67229bc2f13c7c2730656de656e6ce7a,suncaifeng/DevSopByAi,docs/experiments/codegraph-ab-2026-10/runs/Q2-R2-B.json,KEEP,"Control-plane task contracts, SOP and experiment provenance remain with DevSopByAi."
suncaifeng/DevSopByAi,refs/heads/codex/codegraph-controlled-ab-codexb,48b8db0852eae19b24ec9a257d67703b8a048e81,refs/heads/codex/codegraph-controlled-ab-codexb,docs/experiments/codegraph-ab-2026-10/runs/Q3-R1-A.json,f27fe129d80bd41a13068b8e8dccbe84b3454ecf,suncaifeng/DevSopByAi,docs/experiments/codegraph-ab-2026-10/runs/Q3-R1-A.json,KEEP,"Control-plane task contracts, SOP and experiment provenance remain with DevSopByAi."
suncaifeng/DevSopByAi,refs/heads/codex/codegraph-controlled-ab-codexb,48b8db0852eae19b24ec9a257d67703b8a048e81,refs/heads/codex/codegraph-controlled-ab-codexb,docs/experiments/codegraph-ab-2026-10/runs/Q3-R1-B.json,ea2ef05618c9c1400c9cf0631658456268057c9c,suncaifeng/DevSopByAi,docs/experiments/codegraph-ab-2026-10/runs/Q3-R1-B.json,KEEP,"Control-plane task contracts, SOP and experiment provenance remain with DevSopByAi."
suncaifeng/DevSopByAi,refs/heads/codex/codegraph-controlled-ab-codexb,48b8db0852eae19b24ec9a257d67703b8a048e81,refs/heads/codex/codegraph-controlled-ab-codexb,docs/experiments/codegraph-ab-2026-10/runs/Q3-R2-A.json,45e311cdcde532c0d8dbb9a16f27a867cdccaff8,suncaifeng/DevSopByAi,docs/experiments/codegraph-ab-2026-10/runs/Q3-R2-A.json,KEEP,"Control-plane task contracts, SOP and experiment provenance remain with DevSopByAi."
suncaifeng/DevSopByAi,refs/heads/codex/codegraph-controlled-ab-codexb,48b8db0852eae19b24ec9a257d67703b8a048e81,refs/heads/codex/codegraph-controlled-ab-codexb,docs/experiments/codegraph-ab-2026-10/runs/Q3-R2-B.json,2534b50ccbdf8b70c56264ff5437e26bf0d664a9,suncaifeng/DevSopByAi,docs/experiments/codegraph-ab-2026-10/runs/Q3-R2-B.json,KEEP,"Control-plane task contracts, SOP and experiment provenance remain with DevSopByAi."
suncaifeng/DevSopByAi,refs/heads/codex/codegraph-controlled-ab-codexb,48b8db0852eae19b24ec9a257d67703b8a048e81,refs/heads/codex/codegraph-controlled-ab-codexb,docs/experiments/codegraph-ab-2026-10/runs/Q4-R1-A.json,2f7ce4f0d6ad74b289605bb435de837fbc36c499,suncaifeng/DevSopByAi,docs/experiments/codegraph-ab-2026-10/runs/Q4-R1-A.json,KEEP,"Control-plane task contracts, SOP and experiment provenance remain with DevSopByAi."
suncaifeng/DevSopByAi,refs/heads/codex/codegraph-controlled-ab-codexb,48b8db0852eae19b24ec9a257d67703b8a048e81,refs/heads/codex/codegraph-controlled-ab-codexb,docs/experiments/codegraph-ab-2026-10/runs/Q4-R1-B.json,1430adba8a0934c1d9d4eb536a36ce32cf6ca63a,suncaifeng/DevSopByAi,docs/experiments/codegraph-ab-2026-10/runs/Q4-R1-B.json,KEEP,"Control-plane task contracts, SOP and experiment provenance remain with DevSopByAi."
suncaifeng/DevSopByAi,refs/heads/codex/codegraph-controlled-ab-codexb,48b8db0852eae19b24ec9a257d67703b8a048e81,refs/heads/codex/codegraph-controlled-ab-codexb,docs/experiments/codegraph-ab-2026-10/runs/Q4-R2-A.json,85b8139473d77e883af582f063db9e8dbf02ecf8,suncaifeng/DevSopByAi,docs/experiments/codegraph-ab-2026-10/runs/Q4-R2-A.json,KEEP,"Control-plane task contracts, SOP and experiment provenance remain with DevSopByAi."
suncaifeng/DevSopByAi,refs/heads/codex/codegraph-controlled-ab-codexb,48b8db0852eae19b24ec9a257d67703b8a048e81,refs/heads/codex/codegraph-controlled-ab-codexb,docs/experiments/codegraph-ab-2026-10/runs/Q4-R2-B.json,414762976232cf40835cfd6a971163138ccfe883,suncaifeng/DevSopByAi,docs/experiments/codegraph-ab-2026-10/runs/Q4-R2-B.json,KEEP,"Control-plane task contracts, SOP and experiment provenance remain with DevSopByAi."
suncaifeng/DevSopByAi,refs/heads/codex/codegraph-controlled-ab-codexb,48b8db0852eae19b24ec9a257d67703b8a048e81,refs/heads/codex/codegraph-controlled-ab-codexb,docs/experiments/codegraph-ab-2026-10/setup/arm_a_preflight.stderr,8efb88b305a995199132aa6aeaf9b9074a44b219,suncaifeng/DevSopByAi,docs/experiments/codegraph-ab-2026-10/setup/arm_a_preflight.stderr,KEEP,"Control-plane task contracts, SOP and experiment provenance remain with DevSopByAi."
suncaifeng/DevSopByAi,refs/heads/codex/codegraph-controlled-ab-codexb,48b8db0852eae19b24ec9a257d67703b8a048e81,refs/heads/codex/codegraph-controlled-ab-codexb,docs/experiments/codegraph-ab-2026-10/setup/arm_a_preflight_answer.txt,9faf259c3ce13deea4df106e120a7384f63bb02e,suncaifeng/DevSopByAi,docs/experiments/codegraph-ab-2026-10/setup/arm_a_preflight_answer.txt,KEEP,"Control-plane task contracts, SOP and experiment provenance remain with DevSopByAi."
suncaifeng/DevSopByAi,refs/heads/codex/codegraph-controlled-ab-codexb,48b8db0852eae19b24ec9a257d67703b8a048e81,refs/heads/codex/codegraph-controlled-ab-codexb,docs/experiments/codegraph-ab-2026-10/setup/arm_a_preflight_end_utc.txt,fd096b9fa9dbcd5bd8450a0eb13df6ec589a12b1,suncaifeng/DevSopByAi,docs/experiments/codegraph-ab-2026-10/setup/arm_a_preflight_end_utc.txt,KEEP,"Control-plane task contracts, SOP and experiment provenance remain with DevSopByAi."
suncaifeng/DevSopByAi,refs/heads/codex/codegraph-controlled-ab-codexb,48b8db0852eae19b24ec9a257d67703b8a048e81,refs/heads/codex/codegraph-controlled-ab-codexb,docs/experiments/codegraph-ab-2026-10/setup/arm_a_preflight_events.jsonl,88988fe3a2c2308b9816adf1a5c722d8f5812ba6,suncaifeng/DevSopByAi,docs/experiments/codegraph-ab-2026-10/setup/arm_a_preflight_events.jsonl,KEEP,"Control-plane task contracts, SOP and experiment provenance remain with DevSopByAi."
suncaifeng/DevSopByAi,refs/heads/codex/codegraph-controlled-ab-codexb,48b8db0852eae19b24ec9a257d67703b8a048e81,refs/heads/codex/codegraph-controlled-ab-codexb,docs/experiments/codegraph-ab-2026-10/setup/arm_a_preflight_start_utc.txt,0d293ab288fa449acaa72ef27fe41fa5a88cb84b,suncaifeng/DevSopByAi,docs/experiments/codegraph-ab-2026-10/setup/arm_a_preflight_start_utc.txt,KEEP,"Control-plane task contracts, SOP and experiment provenance remain with DevSopByAi."
suncaifeng/DevSopByAi,refs/heads/codex/codegraph-controlled-ab-codexb,48b8db0852eae19b24ec9a257d67703b8a048e81,refs/heads/codex/codegraph-controlled-ab-codexb,docs/experiments/codegraph-ab-2026-10/setup/codegraph-engine-binary.sha256,6fd2658c538c376ffdc266daf09ce1606db4ef6e,suncaifeng/DevSopByAi,docs/experiments/codegraph-ab-2026-10/setup/codegraph-engine-binary.sha256,KEEP,"Control-plane task contracts, SOP and experiment provenance remain with DevSopByAi."
suncaifeng/DevSopByAi,refs/heads/codex/codegraph-controlled-ab-codexb,48b8db0852eae19b24ec9a257d67703b8a048e81,refs/heads/codex/codegraph-controlled-ab-codexb,docs/experiments/codegraph-ab-2026-10/setup/codegraph-engine-help.txt,8f614420b52aff95883559f7f86eb2603c043337,suncaifeng/DevSopByAi,docs/experiments/codegraph-ab-2026-10/setup/codegraph-engine-help.txt,KEEP,"Control-plane task contracts, SOP and experiment provenance remain with DevSopByAi."
suncaifeng/DevSopByAi,refs/heads/codex/codegraph-controlled-ab-codexb,48b8db0852eae19b24ec9a257d67703b8a048e81,refs/heads/codex/codegraph-controlled-ab-codexb,docs/experiments/codegraph-ab-2026-10/setup/codegraph-engine-info.txt,e53fe7c3ffb2be9f9e5188526429615de8d755e9,suncaifeng/DevSopByAi,docs/experiments/codegraph-ab-2026-10/setup/codegraph-engine-info.txt,KEEP,"Control-plane task contracts, SOP and experiment provenance remain with DevSopByAi."
suncaifeng/DevSopByAi,refs/heads/codex/codegraph-controlled-ab-codexb,48b8db0852eae19b24ec9a257d67703b8a048e81,refs/heads/codex/codegraph-controlled-ab-codexb,docs/experiments/codegraph-ab-2026-10/setup/codegraph-npm-install.log,9e8508150211312d7fd22a61e4fe06703bb1af4e,suncaifeng/DevSopByAi,docs/experiments/codegraph-ab-2026-10/setup/codegraph-npm-install.log,KEEP,"Control-plane task contracts, SOP and experiment provenance remain with DevSopByAi."
suncaifeng/DevSopByAi,refs/heads/codex/codegraph-controlled-ab-codexb,48b8db0852eae19b24ec9a257d67703b8a048e81,refs/heads/codex/codegraph-controlled-ab-codexb,docs/experiments/codegraph-ab-2026-10/setup/codegraph_install_end_utc.txt,3e66a8f3a369abad3c25b68a8775c580656c886b,suncaifeng/DevSopByAi,docs/experiments/codegraph-ab-2026-10/setup/codegraph_install_end_utc.txt,KEEP,"Control-plane task contracts, SOP and experiment provenance remain with DevSopByAi."
suncaifeng/DevSopByAi,refs/heads/codex/codegraph-controlled-ab-codexb,48b8db0852eae19b24ec9a257d67703b8a048e81,refs/heads/codex/codegraph-controlled-ab-codexb,docs/experiments/codegraph-ab-2026-10/setup/codegraph_install_start_utc.txt,ea8cd4face80555ca90727e4e08a71384513749b,suncaifeng/DevSopByAi,docs/experiments/codegraph-ab-2026-10/setup/codegraph_install_start_utc.txt,KEEP,"Control-plane task contracts, SOP and experiment provenance remain with DevSopByAi."
suncaifeng/DevSopByAi,refs/heads/codex/codegraph-controlled-ab-codexb,48b8db0852eae19b24ec9a257d67703b8a048e81,refs/heads/codex/codegraph-controlled-ab-codexb,docs/experiments/codegraph-ab-2026-10/setup/codegraph_mcp_preflight.stderr,8efb88b305a995199132aa6aeaf9b9074a44b219,suncaifeng/DevSopByAi,docs/experiments/codegraph-ab-2026-10/setup/codegraph_mcp_preflight.stderr,KEEP,"Control-plane task contracts, SOP and experiment provenance remain with DevSopByAi."
suncaifeng/DevSopByAi,refs/heads/codex/codegraph-controlled-ab-codexb,48b8db0852eae19b24ec9a257d67703b8a048e81,refs/heads/codex/codegraph-controlled-ab-codexb,docs/experiments/codegraph-ab-2026-10/setup/codegraph_mcp_preflight2_end_utc.txt,ff50fd2f0d35dc0bb99a4800c4163d9307414157,suncaifeng/DevSopByAi,docs/experiments/codegraph-ab-2026-10/setup/codegraph_mcp_preflight2_end_utc.txt,KEEP,"Control-plane task contracts, SOP and experiment provenance remain with DevSopByAi."
suncaifeng/DevSopByAi,refs/heads/codex/codegraph-controlled-ab-codexb,48b8db0852eae19b24ec9a257d67703b8a048e81,refs/heads/codex/codegraph-controlled-ab-codexb,docs/experiments/codegraph-ab-2026-10/setup/codegraph_mcp_preflight2_start_utc.txt,ff50fd2f0d35dc0bb99a4800c4163d9307414157,suncaifeng/DevSopByAi,docs/experiments/codegraph-ab-2026-10/setup/codegraph_mcp_preflight2_start_utc.txt,KEEP,"Control-plane task contracts, SOP and experiment provenance remain with DevSopByAi."
suncaifeng/DevSopByAi,refs/heads/codex/codegraph-controlled-ab-codexb,48b8db0852eae19b24ec9a257d67703b8a048e81,refs/heads/codex/codegraph-controlled-ab-codexb,docs/experiments/codegraph-ab-2026-10/setup/codegraph_mcp_preflight2_terminal.log,791469794eeb2f1e034c2f37bc03c5d779708eb1,suncaifeng/DevSopByAi,docs/experiments/codegraph-ab-2026-10/setup/codegraph_mcp_preflight2_terminal.log,KEEP,"Control-plane task contracts, SOP and experiment provenance remain with DevSopByAi."
suncaifeng/DevSopByAi,refs/heads/codex/codegraph-controlled-ab-codexb,48b8db0852eae19b24ec9a257d67703b8a048e81,refs/heads/codex/codegraph-controlled-ab-codexb,docs/experiments/codegraph-ab-2026-10/setup/codegraph_mcp_preflight3_answer.txt,de042d4b085465c73ecb3a355e082ff8b91cebda,suncaifeng/DevSopByAi,docs/experiments/codegraph-ab-2026-10/setup/codegraph_mcp_preflight3_answer.txt,KEEP,"Control-plane task contracts, SOP and experiment provenance remain with DevSopByAi."
suncaifeng/DevSopByAi,refs/heads/codex/codegraph-controlled-ab-codexb,48b8db0852eae19b24ec9a257d67703b8a048e81,refs/heads/codex/codegraph-controlled-ab-codexb,docs/experiments/codegraph-ab-2026-10/setup/codegraph_mcp_preflight3_end_utc.txt,5882c1f2c42010019dab3870b5e30704bf6f8ed0,suncaifeng/DevSopByAi,docs/experiments/codegraph-ab-2026-10/setup/codegraph_mcp_preflight3_end_utc.txt,KEEP,"Control-plane task contracts, SOP and experiment provenance remain with DevSopByAi."
suncaifeng/DevSopByAi,refs/heads/codex/codegraph-controlled-ab-codexb,48b8db0852eae19b24ec9a257d67703b8a048e81,refs/heads/codex/codegraph-controlled-ab-codexb,docs/experiments/codegraph-ab-2026-10/setup/codegraph_mcp_preflight3_start_utc.txt,77cbea8a13c7d9477da8218d34099406eda9cc96,suncaifeng/DevSopByAi,docs/experiments/codegraph-ab-2026-10/setup/codegraph_mcp_preflight3_start_utc.txt,KEEP,"Control-plane task contracts, SOP and experiment provenance remain with DevSopByAi."
suncaifeng/DevSopByAi,refs/heads/codex/codegraph-controlled-ab-codexb,48b8db0852eae19b24ec9a257d67703b8a048e81,refs/heads/codex/codegraph-controlled-ab-codexb,docs/experiments/codegraph-ab-2026-10/setup/codegraph_mcp_preflight3_terminal.log,8a2d852589984b87e32450f02b4be046c6423375,suncaifeng/DevSopByAi,docs/experiments/codegraph-ab-2026-10/setup/codegraph_mcp_preflight3_terminal.log,KEEP,"Control-plane task contracts, SOP and experiment provenance remain with DevSopByAi."
suncaifeng/DevSopByAi,refs/heads/codex/codegraph-controlled-ab-codexb,48b8db0852eae19b24ec9a257d67703b8a048e81,refs/heads/codex/codegraph-controlled-ab-codexb,docs/experiments/codegraph-ab-2026-10/setup/codegraph_mcp_preflight4.stderr,8efb88b305a995199132aa6aeaf9b9074a44b219,suncaifeng/DevSopByAi,docs/experiments/codegraph-ab-2026-10/setup/codegraph_mcp_preflight4.stderr,KEEP,"Control-plane task contracts, SOP and experiment provenance remain with DevSopByAi."
suncaifeng/DevSopByAi,refs/heads/codex/codegraph-controlled-ab-codexb,48b8db0852eae19b24ec9a257d67703b8a048e81,refs/heads/codex/codegraph-controlled-ab-codexb,docs/experiments/codegraph-ab-2026-10/setup/codegraph_mcp_preflight4_answer.txt,35e3e004bc639a6315b69856b33f008ce15647ad,suncaifeng/DevSopByAi,docs/experiments/codegraph-ab-2026-10/setup/codegraph_mcp_preflight4_answer.txt,KEEP,"Control-plane task contracts, SOP and experiment provenance remain with DevSopByAi."
suncaifeng/DevSopByAi,refs/heads/codex/codegraph-controlled-ab-codexb,48b8db0852eae19b24ec9a257d67703b8a048e81,refs/heads/codex/codegraph-controlled-ab-codexb,docs/experiments/codegraph-ab-2026-10/setup/codegraph_mcp_preflight4_end_utc.txt,4033dbf182691e323d1b5574b15ed2ecfbc03c03,suncaifeng/DevSopByAi,docs/experiments/codegraph-ab-2026-10/setup/codegraph_mcp_preflight4_end_utc.txt,KEEP,"Control-plane task contracts, SOP and experiment provenance remain with DevSopByAi."
suncaifeng/DevSopByAi,refs/heads/codex/codegraph-controlled-ab-codexb,48b8db0852eae19b24ec9a257d67703b8a048e81,refs/heads/codex/codegraph-controlled-ab-codexb,docs/experiments/codegraph-ab-2026-10/setup/codegraph_mcp_preflight4_events.jsonl,849fe1085663c30d6be469932efb5627c0bc65df,suncaifeng/DevSopByAi,docs/experiments/codegraph-ab-2026-10/setup/codegraph_mcp_preflight4_events.jsonl,KEEP,"Control-plane task contracts, SOP and experiment provenance remain with DevSopByAi."
suncaifeng/DevSopByAi,refs/heads/codex/codegraph-controlled-ab-codexb,48b8db0852eae19b24ec9a257d67703b8a048e81,refs/heads/codex/codegraph-controlled-ab-codexb,docs/experiments/codegraph-ab-2026-10/setup/codegraph_mcp_preflight4_start_utc.txt,8467e9b359000870ae9f62475fa6ea3141d03919,suncaifeng/DevSopByAi,docs/experiments/codegraph-ab-2026-10/setup/codegraph_mcp_preflight4_start_utc.txt,KEEP,"Control-plane task contracts, SOP and experiment provenance remain with DevSopByAi."
suncaifeng/DevSopByAi,refs/heads/codex/codegraph-controlled-ab-codexb,48b8db0852eae19b24ec9a257d67703b8a048e81,refs/heads/codex/codegraph-controlled-ab-codexb,docs/experiments/codegraph-ab-2026-10/setup/codegraph_mcp_preflight_answer.txt,654684e63fd55b5c92a300b23a1aca4deae3d657,suncaifeng/DevSopByAi,docs/experiments/codegraph-ab-2026-10/setup/codegraph_mcp_preflight_answer.txt,KEEP,"Control-plane task contracts, SOP and experiment provenance remain with DevSopByAi."
suncaifeng/DevSopByAi,refs/heads/codex/codegraph-controlled-ab-codexb,48b8db0852eae19b24ec9a257d67703b8a048e81,refs/heads/codex/codegraph-controlled-ab-codexb,docs/experiments/codegraph-ab-2026-10/setup/codegraph_mcp_preflight_end_utc.txt,23938f6081d5fa27ad3ac935af60ea5e768302e1,suncaifeng/DevSopByAi,docs/experiments/codegraph-ab-2026-10/setup/codegraph_mcp_preflight_end_utc.txt,KEEP,"Control-plane task contracts, SOP and experiment provenance remain with DevSopByAi."
suncaifeng/DevSopByAi,refs/heads/codex/codegraph-controlled-ab-codexb,48b8db0852eae19b24ec9a257d67703b8a048e81,refs/heads/codex/codegraph-controlled-ab-codexb,docs/experiments/codegraph-ab-2026-10/setup/codegraph_mcp_preflight_events.jsonl,19c67b4fa8e542ab828da5e6b7dbaffa63acaf9a,suncaifeng/DevSopByAi,docs/experiments/codegraph-ab-2026-10/setup/codegraph_mcp_preflight_events.jsonl,KEEP,"Control-plane task contracts, SOP and experiment provenance remain with DevSopByAi."
suncaifeng/DevSopByAi,refs/heads/codex/codegraph-controlled-ab-codexb,48b8db0852eae19b24ec9a257d67703b8a048e81,refs/heads/codex/codegraph-controlled-ab-codexb,docs/experiments/codegraph-ab-2026-10/setup/codegraph_mcp_preflight_start_utc.txt,e1d205699b0be6f7886f2b65290f0e23c17f123b,suncaifeng/DevSopByAi,docs/experiments/codegraph-ab-2026-10/setup/codegraph_mcp_preflight_start_utc.txt,KEEP,"Control-plane task contracts, SOP and experiment provenance remain with DevSopByAi."
suncaifeng/DevSopByAi,refs/heads/codex/codegraph-controlled-ab-codexb,48b8db0852eae19b24ec9a257d67703b8a048e81,refs/heads/codex/codegraph-controlled-ab-codexb,docs/experiments/codegraph-ab-2026-10/setup/codex-preflight/SHA256SUMS,ec20674341d701d55a7ecc72680f0dd6c40f3fc3,suncaifeng/DevSopByAi,docs/experiments/codegraph-ab-2026-10/setup/codex-preflight/SHA256SUMS,KEEP,"Control-plane task contracts, SOP and experiment provenance remain with DevSopByAi."
suncaifeng/DevSopByAi,refs/heads/codex/codegraph-controlled-ab-codexb,48b8db0852eae19b24ec9a257d67703b8a048e81,refs/heads/codex/codegraph-controlled-ab-codexb,docs/experiments/codegraph-ab-2026-10/setup/codex-preflight/child-smoke-events.jsonl,c2d793a16b133a1aab11ab2591085be7a60c741f,suncaifeng/DevSopByAi,docs/experiments/codegraph-ab-2026-10/setup/codex-preflight/child-smoke-events.jsonl,KEEP,"Control-plane task contracts, SOP and experiment provenance remain with DevSopByAi."
suncaifeng/DevSopByAi,refs/heads/codex/codegraph-controlled-ab-codexb,48b8db0852eae19b24ec9a257d67703b8a048e81,refs/heads/codex/codegraph-controlled-ab-codexb,docs/experiments/codegraph-ab-2026-10/setup/codex-preflight/child-smoke.stderr,8efb88b305a995199132aa6aeaf9b9074a44b219,suncaifeng/DevSopByAi,docs/experiments/codegraph-ab-2026-10/setup/codex-preflight/child-smoke.stderr,KEEP,"Control-plane task contracts, SOP and experiment provenance remain with DevSopByAi."
suncaifeng/DevSopByAi,refs/heads/codex/codegraph-controlled-ab-codexb,48b8db0852eae19b24ec9a257d67703b8a048e81,refs/heads/codex/codegraph-controlled-ab-codexb,docs/experiments/codegraph-ab-2026-10/setup/codex-preflight/child-smoke.txt,2cec3516319b0ee1bb245c7f1fb6f212094a887a,suncaifeng/DevSopByAi,docs/experiments/codegraph-ab-2026-10/setup/codex-preflight/child-smoke.txt,KEEP,"Control-plane task contracts, SOP and experiment provenance remain with DevSopByAi."
suncaifeng/DevSopByAi,refs/heads/codex/codegraph-controlled-ab-codexb,48b8db0852eae19b24ec9a257d67703b8a048e81,refs/heads/codex/codegraph-controlled-ab-codexb,docs/experiments/codegraph-ab-2026-10/setup/failure-output-samples.json,0a7ad94af050eed69feb558e20e045a4523aafe2,suncaifeng/DevSopByAi,docs/experiments/codegraph-ab-2026-10/setup/failure-output-samples.json,KEEP,"Control-plane task contracts, SOP and experiment provenance remain with DevSopByAi."
suncaifeng/DevSopByAi,refs/heads/codex/codegraph-controlled-ab-codexb,48b8db0852eae19b24ec9a257d67703b8a048e81,refs/heads/codex/codegraph-controlled-ab-codexb,docs/experiments/codegraph-ab-2026-10/setup/measurement-progress.json,c6572e1760ed2840fa85d12802c3240c05c40142,suncaifeng/DevSopByAi,docs/experiments/codegraph-ab-2026-10/setup/measurement-progress.json,KEEP,"Control-plane task contracts, SOP and experiment provenance remain with DevSopByAi."
suncaifeng/DevSopByAi,refs/heads/codex/codegraph-controlled-ab-codexb,48b8db0852eae19b24ec9a257d67703b8a048e81,refs/heads/codex/codegraph-controlled-ab-codexb,docs/experiments/codegraph-ab-2026-10/setup/postmeasurement_state.json,bc8840b01a1e1c41b6d4370ae849cf9f470b71c8,suncaifeng/DevSopByAi,docs/experiments/codegraph-ab-2026-10/setup/postmeasurement_state.json,KEEP,"Control-plane task contracts, SOP and experiment provenance remain with DevSopByAi."
suncaifeng/DevSopByAi,refs/heads/codex/codegraph-controlled-ab-codexb,48b8db0852eae19b24ec9a257d67703b8a048e81,refs/heads/codex/codegraph-controlled-ab-codexb,docs/experiments/codegraph-ab-2026-10/setup/premeasurement_state.json,85f7ad6789c14b32564eb605e4917ccafec3b2dd,suncaifeng/DevSopByAi,docs/experiments/codegraph-ab-2026-10/setup/premeasurement_state.json,KEEP,"Control-plane task contracts, SOP and experiment provenance remain with DevSopByAi."
suncaifeng/DevSopByAi,refs/heads/codex/codegraph-controlled-ab-codexb,48b8db0852eae19b24ec9a257d67703b8a048e81,refs/heads/codex/codegraph-controlled-ab-codexb,docs/experiments/codegraph-ab-2026-10/validation/CODEGRAPH_FAILURE_CASES.md,46cf5efc50acc4230b4acb6669e9ce06102f63a7,suncaifeng/DevSopByAi,docs/experiments/codegraph-ab-2026-10/validation/CODEGRAPH_FAILURE_CASES.md,KEEP,"Control-plane task contracts, SOP and experiment provenance remain with DevSopByAi."
suncaifeng/DevSopByAi,refs/heads/codex/codegraph-controlled-ab-codexb,48b8db0852eae19b24ec9a257d67703b8a048e81,refs/heads/codex/codegraph-controlled-ab-codexb,docs/experiments/codegraph-ab-2026-10/validation/Q1-validator.json,1c1547204b1251339020140330a0c48eb47cbe30,suncaifeng/DevSopByAi,docs/experiments/codegraph-ab-2026-10/validation/Q1-validator.json,KEEP,"Control-plane task contracts, SOP and experiment provenance remain with DevSopByAi."
suncaifeng/DevSopByAi,refs/heads/codex/codegraph-controlled-ab-codexb,48b8db0852eae19b24ec9a257d67703b8a048e81,refs/heads/codex/codegraph-controlled-ab-codexb,docs/experiments/codegraph-ab-2026-10/validation/Q2-validator.json,d138395096909653d4924e367d94be556c173ef3,suncaifeng/DevSopByAi,docs/experiments/codegraph-ab-2026-10/validation/Q2-validator.json,KEEP,"Control-plane task contracts, SOP and experiment provenance remain with DevSopByAi."
suncaifeng/DevSopByAi,refs/heads/codex/codegraph-controlled-ab-codexb,48b8db0852eae19b24ec9a257d67703b8a048e81,refs/heads/codex/codegraph-controlled-ab-codexb,docs/experiments/codegraph-ab-2026-10/validation/Q3-validator.json,a28226e2e86864ff5ee52117e4863a84abc3de36,suncaifeng/DevSopByAi,docs/experiments/codegraph-ab-2026-10/validation/Q3-validator.json,KEEP,"Control-plane task contracts, SOP and experiment provenance remain with DevSopByAi."
suncaifeng/DevSopByAi,refs/heads/codex/codegraph-controlled-ab-codexb,48b8db0852eae19b24ec9a257d67703b8a048e81,refs/heads/codex/codegraph-controlled-ab-codexb,docs/experiments/codegraph-ab-2026-10/validation/Q4-validator.json,94d56acc66ff8135133c129c11c87d08162b48b3,suncaifeng/DevSopByAi,docs/experiments/codegraph-ab-2026-10/validation/Q4-validator.json,KEEP,"Control-plane task contracts, SOP and experiment provenance remain with DevSopByAi."
suncaifeng/DevSopByAi,refs/heads/codex/codegraph-controlled-ab-codexb,48b8db0852eae19b24ec9a257d67703b8a048e81,refs/heads/codex/codegraph-controlled-ab-codexb,docs/experiments/codegraph-ab-2026-10/validation/ground-truth.md,2f8171b25026c0b8a784a44d67f68dfaf83c4009,suncaifeng/DevSopByAi,docs/experiments/codegraph-ab-2026-10/validation/ground-truth.md,KEEP,"Control-plane task contracts, SOP and experiment provenance remain with DevSopByAi."
suncaifeng/DevSopByAi,refs/heads/codex/codegraph-controlled-ab-codexb,48b8db0852eae19b24ec9a257d67703b8a048e81,refs/heads/codex/codegraph-controlled-ab-codexb,docs/experiments/codegraph-ab-2026-10/validation/inputs/Q1.json,47dd05f04697bbf8176b75bf43bfb4ab80a0858a,suncaifeng/DevSopByAi,docs/experiments/codegraph-ab-2026-10/validation/inputs/Q1.json,KEEP,"Control-plane task contracts, SOP and experiment provenance remain with DevSopByAi."
suncaifeng/DevSopByAi,refs/heads/codex/codegraph-controlled-ab-codexb,48b8db0852eae19b24ec9a257d67703b8a048e81,refs/heads/codex/codegraph-controlled-ab-codexb,docs/experiments/codegraph-ab-2026-10/validation/inputs/Q2.json,b04238d1e939060bef51fe43da6ec29132bd55b1,suncaifeng/DevSopByAi,docs/experiments/codegraph-ab-2026-10/validation/inputs/Q2.json,KEEP,"Control-plane task contracts, SOP and experiment provenance remain with DevSopByAi."
suncaifeng/DevSopByAi,refs/heads/codex/codegraph-controlled-ab-codexb,48b8db0852eae19b24ec9a257d67703b8a048e81,refs/heads/codex/codegraph-controlled-ab-codexb,docs/experiments/codegraph-ab-2026-10/validation/inputs/Q3.json,ae00663ee880c3ba490312344c9e9a7851561d8e,suncaifeng/DevSopByAi,docs/experiments/codegraph-ab-2026-10/validation/inputs/Q3.json,KEEP,"Control-plane task contracts, SOP and experiment provenance remain with DevSopByAi."
suncaifeng/DevSopByAi,refs/heads/codex/codegraph-controlled-ab-codexb,48b8db0852eae19b24ec9a257d67703b8a048e81,refs/heads/codex/codegraph-controlled-ab-codexb,docs/experiments/codegraph-ab-2026-10/validation/inputs/Q4.json,66aa3ae418b9e6df01087dff7a1c47e83ba42604,suncaifeng/DevSopByAi,docs/experiments/codegraph-ab-2026-10/validation/inputs/Q4.json,KEEP,"Control-plane task contracts, SOP and experiment provenance remain with DevSopByAi."
suncaifeng/DevSopByAi,refs/heads/codex/codegraph-controlled-ab-codexb,48b8db0852eae19b24ec9a257d67703b8a048e81,refs/heads/codex/codegraph-controlled-ab-codexb,docs/experiments/codegraph-ab-2026-10/validation/revision-notes.md,e17e5c7c1f3d696756d0f27b6e3229e5cb0fe081,suncaifeng/DevSopByAi,docs/experiments/codegraph-ab-2026-10/validation/revision-notes.md,KEEP,"Control-plane task contracts, SOP and experiment provenance remain with DevSopByAi."
suncaifeng/DevSopByAi,refs/heads/codex/codegraph-controlled-ab-codexb,48b8db0852eae19b24ec9a257d67703b8a048e81,refs/heads/codex/codegraph-controlled-ab-codexb,docs/experiments/codegraph-ab-2026-10/validation/round1/Q1-validator.json,7c8a1c2f0d41a3d22caec29640b0d23868dcdffa,suncaifeng/DevSopByAi,docs/experiments/codegraph-ab-2026-10/validation/round1/Q1-validator.json,KEEP,"Control-plane task contracts, SOP and experiment provenance remain with DevSopByAi."
suncaifeng/DevSopByAi,refs/heads/codex/codegraph-controlled-ab-codexb,48b8db0852eae19b24ec9a257d67703b8a048e81,refs/heads/codex/codegraph-controlled-ab-codexb,docs/experiments/codegraph-ab-2026-10/validation/round1/Q1.json,f507f23ba6afac1ccd10ca524f371ada3e8cf282,suncaifeng/DevSopByAi,docs/experiments/codegraph-ab-2026-10/validation/round1/Q1.json,KEEP,"Control-plane task contracts, SOP and experiment provenance remain with DevSopByAi."
suncaifeng/DevSopByAi,refs/heads/codex/codegraph-controlled-ab-codexb,48b8db0852eae19b24ec9a257d67703b8a048e81,refs/heads/codex/codegraph-controlled-ab-codexb,docs/experiments/codegraph-ab-2026-10/validation/round1/Q2-validator.json,6792763cf26bdf06e16fed5d44867f3e32ae053e,suncaifeng/DevSopByAi,docs/experiments/codegraph-ab-2026-10/validation/round1/Q2-validator.json,KEEP,"Control-plane task contracts, SOP and experiment provenance remain with DevSopByAi."
suncaifeng/DevSopByAi,refs/heads/codex/codegraph-controlled-ab-codexb,48b8db0852eae19b24ec9a257d67703b8a048e81,refs/heads/codex/codegraph-controlled-ab-codexb,docs/experiments/codegraph-ab-2026-10/validation/round1/Q2.json,ac8f1ffcbd3b2c796ee2fc4b609c895e490afbf6,suncaifeng/DevSopByAi,docs/experiments/codegraph-ab-2026-10/validation/round1/Q2.json,KEEP,"Control-plane task contracts, SOP and experiment provenance remain with DevSopByAi."
suncaifeng/DevSopByAi,refs/heads/codex/codegraph-controlled-ab-codexb,48b8db0852eae19b24ec9a257d67703b8a048e81,refs/heads/codex/codegraph-controlled-ab-codexb,docs/experiments/codegraph-ab-2026-10/validation/round1/Q3-validator.json,5414bc17067ea48681eb91db8f62019080c8e41d,suncaifeng/DevSopByAi,docs/experiments/codegraph-ab-2026-10/validation/round1/Q3-validator.json,KEEP,"Control-plane task contracts, SOP and experiment provenance remain with DevSopByAi."
suncaifeng/DevSopByAi,refs/heads/codex/codegraph-controlled-ab-codexb,48b8db0852eae19b24ec9a257d67703b8a048e81,refs/heads/codex/codegraph-controlled-ab-codexb,docs/experiments/codegraph-ab-2026-10/validation/round1/Q3.json,7c160cc56a23cee5044493c97eb74a47ce0f2f91,suncaifeng/DevSopByAi,docs/experiments/codegraph-ab-2026-10/validation/round1/Q3.json,KEEP,"Control-plane task contracts, SOP and experiment provenance remain with DevSopByAi."
suncaifeng/DevSopByAi,refs/heads/codex/codegraph-controlled-ab-codexb,48b8db0852eae19b24ec9a257d67703b8a048e81,refs/heads/codex/codegraph-controlled-ab-codexb,docs/experiments/codegraph-ab-2026-10/validation/round1/Q4-validator.json,d4d2da2ee2a5ef38a324d2b4f731e2ee68e35305,suncaifeng/DevSopByAi,docs/experiments/codegraph-ab-2026-10/validation/round1/Q4-validator.json,KEEP,"Control-plane task contracts, SOP and experiment provenance remain with DevSopByAi."
suncaifeng/DevSopByAi,refs/heads/codex/codegraph-controlled-ab-codexb,48b8db0852eae19b24ec9a257d67703b8a048e81,refs/heads/codex/codegraph-controlled-ab-codexb,docs/experiments/codegraph-ab-2026-10/validation/round1/Q4.json,7e65d7cbea729b0c3ade44185a544da4f40ba12f,suncaifeng/DevSopByAi,docs/experiments/codegraph-ab-2026-10/validation/round1/Q4.json,KEEP,"Control-plane task contracts, SOP and experiment provenance remain with DevSopByAi."
suncaifeng/DevSopByAi,refs/heads/codex/codegraph-controlled-ab-codexb,48b8db0852eae19b24ec9a257d67703b8a048e81,refs/heads/codex/codegraph-controlled-ab-codexb,docs/experiments/codegraph-ab-2026-10/validation/round1/arm-map.json,7f58cf134cc179a189a347934f032271300b521b,suncaifeng/DevSopByAi,docs/experiments/codegraph-ab-2026-10/validation/round1/arm-map.json,KEEP,"Control-plane task contracts, SOP and experiment provenance remain with DevSopByAi."
suncaifeng/DevSopByAi,refs/heads/codex/codegraph-controlled-ab-codexb,48b8db0852eae19b24ec9a257d67703b8a048e81,refs/heads/codex/codegraph-controlled-ab-codexb,docs/experiments/codegraph-ab-2026-10/validation/round1/validator-runs.json,6e0635b8a130a84cb5b29450b47710184e6ffe90,suncaifeng/DevSopByAi,docs/experiments/codegraph-ab-2026-10/validation/round1/validator-runs.json,KEEP,"Control-plane task contracts, SOP and experiment provenance remain with DevSopByAi."
suncaifeng/DevSopByAi,refs/heads/codex/codegraph-controlled-ab-codexb,48b8db0852eae19b24ec9a257d67703b8a048e81,refs/heads/codex/codegraph-controlled-ab-codexb,docs/experiments/codegraph-ab-2026-10/validation/validation.json,8b381376d352671d98c7af979a08352661e9cae4,suncaifeng/DevSopByAi,docs/experiments/codegraph-ab-2026-10/validation/validation.json,KEEP,"Control-plane task contracts, SOP and experiment provenance remain with DevSopByAi."
suncaifeng/DevSopByAi,refs/heads/codex/codegraph-controlled-ab-codexb,48b8db0852eae19b24ec9a257d67703b8a048e81,refs/heads/codex/codegraph-controlled-ab-codexb,docs/experiments/codegraph-ab-2026-10/validation/validator-output-schema.json,5db833cbcf2cac0309a03d3c799d3667d9f3118b,suncaifeng/DevSopByAi,docs/experiments/codegraph-ab-2026-10/validation/validator-output-schema.json,KEEP,"Control-plane task contracts, SOP and experiment provenance remain with DevSopByAi."
suncaifeng/DevSopByAi,refs/heads/codex/codegraph-controlled-ab-codexb,48b8db0852eae19b24ec9a257d67703b8a048e81,refs/heads/codex/codegraph-controlled-ab-codexb,docs/experiments/codegraph-ab-2026-10/validation/validator-prompt-template.md,dcd6b91779340228394d09c169c25e6121631d97,suncaifeng/DevSopByAi,docs/experiments/codegraph-ab-2026-10/validation/validator-prompt-template.md,KEEP,"Control-plane task contracts, SOP and experiment provenance remain with DevSopByAi."
suncaifeng/DevSopByAi,refs/heads/codex/codegraph-controlled-ab-codexb,48b8db0852eae19b24ec9a257d67703b8a048e81,refs/heads/codex/codegraph-controlled-ab-codexb,docs/experiments/codegraph-ab-2026-10/validation/validator-runs.json,09111547dd8e01415f6aa4b9d86c630b85dc77ed,suncaifeng/DevSopByAi,docs/experiments/codegraph-ab-2026-10/validation/validator-runs.json,KEEP,"Control-plane task contracts, SOP and experiment provenance remain with DevSopByAi."
suncaifeng/DevSopByAi,refs/heads/codex/codegraph-controlled-ab-codexb,48b8db0852eae19b24ec9a257d67703b8a048e81,refs/heads/codex/codegraph-controlled-ab-codexb,docs/tasks/DEVSOPBYAI-CODEXB-CODEGRAPH-CONTROLLED-REPO-NAV-AB-2026-10-02.md,4c6940808f517deb9a285951bdbaffdd2201827a,suncaifeng/DevSopByAi,docs/tasks/DEVSOPBYAI-CODEXB-CODEGRAPH-CONTROLLED-REPO-NAV-AB-2026-10-02.md,KEEP,"Control-plane task contracts, SOP and experiment provenance remain with DevSopByAi."
suncaifeng/DevSopByAi,refs/heads/main,e3c609f5cdbe38bca7e17b87359f29817d91237b,refs/heads/codex/codegraph-controlled-ab-codexb;refs/heads/main;refs/heads/tasks/mig-0001-four-repo-legacy-evidence-audit,docs/tasks/DEVSOPBYAI-CODEXC-CODEGRAPH-CONTROLLED-REPO-NAV-AB-2026-10-01.md,7f85614580264bef57734b6526100c94cfcc5e33,suncaifeng/DevSopByAi,docs/tasks/DEVSOPBYAI-CODEXC-CODEGRAPH-CONTROLLED-REPO-NAV-AB-2026-10-01.md,KEEP,"Control-plane task contracts, SOP and experiment provenance remain with DevSopByAi."
suncaifeng/DevSopByAi,refs/heads/tasks/mig-0001-four-repo-legacy-evidence-audit,439e41dfda14ee591895a2de670d445e13cc82bf,refs/heads/tasks/mig-0001-four-repo-legacy-evidence-audit,docs/tasks/MIG-0001-FOUR-REPO-LEGACY-EVIDENCE-AUDIT-2026-10-08.md,337d963d62988c084809c082bca48a47c4faa66a,suncaifeng/DevSopByAi,docs/tasks/MIG-0001-FOUR-REPO-LEGACY-EVIDENCE-AUDIT-2026-10-08.md,KEEP,"Control-plane task contracts, SOP and experiment provenance remain with DevSopByAi."
suncaifeng/DevSopByAi,refs/heads/main,e3c609f5cdbe38bca7e17b87359f29817d91237b,refs/heads/codex/codegraph-controlled-ab-codexb;refs/heads/main;refs/heads/tasks/mig-0001-four-repo-legacy-evidence-audit,main.py,0ca24e42316ae8aba0e7497c7f8b60e2a072d483,suncaifeng/DevSopByAi,main.py,KEEP,Current control-plane implementation or repository metadata; retain source provenance.
suncaifeng/DevSopByAi,refs/heads/main,e3c609f5cdbe38bca7e17b87359f29817d91237b,refs/heads/codex/codegraph-controlled-ab-codexb;refs/heads/main;refs/heads/tasks/mig-0001-four-repo-legacy-evidence-audit,routing_system.py,28a572c09fe45af5c200edbb596f1323699c2538,suncaifeng/DevSopByAi,routing_system.py,KEEP,Current control-plane implementation or repository metadata; retain source provenance.
suncaifeng/comfyui-minimax-h3,refs/heads/main,644d7ff2a7a00e04db94ab347a85ed61488d5a76,refs/heads/codex/codexc-model-asset-acquisition-publish;refs/heads/codex/codexc-pinkcherry-ltx23-q6kv-refresh;refs/heads/codex/h3-ltx-director-console-v2-corrective-delta-01;refs/heads/codex/h3-ltx-director-console-v2-holiday-codeb;refs/heads/codex/h3storyboard-director-console-v2-holiday-codeb;refs/heads/codex/holiday-onecat-native-benchmark-campaign;refs/heads/codex/holiday-relay-supervisor-codec;refs/heads/codex/onecat-native-v150-awq-vlk-quality-c64-corrective-delta;refs/heads/codex/onecat-native-v150-awq-vlk-quality-c64-delta;refs/heads/codex/onecat-native-v150-awq-vlk-recovery;refs/heads/codex/onecat-native-v150-c64-canonical-readiness;refs/heads/codex/onecat-native-v150-preflight;refs/heads/codex/onecat-qwen38-gguf-loader-patch;refs/heads/codex/task2.1-offline-harness;refs/heads/codex/task2.2-canonical-benchmark-input-freeze;refs/heads/codex/task2.3-kvmem-harness-sync;refs/heads/codex/task2.4-prebenchmark-offline-readiness;refs/heads/codex/three-runtime-c64-canonical-transport-remediation;refs/heads/codex/three-runtime-c64-cross-runtime-calibration;refs/heads/codex/three-runtime-c64-quality-gate-policy-corrective-delta;refs/heads/codex/three-runtime-c64-quality-gate-policy-freeze;refs/heads/codex/vm176-v100-power-hbm-thermal-characterization;refs/heads/control/holiday-codea-to-codeb-relay;refs/heads/main,.gitignore,332219e24ba14d3fab4b1007e028633315b0df47,suncaifeng/video-generation,.gitignore,KEEP,H3 repository root documentation/ignore rules.
suncaifeng/comfyui-minimax-h3,refs/heads/main,644d7ff2a7a00e04db94ab347a85ed61488d5a76,refs/heads/codex/codexc-model-asset-acquisition-publish;refs/heads/codex/codexc-pinkcherry-ltx23-q6kv-refresh;refs/heads/codex/h3-ltx-director-console-v2-corrective-delta-01;refs/heads/codex/h3-ltx-director-console-v2-holiday-codeb;refs/heads/codex/h3storyboard-director-console-v2-holiday-codeb;refs/heads/codex/holiday-onecat-native-benchmark-campaign;refs/heads/codex/holiday-relay-supervisor-codec;refs/heads/codex/onecat-native-v150-awq-vlk-quality-c64-corrective-delta;refs/heads/codex/onecat-native-v150-awq-vlk-quality-c64-delta;refs/heads/codex/onecat-native-v150-awq-vlk-recovery;refs/heads/codex/onecat-native-v150-c64-canonical-readiness;refs/heads/codex/onecat-native-v150-preflight;refs/heads/codex/onecat-qwen38-gguf-loader-patch;refs/heads/codex/task2.1-offline-harness;refs/heads/codex/task2.2-canonical-benchmark-input-freeze;refs/heads/codex/task2.3-kvmem-harness-sync;refs/heads/codex/task2.4-prebenchmark-offline-readiness;refs/heads/codex/three-runtime-c64-canonical-transport-remediation;refs/heads/codex/three-runtime-c64-cross-runtime-calibration;refs/heads/codex/three-runtime-c64-quality-gate-policy-corrective-delta;refs/heads/codex/three-runtime-c64-quality-gate-policy-freeze;refs/heads/codex/vm176-v100-power-hbm-thermal-characterization;refs/heads/control/holiday-codea-to-codeb-relay;refs/heads/main,README.md,fabf80847bd3bd4e057fef77e5f034db513f8955,suncaifeng/video-generation,README.md,KEEP,H3 repository root documentation/ignore rules.
suncaifeng/comfyui-minimax-h3,refs/heads/codex/task2.1-offline-harness,7040be99608c62d6306c348e1a980cb8076d5242,refs/heads/codex/task2.1-offline-harness;refs/heads/codex/task2.2-canonical-benchmark-input-freeze,benchmarks/vm176-qwen38/README.md,88d564931eacaefa0434a25970a5bb407ec119ef,suncaifeng/llm-inference,benchmarks/vm176-qwen38/README.md,KEEP,"LLM runtime, policy, tokenizer, benchmark corpus, fixture or engine-specific integration."
suncaifeng/comfyui-minimax-h3,refs/heads/codex/h3-ltx-director-console-v2-corrective-delta-01,3968742392a8967325c4a9a2c3f6c81776e00c02,refs/heads/codex/h3-ltx-director-console-v2-corrective-delta-01;refs/heads/codex/h3-ltx-director-console-v2-holiday-codeb;refs/heads/codex/h3storyboard-director-console-v2-holiday-codeb;refs/heads/codex/holiday-onecat-native-benchmark-campaign;refs/heads/codex/holiday-relay-supervisor-codec;refs/heads/codex/onecat-native-v150-awq-vlk-quality-c64-corrective-delta;refs/heads/codex/onecat-native-v150-awq-vlk-quality-c64-delta;refs/heads/codex/onecat-native-v150-awq-vlk-recovery;refs/heads/codex/onecat-native-v150-c64-canonical-readiness;refs/heads/codex/task2.3-kvmem-harness-sync;refs/heads/codex/task2.4-prebenchmark-offline-readiness;refs/heads/codex/three-runtime-c64-canonical-transport-remediation;refs/heads/codex/three-runtime-c64-cross-runtime-calibration;refs/heads/codex/three-runtime-c64-quality-gate-policy-corrective-delta;refs/heads/codex/three-runtime-c64-quality-gate-policy-freeze;refs/heads/control/holiday-codea-to-codeb-relay,benchmarks/vm176-qwen38/README.md,be8439a6f2dc5a3b3639df027530f56b720381a1,suncaifeng/llm-inference,benchmarks/vm176-qwen38/README.md,KEEP,"LLM runtime, policy, tokenizer, benchmark corpus, fixture or engine-specific integration."
suncaifeng/comfyui-minimax-h3,refs/heads/codex/h3-ltx-director-console-v2-corrective-delta-01,3968742392a8967325c4a9a2c3f6c81776e00c02,refs/heads/codex/h3-ltx-director-console-v2-corrective-delta-01;refs/heads/codex/h3-ltx-director-console-v2-holiday-codeb;refs/heads/codex/h3storyboard-director-console-v2-holiday-codeb;refs/heads/codex/holiday-onecat-native-benchmark-campaign;refs/heads/codex/holiday-relay-supervisor-codec;refs/heads/codex/onecat-native-v150-awq-vlk-quality-c64-corrective-delta;refs/heads/codex/onecat-native-v150-awq-vlk-quality-c64-delta;refs/heads/codex/onecat-native-v150-awq-vlk-recovery;refs/heads/codex/onecat-native-v150-c64-canonical-readiness;refs/heads/codex/task2.1-offline-harness;refs/heads/codex/task2.2-canonical-benchmark-input-freeze;refs/heads/codex/task2.3-kvmem-harness-sync;refs/heads/codex/task2.4-prebenchmark-offline-readiness;refs/heads/codex/three-runtime-c64-canonical-transport-remediation;refs/heads/codex/three-runtime-c64-cross-runtime-calibration;refs/heads/codex/three-runtime-c64-quality-gate-policy-corrective-delta;refs/heads/codex/three-runtime-c64-quality-gate-policy-freeze;refs/heads/control/holiday-codea-to-codeb-relay,benchmarks/vm176-qwen38/adapters/__init__.py,07710e2c10f535ed2ae541187dd8fc48a65ef05a,suncaifeng/llm-inference,benchmarks/vm176-qwen38/adapters/__init__.py,KEEP,"LLM runtime, policy, tokenizer, benchmark corpus, fixture or engine-specific integration."
suncaifeng/comfyui-minimax-h3,refs/heads/codex/task2.1-offline-harness,7040be99608c62d6306c348e1a980cb8076d5242,refs/heads/codex/task2.1-offline-harness;refs/heads/codex/task2.2-canonical-benchmark-input-freeze,benchmarks/vm176-qwen38/adapters/base.py,e414bb8a4d33913a987e1369b19db643ce5e91be,suncaifeng/llm-inference,benchmarks/vm176-qwen38/adapters/base.py,KEEP,"LLM runtime, policy, tokenizer, benchmark corpus, fixture or engine-specific integration."
suncaifeng/comfyui-minimax-h3,refs/heads/codex/h3-ltx-director-console-v2-corrective-delta-01,3968742392a8967325c4a9a2c3f6c81776e00c02,refs/heads/codex/h3-ltx-director-console-v2-corrective-delta-01;refs/heads/codex/h3-ltx-director-console-v2-holiday-codeb;refs/heads/codex/h3storyboard-director-console-v2-holiday-codeb;refs/heads/codex/holiday-onecat-native-benchmark-campaign;refs/heads/codex/holiday-relay-supervisor-codec;refs/heads/codex/onecat-native-v150-awq-vlk-quality-c64-corrective-delta;refs/heads/codex/onecat-native-v150-awq-vlk-quality-c64-delta;refs/heads/codex/onecat-native-v150-awq-vlk-recovery;refs/heads/codex/onecat-native-v150-c64-canonical-readiness;refs/heads/codex/task2.3-kvmem-harness-sync;refs/heads/codex/task2.4-prebenchmark-offline-readiness;refs/heads/codex/three-runtime-c64-canonical-transport-remediation;refs/heads/codex/three-runtime-c64-cross-runtime-calibration;refs/heads/codex/three-runtime-c64-quality-gate-policy-corrective-delta;refs/heads/codex/three-runtime-c64-quality-gate-policy-freeze;refs/heads/control/holiday-codea-to-codeb-relay,benchmarks/vm176-qwen38/adapters/base.py,fa092bbd0a71624719e93c6f2b100920e9fd11d2,suncaifeng/llm-inference,benchmarks/vm176-qwen38/adapters/base.py,KEEP,"LLM runtime, policy, tokenizer, benchmark corpus, fixture or engine-specific integration."
suncaifeng/comfyui-minimax-h3,refs/heads/codex/h3-ltx-director-console-v2-corrective-delta-01,3968742392a8967325c4a9a2c3f6c81776e00c02,refs/heads/codex/h3-ltx-director-console-v2-corrective-delta-01;refs/heads/codex/h3-ltx-director-console-v2-holiday-codeb;refs/heads/codex/h3storyboard-director-console-v2-holiday-codeb;refs/heads/codex/holiday-onecat-native-benchmark-campaign;refs/heads/codex/holiday-relay-supervisor-codec;refs/heads/codex/onecat-native-v150-awq-vlk-quality-c64-corrective-delta;refs/heads/codex/onecat-native-v150-awq-vlk-quality-c64-delta;refs/heads/codex/onecat-native-v150-awq-vlk-recovery;refs/heads/codex/onecat-native-v150-c64-canonical-readiness;refs/heads/codex/task2.3-kvmem-harness-sync;refs/heads/codex/task2.4-prebenchmark-offline-readiness;refs/heads/codex/three-runtime-c64-canonical-transport-remediation;refs/heads/codex/three-runtime-c64-cross-runtime-calibration;refs/heads/codex/three-runtime-c64-quality-gate-policy-corrective-delta;refs/heads/codex/three-runtime-c64-quality-gate-policy-freeze;refs/heads/control/holiday-codea-to-codeb-relay,benchmarks/vm176-qwen38/adapters/llama_cpp.py,ac74a1f49bc680f97152a471c88052f8fcdf98e6,suncaifeng/llm-inference,benchmarks/vm176-qwen38/adapters/llama_cpp.py,KEEP,"LLM runtime, policy, tokenizer, benchmark corpus, fixture or engine-specific integration."
suncaifeng/comfyui-minimax-h3,refs/heads/codex/task2.1-offline-harness,7040be99608c62d6306c348e1a980cb8076d5242,refs/heads/codex/task2.1-offline-harness;refs/heads/codex/task2.2-canonical-benchmark-input-freeze,benchmarks/vm176-qwen38/adapters/llama_cpp.py,fa4c405344d2640de8225b5e1513561512a07436,suncaifeng/llm-inference,benchmarks/vm176-qwen38/adapters/llama_cpp.py,KEEP,"LLM runtime, policy, tokenizer, benchmark corpus, fixture or engine-specific integration."
suncaifeng/comfyui-minimax-h3,refs/heads/codex/h3-ltx-director-console-v2-corrective-delta-01,3968742392a8967325c4a9a2c3f6c81776e00c02,refs/heads/codex/h3-ltx-director-console-v2-corrective-delta-01;refs/heads/codex/h3-ltx-director-console-v2-holiday-codeb;refs/heads/codex/h3storyboard-director-console-v2-holiday-codeb;refs/heads/codex/holiday-onecat-native-benchmark-campaign;refs/heads/codex/holiday-relay-supervisor-codec;refs/heads/codex/onecat-native-v150-awq-vlk-quality-c64-corrective-delta;refs/heads/codex/onecat-native-v150-awq-vlk-quality-c64-delta;refs/heads/codex/onecat-native-v150-awq-vlk-recovery;refs/heads/codex/onecat-native-v150-c64-canonical-readiness;refs/heads/codex/task2.1-offline-harness;refs/heads/codex/task2.2-canonical-benchmark-input-freeze;refs/heads/codex/task2.3-kvmem-harness-sync;refs/heads/codex/task2.4-prebenchmark-offline-readiness;refs/heads/codex/three-runtime-c64-canonical-transport-remediation;refs/heads/codex/three-runtime-c64-cross-runtime-calibration;refs/heads/codex/three-runtime-c64-quality-gate-policy-corrective-delta;refs/heads/codex/three-runtime-c64-quality-gate-policy-freeze;refs/heads/control/holiday-codea-to-codeb-relay,benchmarks/vm176-qwen38/adapters/ninfer.py,c50735594f99694e3ea084d40a408740b71d72ed,suncaifeng/llm-inference,benchmarks/vm176-qwen38/adapters/ninfer.py,KEEP,"LLM runtime, policy, tokenizer, benchmark corpus, fixture or engine-specific integration."
suncaifeng/comfyui-minimax-h3,refs/heads/codex/h3-ltx-director-console-v2-corrective-delta-01,3968742392a8967325c4a9a2c3f6c81776e00c02,refs/heads/codex/h3-ltx-director-console-v2-corrective-delta-01;refs/heads/codex/h3-ltx-director-console-v2-holiday-codeb;refs/heads/codex/h3storyboard-director-console-v2-holiday-codeb;refs/heads/codex/holiday-onecat-native-benchmark-campaign;refs/heads/codex/holiday-relay-supervisor-codec;refs/heads/codex/onecat-native-v150-awq-vlk-quality-c64-corrective-delta;refs/heads/codex/onecat-native-v150-awq-vlk-quality-c64-delta;refs/heads/codex/onecat-native-v150-awq-vlk-recovery;refs/heads/codex/onecat-native-v150-c64-canonical-readiness;refs/heads/codex/task2.1-offline-harness;refs/heads/codex/task2.2-canonical-benchmark-input-freeze;refs/heads/codex/task2.3-kvmem-harness-sync;refs/heads/codex/task2.4-prebenchmark-offline-readiness;refs/heads/codex/three-runtime-c64-canonical-transport-remediation;refs/heads/codex/three-runtime-c64-cross-runtime-calibration;refs/heads/codex/three-runtime-c64-quality-gate-policy-corrective-delta;refs/heads/codex/three-runtime-c64-quality-gate-policy-freeze;refs/heads/control/holiday-codea-to-codeb-relay,benchmarks/vm176-qwen38/adapters/onecat_vllm.py,0649ce51754a9cc5e8bce61e28c461f60e10c670,suncaifeng/llm-inference,benchmarks/vm176-qwen38/adapters/onecat_vllm.py,KEEP,"LLM runtime, policy, tokenizer, benchmark corpus, fixture or engine-specific integration."
suncaifeng/comfyui-minimax-h3,refs/heads/codex/three-runtime-c64-canonical-transport-remediation,ffc5c7418c3cd62bb0ae24ee8b5172893970a382,refs/heads/codex/three-runtime-c64-canonical-transport-remediation,benchmarks/vm176-qwen38/calibration/c64-canonical-transport-remediation-v1/llama-transport-proof.json,977cbf77840f0946d631b274c5bd5402c5c41c98,suncaifeng/llm-inference,benchmarks/vm176-qwen38/calibration/c64-canonical-transport-remediation-v1/llama-transport-proof.json,KEEP,"LLM runtime, policy, tokenizer, benchmark corpus, fixture or engine-specific integration."
suncaifeng/comfyui-minimax-h3,refs/heads/codex/three-runtime-c64-canonical-transport-remediation,ffc5c7418c3cd62bb0ae24ee8b5172893970a382,refs/heads/codex/three-runtime-c64-canonical-transport-remediation,benchmarks/vm176-qwen38/calibration/c64-canonical-transport-remediation-v1/manifest.json,f90df6a03ec1147b100257a24370800dfe1ad77b,suncaifeng/llm-inference,benchmarks/vm176-qwen38/calibration/c64-canonical-transport-remediation-v1/manifest.json,KEEP,"LLM runtime, policy, tokenizer, benchmark corpus, fixture or engine-specific integration."
suncaifeng/comfyui-minimax-h3,refs/heads/codex/three-runtime-c64-canonical-transport-remediation,ffc5c7418c3cd62bb0ae24ee8b5172893970a382,refs/heads/codex/three-runtime-c64-canonical-transport-remediation,benchmarks/vm176-qwen38/calibration/c64-canonical-transport-remediation-v1/ninfer-transport-proof.json,657c3fb12ed84e638e4c233a04e2ce7742beee3d,suncaifeng/llm-inference,benchmarks/vm176-qwen38/calibration/c64-canonical-transport-remediation-v1/ninfer-transport-proof.json,KEEP,"LLM runtime, policy, tokenizer, benchmark corpus, fixture or engine-specific integration."
suncaifeng/comfyui-minimax-h3,refs/heads/codex/three-runtime-c64-canonical-transport-remediation,ffc5c7418c3cd62bb0ae24ee8b5172893970a382,refs/heads/codex/three-runtime-c64-canonical-transport-remediation,benchmarks/vm176-qwen38/calibration/c64-canonical-transport-remediation-v1/parent-closeout.json,c660c793e1e08b6b7c26bb1a2232deb9013541eb,suncaifeng/llm-inference,benchmarks/vm176-qwen38/calibration/c64-canonical-transport-remediation-v1/parent-closeout.json,KEEP,"LLM runtime, policy, tokenizer, benchmark corpus, fixture or engine-specific integration."
suncaifeng/comfyui-minimax-h3,refs/heads/codex/h3-ltx-director-console-v2-corrective-delta-01,3968742392a8967325c4a9a2c3f6c81776e00c02,refs/heads/codex/h3-ltx-director-console-v2-corrective-delta-01;refs/heads/codex/h3-ltx-director-console-v2-holiday-codeb;refs/heads/codex/h3storyboard-director-console-v2-holiday-codeb;refs/heads/codex/holiday-relay-supervisor-codec;refs/heads/codex/three-runtime-c64-canonical-transport-remediation;refs/heads/codex/three-runtime-c64-cross-runtime-calibration;refs/heads/control/holiday-codea-to-codeb-relay,benchmarks/vm176-qwen38/calibration/c64-cross-runtime-v1/calibration-summary.json,d320f75afe21d864a6471197df8faa035ddb87e7,suncaifeng/llm-inference,benchmarks/vm176-qwen38/calibration/c64-cross-runtime-v1/calibration-summary.json,KEEP,"LLM runtime, policy, tokenizer, benchmark corpus, fixture or engine-specific integration."
suncaifeng/comfyui-minimax-h3,refs/heads/codex/h3-ltx-director-console-v2-corrective-delta-01,3968742392a8967325c4a9a2c3f6c81776e00c02,refs/heads/codex/h3-ltx-director-console-v2-corrective-delta-01;refs/heads/codex/h3-ltx-director-console-v2-holiday-codeb;refs/heads/codex/h3storyboard-director-console-v2-holiday-codeb;refs/heads/codex/holiday-relay-supervisor-codec;refs/heads/codex/three-runtime-c64-canonical-transport-remediation;refs/heads/codex/three-runtime-c64-cross-runtime-calibration;refs/heads/control/holiday-codea-to-codeb-relay,benchmarks/vm176-qwen38/calibration/c64-cross-runtime-v1/llama-c64.json,16bd449b70066d6af0c14fc14d41426017a9dad6,suncaifeng/llm-inference,benchmarks/vm176-qwen38/calibration/c64-cross-runtime-v1/llama-c64.json,KEEP,"LLM runtime, policy, tokenizer, benchmark corpus, fixture or engine-specific integration."
suncaifeng/comfyui-minimax-h3,refs/heads/codex/h3-ltx-director-console-v2-corrective-delta-01,3968742392a8967325c4a9a2c3f6c81776e00c02,refs/heads/codex/h3-ltx-director-console-v2-corrective-delta-01;refs/heads/codex/h3-ltx-director-console-v2-holiday-codeb;refs/heads/codex/h3storyboard-director-console-v2-holiday-codeb;refs/heads/codex/holiday-relay-supervisor-codec;refs/heads/codex/three-runtime-c64-canonical-transport-remediation;refs/heads/codex/three-runtime-c64-cross-runtime-calibration;refs/heads/control/holiday-codea-to-codeb-relay,benchmarks/vm176-qwen38/calibration/c64-cross-runtime-v1/manifest.json,9558e7ab31647869062094f7e74bc1dc614a26b0,suncaifeng/llm-inference,benchmarks/vm176-qwen38/calibration/c64-cross-runtime-v1/manifest.json,KEEP,"LLM runtime, policy, tokenizer, benchmark corpus, fixture or engine-specific integration."
suncaifeng/comfyui-minimax-h3,refs/heads/codex/h3-ltx-director-console-v2-corrective-delta-01,3968742392a8967325c4a9a2c3f6c81776e00c02,refs/heads/codex/h3-ltx-director-console-v2-corrective-delta-01;refs/heads/codex/h3-ltx-director-console-v2-holiday-codeb;refs/heads/codex/h3storyboard-director-console-v2-holiday-codeb;refs/heads/codex/holiday-relay-supervisor-codec;refs/heads/codex/three-runtime-c64-canonical-transport-remediation;refs/heads/codex/three-runtime-c64-cross-runtime-calibration;refs/heads/control/holiday-codea-to-codeb-relay,benchmarks/vm176-qwen38/calibration/c64-cross-runtime-v1/ninfer-c64.json,cc9b6f96e2ac4c7e1503b7f2affeb099e5b38102,suncaifeng/llm-inference,benchmarks/vm176-qwen38/calibration/c64-cross-runtime-v1/ninfer-c64.json,KEEP,"LLM runtime, policy, tokenizer, benchmark corpus, fixture or engine-specific integration."
suncaifeng/comfyui-minimax-h3,refs/heads/codex/h3-ltx-director-console-v2-corrective-delta-01,3968742392a8967325c4a9a2c3f6c81776e00c02,refs/heads/codex/h3-ltx-director-console-v2-corrective-delta-01;refs/heads/codex/h3-ltx-director-console-v2-holiday-codeb;refs/heads/codex/h3storyboard-director-console-v2-holiday-codeb;refs/heads/codex/holiday-relay-supervisor-codec;refs/heads/codex/three-runtime-c64-canonical-transport-remediation;refs/heads/codex/three-runtime-c64-cross-runtime-calibration;refs/heads/control/holiday-codea-to-codeb-relay,benchmarks/vm176-qwen38/calibration/c64-cross-runtime-v1/onecat-adopted.json,c18e223e01607d57ec800323ac377cf18cb66b60,suncaifeng/llm-inference,benchmarks/vm176-qwen38/calibration/c64-cross-runtime-v1/onecat-adopted.json,KEEP,"LLM runtime, policy, tokenizer, benchmark corpus, fixture or engine-specific integration."
suncaifeng/comfyui-minimax-h3,refs/heads/codex/h3-ltx-director-console-v2-corrective-delta-01,3968742392a8967325c4a9a2c3f6c81776e00c02,refs/heads/codex/h3-ltx-director-console-v2-corrective-delta-01;refs/heads/codex/h3-ltx-director-console-v2-holiday-codeb;refs/heads/codex/h3storyboard-director-console-v2-holiday-codeb;refs/heads/codex/holiday-onecat-native-benchmark-campaign;refs/heads/codex/holiday-relay-supervisor-codec;refs/heads/codex/onecat-native-v150-awq-vlk-quality-c64-corrective-delta;refs/heads/codex/onecat-native-v150-awq-vlk-quality-c64-delta;refs/heads/codex/onecat-native-v150-awq-vlk-recovery;refs/heads/codex/onecat-native-v150-c64-canonical-readiness;refs/heads/codex/task2.2-canonical-benchmark-input-freeze;refs/heads/codex/task2.3-kvmem-harness-sync;refs/heads/codex/task2.4-prebenchmark-offline-readiness;refs/heads/codex/three-runtime-c64-canonical-transport-remediation;refs/heads/codex/three-runtime-c64-cross-runtime-calibration;refs/heads/codex/three-runtime-c64-quality-gate-policy-corrective-delta;refs/heads/codex/three-runtime-c64-quality-gate-policy-freeze;refs/heads/control/holiday-codea-to-codeb-relay,benchmarks/vm176-qwen38/canonical-input-manifest.json,1619681ad46277947d56be9cc44af16d73f82ab6,suncaifeng/llm-inference,benchmarks/vm176-qwen38/canonical-input-manifest.json,KEEP,"LLM runtime, policy, tokenizer, benchmark corpus, fixture or engine-specific integration."
suncaifeng/comfyui-minimax-h3,refs/heads/codex/task2.1-offline-harness,7040be99608c62d6306c348e1a980cb8076d5242,refs/heads/codex/task2.1-offline-harness,benchmarks/vm176-qwen38/context-manifest.json,04c2faad2719bacbbbcf4683d93cac90707471e4,suncaifeng/llm-inference,benchmarks/vm176-qwen38/context-manifest.json,KEEP,"LLM runtime, policy, tokenizer, benchmark corpus, fixture or engine-specific integration."
suncaifeng/comfyui-minimax-h3,refs/heads/codex/h3-ltx-director-console-v2-corrective-delta-01,3968742392a8967325c4a9a2c3f6c81776e00c02,refs/heads/codex/h3-ltx-director-console-v2-corrective-delta-01;refs/heads/codex/h3-ltx-director-console-v2-holiday-codeb;refs/heads/codex/h3storyboard-director-console-v2-holiday-codeb;refs/heads/codex/holiday-onecat-native-benchmark-campaign;refs/heads/codex/holiday-relay-supervisor-codec;refs/heads/codex/onecat-native-v150-awq-vlk-quality-c64-corrective-delta;refs/heads/codex/onecat-native-v150-awq-vlk-quality-c64-delta;refs/heads/codex/onecat-native-v150-awq-vlk-recovery;refs/heads/codex/onecat-native-v150-c64-canonical-readiness;refs/heads/codex/task2.2-canonical-benchmark-input-freeze;refs/heads/codex/task2.3-kvmem-harness-sync;refs/heads/codex/task2.4-prebenchmark-offline-readiness;refs/heads/codex/three-runtime-c64-canonical-transport-remediation;refs/heads/codex/three-runtime-c64-cross-runtime-calibration;refs/heads/codex/three-runtime-c64-quality-gate-policy-corrective-delta;refs/heads/codex/three-runtime-c64-quality-gate-policy-freeze;refs/heads/control/holiday-codea-to-codeb-relay,benchmarks/vm176-qwen38/context-manifest.json,a16b1363405b01e6afd51376841ccd2d33bf43a6,suncaifeng/llm-inference,benchmarks/vm176-qwen38/context-manifest.json,KEEP,"LLM runtime, policy, tokenizer, benchmark corpus, fixture or engine-specific integration."
suncaifeng/comfyui-minimax-h3,refs/heads/codex/h3-ltx-director-console-v2-corrective-delta-01,3968742392a8967325c4a9a2c3f6c81776e00c02,refs/heads/codex/h3-ltx-director-console-v2-corrective-delta-01;refs/heads/codex/h3-ltx-director-console-v2-holiday-codeb;refs/heads/codex/h3storyboard-director-console-v2-holiday-codeb;refs/heads/codex/holiday-onecat-native-benchmark-campaign;refs/heads/codex/holiday-relay-supervisor-codec;refs/heads/codex/onecat-native-v150-awq-vlk-quality-c64-corrective-delta;refs/heads/codex/onecat-native-v150-awq-vlk-quality-c64-delta;refs/heads/codex/onecat-native-v150-awq-vlk-recovery;refs/heads/codex/onecat-native-v150-c64-canonical-readiness;refs/heads/codex/task2.1-offline-harness;refs/heads/codex/task2.2-canonical-benchmark-input-freeze;refs/heads/codex/task2.3-kvmem-harness-sync;refs/heads/codex/task2.4-prebenchmark-offline-readiness;refs/heads/codex/three-runtime-c64-canonical-transport-remediation;refs/heads/codex/three-runtime-c64-cross-runtime-calibration;refs/heads/codex/three-runtime-c64-quality-gate-policy-corrective-delta;refs/heads/codex/three-runtime-c64-quality-gate-policy-freeze;refs/heads/control/holiday-codea-to-codeb-relay,benchmarks/vm176-qwen38/corpus/agent/cases.json,135ac141d9a6e0f702dd4e5d801b741d61235218,suncaifeng/llm-inference,benchmarks/vm176-qwen38/corpus/agent/cases.json,KEEP,"LLM runtime, policy, tokenizer, benchmark corpus, fixture or engine-specific integration."
suncaifeng/comfyui-minimax-h3,refs/heads/codex/h3-ltx-director-console-v2-corrective-delta-01,3968742392a8967325c4a9a2c3f6c81776e00c02,refs/heads/codex/h3-ltx-director-console-v2-corrective-delta-01;refs/heads/codex/h3-ltx-director-console-v2-holiday-codeb;refs/heads/codex/h3storyboard-director-console-v2-holiday-codeb;refs/heads/codex/holiday-onecat-native-benchmark-campaign;refs/heads/codex/holiday-relay-supervisor-codec;refs/heads/codex/onecat-native-v150-awq-vlk-quality-c64-corrective-delta;refs/heads/codex/onecat-native-v150-awq-vlk-quality-c64-delta;refs/heads/codex/onecat-native-v150-awq-vlk-recovery;refs/heads/codex/onecat-native-v150-c64-canonical-readiness;refs/heads/codex/task2.1-offline-harness;refs/heads/codex/task2.2-canonical-benchmark-input-freeze;refs/heads/codex/task2.3-kvmem-harness-sync;refs/heads/codex/task2.4-prebenchmark-offline-readiness;refs/heads/codex/three-runtime-c64-canonical-transport-remediation;refs/heads/codex/three-runtime-c64-cross-runtime-calibration;refs/heads/codex/three-runtime-c64-quality-gate-policy-corrective-delta;refs/heads/codex/three-runtime-c64-quality-gate-policy-freeze;refs/heads/control/holiday-codea-to-codeb-relay,benchmarks/vm176-qwen38/corpus/coding/cases.json,6f8b3ca2046fb0e37f808f406694ca0552e1e056,suncaifeng/llm-inference,benchmarks/vm176-qwen38/corpus/coding/cases.json,KEEP,"LLM runtime, policy, tokenizer, benchmark corpus, fixture or engine-specific integration."
suncaifeng/comfyui-minimax-h3,refs/heads/codex/h3-ltx-director-console-v2-corrective-delta-01,3968742392a8967325c4a9a2c3f6c81776e00c02,refs/heads/codex/h3-ltx-director-console-v2-corrective-delta-01;refs/heads/codex/h3-ltx-director-console-v2-holiday-codeb;refs/heads/codex/h3storyboard-director-console-v2-holiday-codeb;refs/heads/codex/holiday-onecat-native-benchmark-campaign;refs/heads/codex/holiday-relay-supervisor-codec;refs/heads/codex/onecat-native-v150-awq-vlk-quality-c64-corrective-delta;refs/heads/codex/onecat-native-v150-awq-vlk-quality-c64-delta;refs/heads/codex/onecat-native-v150-awq-vlk-recovery;refs/heads/codex/onecat-native-v150-c64-canonical-readiness;refs/heads/codex/task2.1-offline-harness;refs/heads/codex/task2.2-canonical-benchmark-input-freeze;refs/heads/codex/task2.3-kvmem-harness-sync;refs/heads/codex/task2.4-prebenchmark-offline-readiness;refs/heads/codex/three-runtime-c64-canonical-transport-remediation;refs/heads/codex/three-runtime-c64-cross-runtime-calibration;refs/heads/codex/three-runtime-c64-quality-gate-policy-corrective-delta;refs/heads/codex/three-runtime-c64-quality-gate-policy-freeze;refs/heads/control/holiday-codea-to-codeb-relay,benchmarks/vm176-qwen38/corpus/long_context/generator.py,ad18de22a8bae531a2ade6bf6c94227b3645341d,suncaifeng/llm-inference,benchmarks/vm176-qwen38/corpus/long_context/generator.py,KEEP,"LLM runtime, policy, tokenizer, benchmark corpus, fixture or engine-specific integration."
suncaifeng/comfyui-minimax-h3,refs/heads/codex/h3-ltx-director-console-v2-corrective-delta-01,3968742392a8967325c4a9a2c3f6c81776e00c02,refs/heads/codex/h3-ltx-director-console-v2-corrective-delta-01;refs/heads/codex/h3-ltx-director-console-v2-holiday-codeb;refs/heads/codex/h3storyboard-director-console-v2-holiday-codeb;refs/heads/codex/holiday-onecat-native-benchmark-campaign;refs/heads/codex/holiday-relay-supervisor-codec;refs/heads/codex/onecat-native-v150-awq-vlk-quality-c64-corrective-delta;refs/heads/codex/onecat-native-v150-awq-vlk-quality-c64-delta;refs/heads/codex/onecat-native-v150-awq-vlk-recovery;refs/heads/codex/onecat-native-v150-c64-canonical-readiness;refs/heads/codex/task2.2-canonical-benchmark-input-freeze;refs/heads/codex/task2.3-kvmem-harness-sync;refs/heads/codex/task2.4-prebenchmark-offline-readiness;refs/heads/codex/three-runtime-c64-canonical-transport-remediation;refs/heads/codex/three-runtime-c64-cross-runtime-calibration;refs/heads/codex/three-runtime-c64-quality-gate-policy-corrective-delta;refs/heads/codex/three-runtime-c64-quality-gate-policy-freeze;refs/heads/control/holiday-codea-to-codeb-relay,benchmarks/vm176-qwen38/corpus/long_context/materialize.py,7e40cc0b4def814fa99ae2edba7a8a1fbbe56d53,suncaifeng/llm-inference,benchmarks/vm176-qwen38/corpus/long_context/materialize.py,KEEP,"LLM runtime, policy, tokenizer, benchmark corpus, fixture or engine-specific integration."
suncaifeng/comfyui-minimax-h3,refs/heads/codex/h3-ltx-director-console-v2-corrective-delta-01,3968742392a8967325c4a9a2c3f6c81776e00c02,refs/heads/codex/h3-ltx-director-console-v2-corrective-delta-01;refs/heads/codex/h3-ltx-director-console-v2-holiday-codeb;refs/heads/codex/h3storyboard-director-console-v2-holiday-codeb;refs/heads/codex/holiday-onecat-native-benchmark-campaign;refs/heads/codex/holiday-relay-supervisor-codec;refs/heads/codex/onecat-native-v150-awq-vlk-quality-c64-corrective-delta;refs/heads/codex/onecat-native-v150-awq-vlk-quality-c64-delta;refs/heads/codex/onecat-native-v150-awq-vlk-recovery;refs/heads/codex/onecat-native-v150-c64-canonical-readiness;refs/heads/codex/task2.1-offline-harness;refs/heads/codex/task2.2-canonical-benchmark-input-freeze;refs/heads/codex/task2.3-kvmem-harness-sync;refs/heads/codex/task2.4-prebenchmark-offline-readiness;refs/heads/codex/three-runtime-c64-canonical-transport-remediation;refs/heads/codex/three-runtime-c64-cross-runtime-calibration;refs/heads/codex/three-runtime-c64-quality-gate-policy-corrective-delta;refs/heads/codex/three-runtime-c64-quality-gate-policy-freeze;refs/heads/control/holiday-codea-to-codeb-relay,benchmarks/vm176-qwen38/corpus/tool_call/cases.json,1b30ee76e09af99dcb1211da08799010f054531d,suncaifeng/llm-inference,benchmarks/vm176-qwen38/corpus/tool_call/cases.json,KEEP,"LLM runtime, policy, tokenizer, benchmark corpus, fixture or engine-specific integration."
suncaifeng/comfyui-minimax-h3,refs/heads/codex/h3-ltx-director-console-v2-corrective-delta-01,3968742392a8967325c4a9a2c3f6c81776e00c02,refs/heads/codex/h3-ltx-director-console-v2-corrective-delta-01;refs/heads/codex/h3-ltx-director-console-v2-holiday-codeb;refs/heads/codex/h3storyboard-director-console-v2-holiday-codeb;refs/heads/codex/holiday-onecat-native-benchmark-campaign;refs/heads/codex/holiday-relay-supervisor-codec;refs/heads/codex/onecat-native-v150-awq-vlk-quality-c64-corrective-delta;refs/heads/codex/onecat-native-v150-awq-vlk-quality-c64-delta;refs/heads/codex/onecat-native-v150-awq-vlk-recovery;refs/heads/codex/onecat-native-v150-c64-canonical-readiness;refs/heads/codex/task2.1-offline-harness;refs/heads/codex/task2.2-canonical-benchmark-input-freeze;refs/heads/codex/task2.3-kvmem-harness-sync;refs/heads/codex/task2.4-prebenchmark-offline-readiness;refs/heads/codex/three-runtime-c64-canonical-transport-remediation;refs/heads/codex/three-runtime-c64-cross-runtime-calibration;refs/heads/codex/three-runtime-c64-quality-gate-policy-corrective-delta;refs/heads/codex/three-runtime-c64-quality-gate-policy-freeze;refs/heads/control/holiday-codea-to-codeb-relay,benchmarks/vm176-qwen38/fixtures/adapter-identity.json,9cf8201a5d0285a379523a7a6e9b2a053bab5ddc,suncaifeng/llm-inference,benchmarks/vm176-qwen38/fixtures/adapter-identity.json,KEEP,"LLM runtime, policy, tokenizer, benchmark corpus, fixture or engine-specific integration."
suncaifeng/comfyui-minimax-h3,refs/heads/codex/h3-ltx-director-console-v2-corrective-delta-01,3968742392a8967325c4a9a2c3f6c81776e00c02,refs/heads/codex/h3-ltx-director-console-v2-corrective-delta-01;refs/heads/codex/h3-ltx-director-console-v2-holiday-codeb;refs/heads/codex/h3storyboard-director-console-v2-holiday-codeb;refs/heads/codex/holiday-onecat-native-benchmark-campaign;refs/heads/codex/holiday-relay-supervisor-codec;refs/heads/codex/onecat-native-v150-awq-vlk-quality-c64-corrective-delta;refs/heads/codex/onecat-native-v150-awq-vlk-quality-c64-delta;refs/heads/codex/onecat-native-v150-awq-vlk-recovery;refs/heads/codex/onecat-native-v150-c64-canonical-readiness;refs/heads/codex/task2.3-kvmem-harness-sync;refs/heads/codex/task2.4-prebenchmark-offline-readiness;refs/heads/codex/three-runtime-c64-canonical-transport-remediation;refs/heads/codex/three-runtime-c64-cross-runtime-calibration;refs/heads/codex/three-runtime-c64-quality-gate-policy-corrective-delta;refs/heads/codex/three-runtime-c64-quality-gate-policy-freeze;refs/heads/control/holiday-codea-to-codeb-relay,benchmarks/vm176-qwen38/fixtures/adapter-llama-cpp.json,4c64fdb61880a8a388851938f9b77e19418258a5,suncaifeng/llm-inference,benchmarks/vm176-qwen38/fixtures/adapter-llama-cpp.json,KEEP,"LLM runtime, policy, tokenizer, benchmark corpus, fixture or engine-specific integration."
suncaifeng/comfyui-minimax-h3,refs/heads/codex/task2.1-offline-harness,7040be99608c62d6306c348e1a980cb8076d5242,refs/heads/codex/task2.1-offline-harness;refs/heads/codex/task2.2-canonical-benchmark-input-freeze,benchmarks/vm176-qwen38/fixtures/adapter-llama-cpp.json,facbf33cc47727cbcbc5dbb272116509cc37b9b3,suncaifeng/llm-inference,benchmarks/vm176-qwen38/fixtures/adapter-llama-cpp.json,KEEP,"LLM runtime, policy, tokenizer, benchmark corpus, fixture or engine-specific integration."
suncaifeng/comfyui-minimax-h3,refs/heads/codex/task2.1-offline-harness,7040be99608c62d6306c348e1a980cb8076d5242,refs/heads/codex/task2.1-offline-harness;refs/heads/codex/task2.2-canonical-benchmark-input-freeze,benchmarks/vm176-qwen38/fixtures/adapter-ninfer.json,ada87520fcd29f29cf2895b5190a1a4a9e405794,suncaifeng/llm-inference,benchmarks/vm176-qwen38/fixtures/adapter-ninfer.json,KEEP,"LLM runtime, policy, tokenizer, benchmark corpus, fixture or engine-specific integration."
suncaifeng/comfyui-minimax-h3,refs/heads/codex/h3-ltx-director-console-v2-corrective-delta-01,3968742392a8967325c4a9a2c3f6c81776e00c02,refs/heads/codex/h3-ltx-director-console-v2-corrective-delta-01;refs/heads/codex/h3-ltx-director-console-v2-holiday-codeb;refs/heads/codex/h3storyboard-director-console-v2-holiday-codeb;refs/heads/codex/holiday-onecat-native-benchmark-campaign;refs/heads/codex/holiday-relay-supervisor-codec;refs/heads/codex/onecat-native-v150-awq-vlk-quality-c64-corrective-delta;refs/heads/codex/onecat-native-v150-awq-vlk-quality-c64-delta;refs/heads/codex/onecat-native-v150-awq-vlk-recovery;refs/heads/codex/onecat-native-v150-c64-canonical-readiness;refs/heads/codex/task2.3-kvmem-harness-sync;refs/heads/codex/task2.4-prebenchmark-offline-readiness;refs/heads/codex/three-runtime-c64-canonical-transport-remediation;refs/heads/codex/three-runtime-c64-cross-runtime-calibration;refs/heads/codex/three-runtime-c64-quality-gate-policy-corrective-delta;refs/heads/codex/three-runtime-c64-quality-gate-policy-freeze;refs/heads/control/holiday-codea-to-codeb-relay,benchmarks/vm176-qwen38/fixtures/adapter-ninfer.json,d223fd8560622bbc67b2e9818ed969b7714ba2e4,suncaifeng/llm-inference,benchmarks/vm176-qwen38/fixtures/adapter-ninfer.json,KEEP,"LLM runtime, policy, tokenizer, benchmark corpus, fixture or engine-specific integration."
suncaifeng/comfyui-minimax-h3,refs/heads/codex/task2.1-offline-harness,7040be99608c62d6306c348e1a980cb8076d5242,refs/heads/codex/task2.1-offline-harness;refs/heads/codex/task2.2-canonical-benchmark-input-freeze,benchmarks/vm176-qwen38/fixtures/adapter-onecat-vllm.json,459fc33e40ea21963a7a6cb2694ea355d3b2c9d6,suncaifeng/llm-inference,benchmarks/vm176-qwen38/fixtures/adapter-onecat-vllm.json,KEEP,"LLM runtime, policy, tokenizer, benchmark corpus, fixture or engine-specific integration."
suncaifeng/comfyui-minimax-h3,refs/heads/codex/h3-ltx-director-console-v2-corrective-delta-01,3968742392a8967325c4a9a2c3f6c81776e00c02,refs/heads/codex/h3-ltx-director-console-v2-corrective-delta-01;refs/heads/codex/h3-ltx-director-console-v2-holiday-codeb;refs/heads/codex/h3storyboard-director-console-v2-holiday-codeb;refs/heads/codex/holiday-onecat-native-benchmark-campaign;refs/heads/codex/holiday-relay-supervisor-codec;refs/heads/codex/onecat-native-v150-awq-vlk-quality-c64-corrective-delta;refs/heads/codex/onecat-native-v150-awq-vlk-quality-c64-delta;refs/heads/codex/onecat-native-v150-awq-vlk-recovery;refs/heads/codex/onecat-native-v150-c64-canonical-readiness;refs/heads/codex/task2.3-kvmem-harness-sync;refs/heads/codex/task2.4-prebenchmark-offline-readiness;refs/heads/codex/three-runtime-c64-canonical-transport-remediation;refs/heads/codex/three-runtime-c64-cross-runtime-calibration;refs/heads/codex/three-runtime-c64-quality-gate-policy-corrective-delta;refs/heads/codex/three-runtime-c64-quality-gate-policy-freeze;refs/heads/control/holiday-codea-to-codeb-relay,benchmarks/vm176-qwen38/fixtures/adapter-onecat-vllm.json,90422321d3eafd073d6a6f4568562610a4873316,suncaifeng/llm-inference,benchmarks/vm176-qwen38/fixtures/adapter-onecat-vllm.json,KEEP,"LLM runtime, policy, tokenizer, benchmark corpus, fixture or engine-specific integration."
suncaifeng/comfyui-minimax-h3,refs/heads/codex/h3-ltx-director-console-v2-corrective-delta-01,3968742392a8967325c4a9a2c3f6c81776e00c02,refs/heads/codex/h3-ltx-director-console-v2-corrective-delta-01;refs/heads/codex/h3-ltx-director-console-v2-holiday-codeb;refs/heads/codex/h3storyboard-director-console-v2-holiday-codeb;refs/heads/codex/holiday-onecat-native-benchmark-campaign;refs/heads/codex/holiday-relay-supervisor-codec;refs/heads/codex/onecat-native-v150-awq-vlk-quality-c64-corrective-delta;refs/heads/codex/onecat-native-v150-awq-vlk-quality-c64-delta;refs/heads/codex/onecat-native-v150-awq-vlk-recovery;refs/heads/codex/onecat-native-v150-c64-canonical-readiness;refs/heads/codex/task2.3-kvmem-harness-sync;refs/heads/codex/task2.4-prebenchmark-offline-readiness;refs/heads/codex/three-runtime-c64-canonical-transport-remediation;refs/heads/codex/three-runtime-c64-cross-runtime-calibration;refs/heads/codex/three-runtime-c64-quality-gate-policy-corrective-delta;refs/heads/codex/three-runtime-c64-quality-gate-policy-freeze;refs/heads/control/holiday-codea-to-codeb-relay,benchmarks/vm176-qwen38/fixtures/kvmem-blocked-readiness.json,bd66b82c361d24906e85a28187b0db5d8c22724b,suncaifeng/llm-inference,benchmarks/vm176-qwen38/fixtures/kvmem-blocked-readiness.json,KEEP,"LLM runtime, policy, tokenizer, benchmark corpus, fixture or engine-specific integration."
suncaifeng/comfyui-minimax-h3,refs/heads/codex/h3-ltx-director-console-v2-corrective-delta-01,3968742392a8967325c4a9a2c3f6c81776e00c02,refs/heads/codex/h3-ltx-director-console-v2-corrective-delta-01;refs/heads/codex/h3-ltx-director-console-v2-holiday-codeb;refs/heads/codex/h3storyboard-director-console-v2-holiday-codeb;refs/heads/codex/holiday-onecat-native-benchmark-campaign;refs/heads/codex/holiday-relay-supervisor-codec;refs/heads/codex/onecat-native-v150-awq-vlk-quality-c64-corrective-delta;refs/heads/codex/onecat-native-v150-awq-vlk-quality-c64-delta;refs/heads/codex/onecat-native-v150-awq-vlk-recovery;refs/heads/codex/onecat-native-v150-c64-canonical-readiness;refs/heads/codex/task2.3-kvmem-harness-sync;refs/heads/codex/task2.4-prebenchmark-offline-readiness;refs/heads/codex/three-runtime-c64-canonical-transport-remediation;refs/heads/codex/three-runtime-c64-cross-runtime-calibration;refs/heads/codex/three-runtime-c64-quality-gate-policy-corrective-delta;refs/heads/codex/three-runtime-c64-quality-gate-policy-freeze;refs/heads/control/holiday-codea-to-codeb-relay,benchmarks/vm176-qwen38/fixtures/kvmem-c256.json,8c09d0d8fbe639fdf6f40fe10ac9964b32ee05a4,suncaifeng/llm-inference,benchmarks/vm176-qwen38/fixtures/kvmem-c256.json,KEEP,"LLM runtime, policy, tokenizer, benchmark corpus, fixture or engine-specific integration."
suncaifeng/comfyui-minimax-h3,refs/heads/codex/h3-ltx-director-console-v2-corrective-delta-01,3968742392a8967325c4a9a2c3f6c81776e00c02,refs/heads/codex/h3-ltx-director-console-v2-corrective-delta-01;refs/heads/codex/h3-ltx-director-console-v2-holiday-codeb;refs/heads/codex/h3storyboard-director-console-v2-holiday-codeb;refs/heads/codex/holiday-onecat-native-benchmark-campaign;refs/heads/codex/holiday-relay-supervisor-codec;refs/heads/codex/onecat-native-v150-awq-vlk-quality-c64-corrective-delta;refs/heads/codex/onecat-native-v150-awq-vlk-quality-c64-delta;refs/heads/codex/onecat-native-v150-awq-vlk-recovery;refs/heads/codex/onecat-native-v150-c64-canonical-readiness;refs/heads/codex/task2.3-kvmem-harness-sync;refs/heads/codex/task2.4-prebenchmark-offline-readiness;refs/heads/codex/three-runtime-c64-canonical-transport-remediation;refs/heads/codex/three-runtime-c64-cross-runtime-calibration;refs/heads/codex/three-runtime-c64-quality-gate-policy-corrective-delta;refs/heads/codex/three-runtime-c64-quality-gate-policy-freeze;refs/heads/control/holiday-codea-to-codeb-relay,benchmarks/vm176-qwen38/fixtures/kvmem-control-c128.json,fc566bed0a3b951e76aaf529a59628924d92d3bd,suncaifeng/llm-inference,benchmarks/vm176-qwen38/fixtures/kvmem-control-c128.json,KEEP,"LLM runtime, policy, tokenizer, benchmark corpus, fixture or engine-specific integration."
suncaifeng/comfyui-minimax-h3,refs/heads/codex/h3-ltx-director-console-v2-corrective-delta-01,3968742392a8967325c4a9a2c3f6c81776e00c02,refs/heads/codex/h3-ltx-director-console-v2-corrective-delta-01;refs/heads/codex/h3-ltx-director-console-v2-holiday-codeb;refs/heads/codex/h3storyboard-director-console-v2-holiday-codeb;refs/heads/codex/holiday-onecat-native-benchmark-campaign;refs/heads/codex/holiday-relay-supervisor-codec;refs/heads/codex/onecat-native-v150-awq-vlk-quality-c64-corrective-delta;refs/heads/codex/onecat-native-v150-awq-vlk-quality-c64-delta;refs/heads/codex/onecat-native-v150-awq-vlk-recovery;refs/heads/codex/onecat-native-v150-c64-canonical-readiness;refs/heads/codex/task2.3-kvmem-harness-sync;refs/heads/codex/task2.4-prebenchmark-offline-readiness;refs/heads/codex/three-runtime-c64-canonical-transport-remediation;refs/heads/codex/three-runtime-c64-cross-runtime-calibration;refs/heads/codex/three-runtime-c64-quality-gate-policy-corrective-delta;refs/heads/codex/three-runtime-c64-quality-gate-policy-freeze;refs/heads/control/holiday-codea-to-codeb-relay,benchmarks/vm176-qwen38/fixtures/kvmem-ordinary-c128.json,f11e7b52c3d42dd37f2811d846e91d7c87ee16d1,suncaifeng/llm-inference,benchmarks/vm176-qwen38/fixtures/kvmem-ordinary-c128.json,KEEP,"LLM runtime, policy, tokenizer, benchmark corpus, fixture or engine-specific integration."
suncaifeng/comfyui-minimax-h3,refs/heads/codex/h3-ltx-director-console-v2-corrective-delta-01,3968742392a8967325c4a9a2c3f6c81776e00c02,refs/heads/codex/h3-ltx-director-console-v2-corrective-delta-01;refs/heads/codex/h3-ltx-director-console-v2-holiday-codeb;refs/heads/codex/h3storyboard-director-console-v2-holiday-codeb;refs/heads/codex/holiday-onecat-native-benchmark-campaign;refs/heads/codex/holiday-relay-supervisor-codec;refs/heads/codex/onecat-native-v150-awq-vlk-quality-c64-corrective-delta;refs/heads/codex/onecat-native-v150-awq-vlk-quality-c64-delta;refs/heads/codex/onecat-native-v150-awq-vlk-recovery;refs/heads/codex/onecat-native-v150-c64-canonical-readiness;refs/heads/codex/task2.3-kvmem-harness-sync;refs/heads/codex/task2.4-prebenchmark-offline-readiness;refs/heads/codex/three-runtime-c64-canonical-transport-remediation;refs/heads/codex/three-runtime-c64-cross-runtime-calibration;refs/heads/codex/three-runtime-c64-quality-gate-policy-corrective-delta;refs/heads/codex/three-runtime-c64-quality-gate-policy-freeze;refs/heads/control/holiday-codea-to-codeb-relay,benchmarks/vm176-qwen38/fixtures/kvmem-unavailable-telemetry.json,bf7178ee43ad80a301875eb45530f8e217b0cd8a,suncaifeng/llm-inference,benchmarks/vm176-qwen38/fixtures/kvmem-unavailable-telemetry.json,KEEP,"LLM runtime, policy, tokenizer, benchmark corpus, fixture or engine-specific integration."
suncaifeng/comfyui-minimax-h3,refs/heads/codex/h3-ltx-director-console-v2-corrective-delta-01,3968742392a8967325c4a9a2c3f6c81776e00c02,refs/heads/codex/h3-ltx-director-console-v2-corrective-delta-01;refs/heads/codex/h3-ltx-director-console-v2-holiday-codeb;refs/heads/codex/h3storyboard-director-console-v2-holiday-codeb;refs/heads/codex/holiday-onecat-native-benchmark-campaign;refs/heads/codex/holiday-relay-supervisor-codec;refs/heads/codex/onecat-native-v150-awq-vlk-quality-c64-corrective-delta;refs/heads/codex/onecat-native-v150-awq-vlk-quality-c64-delta;refs/heads/codex/onecat-native-v150-awq-vlk-recovery;refs/heads/codex/onecat-native-v150-c64-canonical-readiness;refs/heads/codex/task2.3-kvmem-harness-sync;refs/heads/codex/task2.4-prebenchmark-offline-readiness;refs/heads/codex/three-runtime-c64-canonical-transport-remediation;refs/heads/codex/three-runtime-c64-cross-runtime-calibration;refs/heads/codex/three-runtime-c64-quality-gate-policy-corrective-delta;refs/heads/codex/three-runtime-c64-quality-gate-policy-freeze;refs/heads/control/holiday-codea-to-codeb-relay,benchmarks/vm176-qwen38/fixtures/result.json,787772c621dca3bb1461f4a9125f1b1d4e88c4cf,suncaifeng/llm-inference,benchmarks/vm176-qwen38/fixtures/result.json,KEEP,"LLM runtime, policy, tokenizer, benchmark corpus, fixture or engine-specific integration."
suncaifeng/comfyui-minimax-h3,refs/heads/codex/task2.1-offline-harness,7040be99608c62d6306c348e1a980cb8076d5242,refs/heads/codex/task2.1-offline-harness;refs/heads/codex/task2.2-canonical-benchmark-input-freeze,benchmarks/vm176-qwen38/fixtures/result.json,b5d81ed44a99d81d12c7ef72126c8c86acfaded0,suncaifeng/llm-inference,benchmarks/vm176-qwen38/fixtures/result.json,KEEP,"LLM runtime, policy, tokenizer, benchmark corpus, fixture or engine-specific integration."
suncaifeng/comfyui-minimax-h3,refs/heads/codex/task2.1-offline-harness,7040be99608c62d6306c348e1a980cb8076d5242,refs/heads/codex/task2.1-offline-harness;refs/heads/codex/task2.2-canonical-benchmark-input-freeze,benchmarks/vm176-qwen38/fixtures/run-result-valid.json,c4b12fedfb400fbb375ac0224fd8fbecb08e5cf8,suncaifeng/llm-inference,benchmarks/vm176-qwen38/fixtures/run-result-valid.json,KEEP,"LLM runtime, policy, tokenizer, benchmark corpus, fixture or engine-specific integration."
suncaifeng/comfyui-minimax-h3,refs/heads/codex/h3-ltx-director-console-v2-corrective-delta-01,3968742392a8967325c4a9a2c3f6c81776e00c02,refs/heads/codex/h3-ltx-director-console-v2-corrective-delta-01;refs/heads/codex/h3-ltx-director-console-v2-holiday-codeb;refs/heads/codex/h3storyboard-director-console-v2-holiday-codeb;refs/heads/codex/holiday-onecat-native-benchmark-campaign;refs/heads/codex/holiday-relay-supervisor-codec;refs/heads/codex/onecat-native-v150-awq-vlk-quality-c64-corrective-delta;refs/heads/codex/onecat-native-v150-awq-vlk-quality-c64-delta;refs/heads/codex/onecat-native-v150-awq-vlk-recovery;refs/heads/codex/onecat-native-v150-c64-canonical-readiness;refs/heads/codex/task2.3-kvmem-harness-sync;refs/heads/codex/task2.4-prebenchmark-offline-readiness;refs/heads/codex/three-runtime-c64-canonical-transport-remediation;refs/heads/codex/three-runtime-c64-cross-runtime-calibration;refs/heads/codex/three-runtime-c64-quality-gate-policy-corrective-delta;refs/heads/codex/three-runtime-c64-quality-gate-policy-freeze;refs/heads/control/holiday-codea-to-codeb-relay,benchmarks/vm176-qwen38/fixtures/run-result-valid.json,e049043b16fc9a791cd2d7953d111ef331549508,suncaifeng/llm-inference,benchmarks/vm176-qwen38/fixtures/run-result-valid.json,KEEP,"LLM runtime, policy, tokenizer, benchmark corpus, fixture or engine-specific integration."
suncaifeng/comfyui-minimax-h3,refs/heads/codex/h3-ltx-director-console-v2-corrective-delta-01,3968742392a8967325c4a9a2c3f6c81776e00c02,refs/heads/codex/h3-ltx-director-console-v2-corrective-delta-01;refs/heads/codex/h3-ltx-director-console-v2-holiday-codeb;refs/heads/codex/h3storyboard-director-console-v2-holiday-codeb;refs/heads/codex/holiday-onecat-native-benchmark-campaign;refs/heads/codex/holiday-relay-supervisor-codec;refs/heads/codex/onecat-native-v150-awq-vlk-quality-c64-corrective-delta;refs/heads/codex/onecat-native-v150-awq-vlk-quality-c64-delta;refs/heads/codex/onecat-native-v150-awq-vlk-recovery;refs/heads/codex/onecat-native-v150-c64-canonical-readiness;refs/heads/codex/task2.4-prebenchmark-offline-readiness;refs/heads/codex/three-runtime-c64-canonical-transport-remediation;refs/heads/codex/three-runtime-c64-cross-runtime-calibration;refs/heads/codex/three-runtime-c64-quality-gate-policy-corrective-delta;refs/heads/codex/three-runtime-c64-quality-gate-policy-freeze;refs/heads/control/holiday-codea-to-codeb-relay,benchmarks/vm176-qwen38/launch/README.md,92d34a580d4cddf372d1d7674f65897b3b8dc22f,suncaifeng/llm-inference,benchmarks/vm176-qwen38/launch/README.md,KEEP,"LLM runtime, policy, tokenizer, benchmark corpus, fixture or engine-specific integration."
suncaifeng/comfyui-minimax-h3,refs/heads/codex/h3-ltx-director-console-v2-corrective-delta-01,3968742392a8967325c4a9a2c3f6c81776e00c02,refs/heads/codex/h3-ltx-director-console-v2-corrective-delta-01;refs/heads/codex/h3-ltx-director-console-v2-holiday-codeb;refs/heads/codex/h3storyboard-director-console-v2-holiday-codeb;refs/heads/codex/holiday-onecat-native-benchmark-campaign;refs/heads/codex/holiday-relay-supervisor-codec;refs/heads/codex/onecat-native-v150-awq-vlk-quality-c64-corrective-delta;refs/heads/codex/onecat-native-v150-awq-vlk-quality-c64-delta;refs/heads/codex/onecat-native-v150-awq-vlk-recovery;refs/heads/codex/onecat-native-v150-c64-canonical-readiness;refs/heads/codex/task2.4-prebenchmark-offline-readiness;refs/heads/codex/three-runtime-c64-canonical-transport-remediation;refs/heads/codex/three-runtime-c64-cross-runtime-calibration;refs/heads/codex/three-runtime-c64-quality-gate-policy-corrective-delta;refs/heads/codex/three-runtime-c64-quality-gate-policy-freeze;refs/heads/control/holiday-codea-to-codeb-relay,benchmarks/vm176-qwen38/launch/benchmark-launch-plan.json,23c58d6424c1c4d2b2e686aa12c432c54e3fbd82,suncaifeng/llm-inference,benchmarks/vm176-qwen38/launch/benchmark-launch-plan.json,KEEP,"LLM runtime, policy, tokenizer, benchmark corpus, fixture or engine-specific integration."
suncaifeng/comfyui-minimax-h3,refs/heads/codex/h3-ltx-director-console-v2-corrective-delta-01,3968742392a8967325c4a9a2c3f6c81776e00c02,refs/heads/codex/h3-ltx-director-console-v2-corrective-delta-01;refs/heads/codex/h3-ltx-director-console-v2-holiday-codeb;refs/heads/codex/h3storyboard-director-console-v2-holiday-codeb;refs/heads/codex/holiday-onecat-native-benchmark-campaign;refs/heads/codex/holiday-relay-supervisor-codec;refs/heads/codex/onecat-native-v150-awq-vlk-quality-c64-corrective-delta;refs/heads/codex/onecat-native-v150-awq-vlk-quality-c64-delta;refs/heads/codex/onecat-native-v150-awq-vlk-recovery;refs/heads/codex/onecat-native-v150-c64-canonical-readiness;refs/heads/codex/task2.4-prebenchmark-offline-readiness;refs/heads/codex/three-runtime-c64-canonical-transport-remediation;refs/heads/codex/three-runtime-c64-cross-runtime-calibration;refs/heads/codex/three-runtime-c64-quality-gate-policy-corrective-delta;refs/heads/codex/three-runtime-c64-quality-gate-policy-freeze;refs/heads/control/holiday-codea-to-codeb-relay,benchmarks/vm176-qwen38/launch/build_bundle.py,57b1e117feeeb9db3b60129ce51391cc180c5bbe,suncaifeng/llm-inference,benchmarks/vm176-qwen38/launch/build_bundle.py,KEEP,"LLM runtime, policy, tokenizer, benchmark corpus, fixture or engine-specific integration."
suncaifeng/comfyui-minimax-h3,refs/heads/codex/h3-ltx-director-console-v2-corrective-delta-01,3968742392a8967325c4a9a2c3f6c81776e00c02,refs/heads/codex/h3-ltx-director-console-v2-corrective-delta-01;refs/heads/codex/h3-ltx-director-console-v2-holiday-codeb;refs/heads/codex/h3storyboard-director-console-v2-holiday-codeb;refs/heads/codex/holiday-onecat-native-benchmark-campaign;refs/heads/codex/holiday-relay-supervisor-codec;refs/heads/codex/onecat-native-v150-awq-vlk-quality-c64-corrective-delta;refs/heads/codex/onecat-native-v150-awq-vlk-quality-c64-delta;refs/heads/codex/onecat-native-v150-awq-vlk-recovery;refs/heads/codex/onecat-native-v150-c64-canonical-readiness;refs/heads/codex/task2.4-prebenchmark-offline-readiness;refs/heads/codex/three-runtime-c64-canonical-transport-remediation;refs/heads/codex/three-runtime-c64-cross-runtime-calibration;refs/heads/codex/three-runtime-c64-quality-gate-policy-corrective-delta;refs/heads/codex/three-runtime-c64-quality-gate-policy-freeze;refs/heads/control/holiday-codea-to-codeb-relay,benchmarks/vm176-qwen38/launch/dry_run_planner.py,f17178b50b738e5a82dda726e4435a24182ed52a,suncaifeng/llm-inference,benchmarks/vm176-qwen38/launch/dry_run_planner.py,KEEP,"LLM runtime, policy, tokenizer, benchmark corpus, fixture or engine-specific integration."
suncaifeng/comfyui-minimax-h3,refs/heads/codex/h3-ltx-director-console-v2-corrective-delta-01,3968742392a8967325c4a9a2c3f6c81776e00c02,refs/heads/codex/h3-ltx-director-console-v2-corrective-delta-01;refs/heads/codex/h3-ltx-director-console-v2-holiday-codeb;refs/heads/codex/h3storyboard-director-console-v2-holiday-codeb;refs/heads/codex/holiday-onecat-native-benchmark-campaign;refs/heads/codex/holiday-relay-supervisor-codec;refs/heads/codex/onecat-native-v150-awq-vlk-quality-c64-corrective-delta;refs/heads/codex/onecat-native-v150-awq-vlk-quality-c64-delta;refs/heads/codex/onecat-native-v150-awq-vlk-recovery;refs/heads/codex/onecat-native-v150-c64-canonical-readiness;refs/heads/codex/task2.4-prebenchmark-offline-readiness;refs/heads/codex/three-runtime-c64-canonical-transport-remediation;refs/heads/codex/three-runtime-c64-cross-runtime-calibration;refs/heads/codex/three-runtime-c64-quality-gate-policy-corrective-delta;refs/heads/codex/three-runtime-c64-quality-gate-policy-freeze;refs/heads/control/holiday-codea-to-codeb-relay,benchmarks/vm176-qwen38/launch/evidence-layout.json,8e023b9fdd0b947a7ca2c941c49e321e3e3639eb,suncaifeng/llm-inference,benchmarks/vm176-qwen38/launch/evidence-layout.json,KEEP,"LLM runtime, policy, tokenizer, benchmark corpus, fixture or engine-specific integration."
suncaifeng/comfyui-minimax-h3,refs/heads/codex/h3-ltx-director-console-v2-corrective-delta-01,3968742392a8967325c4a9a2c3f6c81776e00c02,refs/heads/codex/h3-ltx-director-console-v2-corrective-delta-01;refs/heads/codex/h3-ltx-director-console-v2-holiday-codeb;refs/heads/codex/h3storyboard-director-console-v2-holiday-codeb;refs/heads/codex/holiday-onecat-native-benchmark-campaign;refs/heads/codex/holiday-relay-supervisor-codec;refs/heads/codex/onecat-native-v150-awq-vlk-quality-c64-corrective-delta;refs/heads/codex/onecat-native-v150-awq-vlk-quality-c64-delta;refs/heads/codex/onecat-native-v150-awq-vlk-recovery;refs/heads/codex/onecat-native-v150-c64-canonical-readiness;refs/heads/codex/task2.4-prebenchmark-offline-readiness;refs/heads/codex/three-runtime-c64-canonical-transport-remediation;refs/heads/codex/three-runtime-c64-cross-runtime-calibration;refs/heads/codex/three-runtime-c64-quality-gate-policy-corrective-delta;refs/heads/codex/three-runtime-c64-quality-gate-policy-freeze;refs/heads/control/holiday-codea-to-codeb-relay,benchmarks/vm176-qwen38/launch/matrix-invariant-audit.json,8e930f20063de91e7cef89e757cbdd7184a392e4,suncaifeng/llm-inference,benchmarks/vm176-qwen38/launch/matrix-invariant-audit.json,KEEP,"LLM runtime, policy, tokenizer, benchmark corpus, fixture or engine-specific integration."
suncaifeng/comfyui-minimax-h3,refs/heads/codex/h3-ltx-director-console-v2-corrective-delta-01,3968742392a8967325c4a9a2c3f6c81776e00c02,refs/heads/codex/h3-ltx-director-console-v2-corrective-delta-01;refs/heads/codex/h3-ltx-director-console-v2-holiday-codeb;refs/heads/codex/h3storyboard-director-console-v2-holiday-codeb;refs/heads/codex/holiday-onecat-native-benchmark-campaign;refs/heads/codex/holiday-relay-supervisor-codec;refs/heads/codex/onecat-native-v150-awq-vlk-quality-c64-corrective-delta;refs/heads/codex/onecat-native-v150-awq-vlk-quality-c64-delta;refs/heads/codex/onecat-native-v150-awq-vlk-recovery;refs/heads/codex/onecat-native-v150-c64-canonical-readiness;refs/heads/codex/task2.4-prebenchmark-offline-readiness;refs/heads/codex/three-runtime-c64-canonical-transport-remediation;refs/heads/codex/three-runtime-c64-cross-runtime-calibration;refs/heads/codex/three-runtime-c64-quality-gate-policy-corrective-delta;refs/heads/codex/three-runtime-c64-quality-gate-policy-freeze;refs/heads/control/holiday-codea-to-codeb-relay,benchmarks/vm176-qwen38/launch/matrix_audit.py,77f8302ee34f2ff6e821d0d48c53800f48ed2bd4,suncaifeng/llm-inference,benchmarks/vm176-qwen38/launch/matrix_audit.py,KEEP,"LLM runtime, policy, tokenizer, benchmark corpus, fixture or engine-specific integration."
suncaifeng/comfyui-minimax-h3,refs/heads/codex/h3-ltx-director-console-v2-corrective-delta-01,3968742392a8967325c4a9a2c3f6c81776e00c02,refs/heads/codex/h3-ltx-director-console-v2-corrective-delta-01;refs/heads/codex/h3-ltx-director-console-v2-holiday-codeb;refs/heads/codex/h3storyboard-director-console-v2-holiday-codeb;refs/heads/codex/holiday-onecat-native-benchmark-campaign;refs/heads/codex/holiday-relay-supervisor-codec;refs/heads/codex/onecat-native-v150-awq-vlk-quality-c64-corrective-delta;refs/heads/codex/onecat-native-v150-awq-vlk-quality-c64-delta;refs/heads/codex/onecat-native-v150-awq-vlk-recovery;refs/heads/codex/onecat-native-v150-c64-canonical-readiness;refs/heads/codex/task2.4-prebenchmark-offline-readiness;refs/heads/codex/three-runtime-c64-canonical-transport-remediation;refs/heads/codex/three-runtime-c64-cross-runtime-calibration;refs/heads/codex/three-runtime-c64-quality-gate-policy-corrective-delta;refs/heads/codex/three-runtime-c64-quality-gate-policy-freeze;refs/heads/control/holiday-codea-to-codeb-relay,benchmarks/vm176-qwen38/launch/prebenchmark-state.json,48c05e9e8c8d2b833e412cae13b46f89be24b975,suncaifeng/llm-inference,benchmarks/vm176-qwen38/launch/prebenchmark-state.json,KEEP,"LLM runtime, policy, tokenizer, benchmark corpus, fixture or engine-specific integration."
suncaifeng/comfyui-minimax-h3,refs/heads/codex/h3-ltx-director-console-v2-corrective-delta-01,3968742392a8967325c4a9a2c3f6c81776e00c02,refs/heads/codex/h3-ltx-director-console-v2-corrective-delta-01;refs/heads/codex/h3-ltx-director-console-v2-holiday-codeb;refs/heads/codex/h3storyboard-director-console-v2-holiday-codeb;refs/heads/codex/holiday-onecat-native-benchmark-campaign;refs/heads/codex/holiday-relay-supervisor-codec;refs/heads/codex/onecat-native-v150-awq-vlk-quality-c64-corrective-delta;refs/heads/codex/onecat-native-v150-awq-vlk-quality-c64-delta;refs/heads/codex/onecat-native-v150-awq-vlk-recovery;refs/heads/codex/onecat-native-v150-c64-canonical-readiness;refs/heads/codex/task2.4-prebenchmark-offline-readiness;refs/heads/codex/three-runtime-c64-canonical-transport-remediation;refs/heads/codex/three-runtime-c64-cross-runtime-calibration;refs/heads/codex/three-runtime-c64-quality-gate-policy-corrective-delta;refs/heads/codex/three-runtime-c64-quality-gate-policy-freeze;refs/heads/control/holiday-codea-to-codeb-relay,benchmarks/vm176-qwen38/launch/runtime-inventory.json,b03969f3ce1eccf370d33f8daac5194ee1d70083,suncaifeng/llm-inference,benchmarks/vm176-qwen38/launch/runtime-inventory.json,KEEP,"LLM runtime, policy, tokenizer, benchmark corpus, fixture or engine-specific integration."
suncaifeng/comfyui-minimax-h3,refs/heads/codex/h3-ltx-director-console-v2-corrective-delta-01,3968742392a8967325c4a9a2c3f6c81776e00c02,refs/heads/codex/h3-ltx-director-console-v2-corrective-delta-01;refs/heads/codex/h3-ltx-director-console-v2-holiday-codeb;refs/heads/codex/h3storyboard-director-console-v2-holiday-codeb;refs/heads/codex/holiday-relay-supervisor-codec;refs/heads/codex/three-runtime-c64-canonical-transport-remediation;refs/heads/codex/three-runtime-c64-cross-runtime-calibration;refs/heads/codex/three-runtime-c64-quality-gate-policy-corrective-delta;refs/heads/control/holiday-codea-to-codeb-relay,benchmarks/vm176-qwen38/policy/three-runtime-c64-quality-gate-v1.0.1.json,9e141721225c3252ee4490ac513a66845b897ae1,suncaifeng/llm-inference,benchmarks/vm176-qwen38/policy/three-runtime-c64-quality-gate-v1.0.1.json,KEEP,"LLM runtime, policy, tokenizer, benchmark corpus, fixture or engine-specific integration."
suncaifeng/comfyui-minimax-h3,refs/heads/codex/h3-ltx-director-console-v2-corrective-delta-01,3968742392a8967325c4a9a2c3f6c81776e00c02,refs/heads/codex/h3-ltx-director-console-v2-corrective-delta-01;refs/heads/codex/h3-ltx-director-console-v2-holiday-codeb;refs/heads/codex/h3storyboard-director-console-v2-holiday-codeb;refs/heads/codex/holiday-relay-supervisor-codec;refs/heads/codex/three-runtime-c64-canonical-transport-remediation;refs/heads/codex/three-runtime-c64-cross-runtime-calibration;refs/heads/codex/three-runtime-c64-quality-gate-policy-corrective-delta;refs/heads/control/holiday-codea-to-codeb-relay,benchmarks/vm176-qwen38/policy/three-runtime-c64-quality-gate-v1.0.1.md,c8a7a5cd28e72a1c62023c3f4700e518b842cf7a,suncaifeng/llm-inference,benchmarks/vm176-qwen38/policy/three-runtime-c64-quality-gate-v1.0.1.md,KEEP,"LLM runtime, policy, tokenizer, benchmark corpus, fixture or engine-specific integration."
suncaifeng/comfyui-minimax-h3,refs/heads/codex/h3-ltx-director-console-v2-corrective-delta-01,3968742392a8967325c4a9a2c3f6c81776e00c02,refs/heads/codex/h3-ltx-director-console-v2-corrective-delta-01;refs/heads/codex/h3-ltx-director-console-v2-holiday-codeb;refs/heads/codex/h3storyboard-director-console-v2-holiday-codeb;refs/heads/codex/holiday-relay-supervisor-codec;refs/heads/codex/three-runtime-c64-canonical-transport-remediation;refs/heads/codex/three-runtime-c64-cross-runtime-calibration;refs/heads/codex/three-runtime-c64-quality-gate-policy-corrective-delta;refs/heads/codex/three-runtime-c64-quality-gate-policy-freeze;refs/heads/control/holiday-codea-to-codeb-relay,benchmarks/vm176-qwen38/policy/three-runtime-c64-quality-gate-v1.json,3ba3eabae65e10752aed739bebdfc19bc97989db,suncaifeng/llm-inference,benchmarks/vm176-qwen38/policy/three-runtime-c64-quality-gate-v1.json,KEEP,"LLM runtime, policy, tokenizer, benchmark corpus, fixture or engine-specific integration."
suncaifeng/comfyui-minimax-h3,refs/heads/codex/h3-ltx-director-console-v2-corrective-delta-01,3968742392a8967325c4a9a2c3f6c81776e00c02,refs/heads/codex/h3-ltx-director-console-v2-corrective-delta-01;refs/heads/codex/h3-ltx-director-console-v2-holiday-codeb;refs/heads/codex/h3storyboard-director-console-v2-holiday-codeb;refs/heads/codex/holiday-relay-supervisor-codec;refs/heads/codex/three-runtime-c64-canonical-transport-remediation;refs/heads/codex/three-runtime-c64-cross-runtime-calibration;refs/heads/codex/three-runtime-c64-quality-gate-policy-corrective-delta;refs/heads/codex/three-runtime-c64-quality-gate-policy-freeze;refs/heads/control/holiday-codea-to-codeb-relay,benchmarks/vm176-qwen38/policy/three-runtime-c64-quality-gate-v1.md,cef99bcc90d50096bfa3529de8f521dc51cf7805,suncaifeng/llm-inference,benchmarks/vm176-qwen38/policy/three-runtime-c64-quality-gate-v1.md,KEEP,"LLM runtime, policy, tokenizer, benchmark corpus, fixture or engine-specific integration."
suncaifeng/comfyui-minimax-h3,refs/heads/codex/task2.1-offline-harness,7040be99608c62d6306c348e1a980cb8076d5242,refs/heads/codex/task2.1-offline-harness;refs/heads/codex/task2.2-canonical-benchmark-input-freeze,benchmarks/vm176-qwen38/protocol.md,285df4391adbc96ebf4ce93c0fe8022e7d332ad7,suncaifeng/llm-inference,benchmarks/vm176-qwen38/protocol.md,KEEP,"LLM runtime, policy, tokenizer, benchmark corpus, fixture or engine-specific integration."
suncaifeng/comfyui-minimax-h3,refs/heads/codex/h3-ltx-director-console-v2-corrective-delta-01,3968742392a8967325c4a9a2c3f6c81776e00c02,refs/heads/codex/h3-ltx-director-console-v2-corrective-delta-01;refs/heads/codex/h3-ltx-director-console-v2-holiday-codeb;refs/heads/codex/h3storyboard-director-console-v2-holiday-codeb;refs/heads/codex/holiday-onecat-native-benchmark-campaign;refs/heads/codex/holiday-relay-supervisor-codec;refs/heads/codex/onecat-native-v150-awq-vlk-quality-c64-corrective-delta;refs/heads/codex/onecat-native-v150-awq-vlk-quality-c64-delta;refs/heads/codex/onecat-native-v150-awq-vlk-recovery;refs/heads/codex/onecat-native-v150-c64-canonical-readiness;refs/heads/codex/task2.3-kvmem-harness-sync;refs/heads/codex/task2.4-prebenchmark-offline-readiness;refs/heads/codex/three-runtime-c64-canonical-transport-remediation;refs/heads/codex/three-runtime-c64-cross-runtime-calibration;refs/heads/codex/three-runtime-c64-quality-gate-policy-corrective-delta;refs/heads/codex/three-runtime-c64-quality-gate-policy-freeze;refs/heads/control/holiday-codea-to-codeb-relay,benchmarks/vm176-qwen38/protocol.md,4178f4a9caccf8a6addb344c836ded248e7e2ce8,suncaifeng/llm-inference,benchmarks/vm176-qwen38/protocol.md,KEEP,"LLM runtime, policy, tokenizer, benchmark corpus, fixture or engine-specific integration."
suncaifeng/comfyui-minimax-h3,refs/heads/codex/h3-ltx-director-console-v2-corrective-delta-01,3968742392a8967325c4a9a2c3f6c81776e00c02,refs/heads/codex/h3-ltx-director-console-v2-corrective-delta-01;refs/heads/codex/h3-ltx-director-console-v2-holiday-codeb;refs/heads/codex/h3storyboard-director-console-v2-holiday-codeb;refs/heads/codex/holiday-onecat-native-benchmark-campaign;refs/heads/codex/holiday-relay-supervisor-codec;refs/heads/codex/onecat-native-v150-awq-vlk-quality-c64-corrective-delta;refs/heads/codex/onecat-native-v150-awq-vlk-quality-c64-delta;refs/heads/codex/onecat-native-v150-awq-vlk-recovery;refs/heads/codex/onecat-native-v150-c64-canonical-readiness;refs/heads/codex/task2.1-offline-harness;refs/heads/codex/task2.2-canonical-benchmark-input-freeze;refs/heads/codex/task2.3-kvmem-harness-sync;refs/heads/codex/task2.4-prebenchmark-offline-readiness;refs/heads/codex/three-runtime-c64-canonical-transport-remediation;refs/heads/codex/three-runtime-c64-cross-runtime-calibration;refs/heads/codex/three-runtime-c64-quality-gate-policy-corrective-delta;refs/heads/codex/three-runtime-c64-quality-gate-policy-freeze;refs/heads/control/holiday-codea-to-codeb-relay,benchmarks/vm176-qwen38/results/.gitkeep,8b137891791fe96927ad78e64b0aad7bded08bdc,suncaifeng/llm-inference,benchmarks/vm176-qwen38/results/.gitkeep,KEEP,"LLM runtime, policy, tokenizer, benchmark corpus, fixture or engine-specific integration."
suncaifeng/comfyui-minimax-h3,refs/heads/codex/task2.1-offline-harness,7040be99608c62d6306c348e1a980cb8076d5242,refs/heads/codex/task2.1-offline-harness;refs/heads/codex/task2.2-canonical-benchmark-input-freeze,benchmarks/vm176-qwen38/run_matrix.py,1a7769b8ba6349eac0ba21d9b5f961d764a1635b,suncaifeng/llm-inference,benchmarks/vm176-qwen38/run_matrix.py,KEEP,"LLM runtime, policy, tokenizer, benchmark corpus, fixture or engine-specific integration."
suncaifeng/comfyui-minimax-h3,refs/heads/codex/h3-ltx-director-console-v2-corrective-delta-01,3968742392a8967325c4a9a2c3f6c81776e00c02,refs/heads/codex/h3-ltx-director-console-v2-corrective-delta-01;refs/heads/codex/h3-ltx-director-console-v2-holiday-codeb;refs/heads/codex/h3storyboard-director-console-v2-holiday-codeb;refs/heads/codex/holiday-onecat-native-benchmark-campaign;refs/heads/codex/holiday-relay-supervisor-codec;refs/heads/codex/onecat-native-v150-awq-vlk-quality-c64-corrective-delta;refs/heads/codex/onecat-native-v150-awq-vlk-quality-c64-delta;refs/heads/codex/onecat-native-v150-awq-vlk-recovery;refs/heads/codex/onecat-native-v150-c64-canonical-readiness;refs/heads/codex/task2.3-kvmem-harness-sync;refs/heads/codex/task2.4-prebenchmark-offline-readiness;refs/heads/codex/three-runtime-c64-canonical-transport-remediation;refs/heads/codex/three-runtime-c64-cross-runtime-calibration;refs/heads/codex/three-runtime-c64-quality-gate-policy-corrective-delta;refs/heads/codex/three-runtime-c64-quality-gate-policy-freeze;refs/heads/control/holiday-codea-to-codeb-relay,benchmarks/vm176-qwen38/run_matrix.py,c52b523b2dd0f0151817db33003802ce4e41d796,suncaifeng/llm-inference,benchmarks/vm176-qwen38/run_matrix.py,KEEP,"LLM runtime, policy, tokenizer, benchmark corpus, fixture or engine-specific integration."
suncaifeng/comfyui-minimax-h3,refs/heads/codex/task2.1-offline-harness,7040be99608c62d6306c348e1a980cb8076d5242,refs/heads/codex/task2.1-offline-harness;refs/heads/codex/task2.2-canonical-benchmark-input-freeze,benchmarks/vm176-qwen38/schemas/run-result.schema.json,06ac45d435f1518c6b8c9cfced4f0d2e642657c2,suncaifeng/llm-inference,benchmarks/vm176-qwen38/schemas/run-result.schema.json,KEEP,"LLM runtime, policy, tokenizer, benchmark corpus, fixture or engine-specific integration."
suncaifeng/comfyui-minimax-h3,refs/heads/codex/h3-ltx-director-console-v2-corrective-delta-01,3968742392a8967325c4a9a2c3f6c81776e00c02,refs/heads/codex/h3-ltx-director-console-v2-corrective-delta-01;refs/heads/codex/h3-ltx-director-console-v2-holiday-codeb;refs/heads/codex/h3storyboard-director-console-v2-holiday-codeb;refs/heads/codex/holiday-onecat-native-benchmark-campaign;refs/heads/codex/holiday-relay-supervisor-codec;refs/heads/codex/onecat-native-v150-awq-vlk-quality-c64-corrective-delta;refs/heads/codex/onecat-native-v150-awq-vlk-quality-c64-delta;refs/heads/codex/onecat-native-v150-awq-vlk-recovery;refs/heads/codex/onecat-native-v150-c64-canonical-readiness;refs/heads/codex/task2.3-kvmem-harness-sync;refs/heads/codex/task2.4-prebenchmark-offline-readiness;refs/heads/codex/three-runtime-c64-canonical-transport-remediation;refs/heads/codex/three-runtime-c64-cross-runtime-calibration;refs/heads/codex/three-runtime-c64-quality-gate-policy-corrective-delta;refs/heads/codex/three-runtime-c64-quality-gate-policy-freeze;refs/heads/control/holiday-codea-to-codeb-relay,benchmarks/vm176-qwen38/schemas/run-result.schema.json,82dbf7692c24dfc481156e3a54feb7504b8499ee,suncaifeng/llm-inference,benchmarks/vm176-qwen38/schemas/run-result.schema.json,KEEP,"LLM runtime, policy, tokenizer, benchmark corpus, fixture or engine-specific integration."
suncaifeng/comfyui-minimax-h3,refs/heads/codex/h3-ltx-director-console-v2-corrective-delta-01,3968742392a8967325c4a9a2c3f6c81776e00c02,refs/heads/codex/h3-ltx-director-console-v2-corrective-delta-01;refs/heads/codex/h3-ltx-director-console-v2-holiday-codeb;refs/heads/codex/h3storyboard-director-console-v2-holiday-codeb;refs/heads/codex/holiday-onecat-native-benchmark-campaign;refs/heads/codex/holiday-relay-supervisor-codec;refs/heads/codex/onecat-native-v150-awq-vlk-quality-c64-corrective-delta;refs/heads/codex/onecat-native-v150-awq-vlk-quality-c64-delta;refs/heads/codex/onecat-native-v150-awq-vlk-recovery;refs/heads/codex/onecat-native-v150-c64-canonical-readiness;refs/heads/codex/task2.1-offline-harness;refs/heads/codex/task2.2-canonical-benchmark-input-freeze;refs/heads/codex/task2.3-kvmem-harness-sync;refs/heads/codex/task2.4-prebenchmark-offline-readiness;refs/heads/codex/three-runtime-c64-canonical-transport-remediation;refs/heads/codex/three-runtime-c64-cross-runtime-calibration;refs/heads/codex/three-runtime-c64-quality-gate-policy-corrective-delta;refs/heads/codex/three-runtime-c64-quality-gate-policy-freeze;refs/heads/control/holiday-codea-to-codeb-relay,benchmarks/vm176-qwen38/schemas/validate.py,4218fd294edebcb35dd7ce6a47afcb90a0a9c5a7,suncaifeng/llm-inference,benchmarks/vm176-qwen38/schemas/validate.py,KEEP,"LLM runtime, policy, tokenizer, benchmark corpus, fixture or engine-specific integration."
suncaifeng/comfyui-minimax-h3,refs/heads/codex/task2.1-offline-harness,7040be99608c62d6306c348e1a980cb8076d5242,refs/heads/codex/task2.1-offline-harness;refs/heads/codex/task2.2-canonical-benchmark-input-freeze,benchmarks/vm176-qwen38/summarize.py,0b579119b633c52ef8e46be9867b380e31ed0c1e,suncaifeng/llm-inference,benchmarks/vm176-qwen38/summarize.py,KEEP,"LLM runtime, policy, tokenizer, benchmark corpus, fixture or engine-specific integration."
suncaifeng/comfyui-minimax-h3,refs/heads/codex/h3-ltx-director-console-v2-corrective-delta-01,3968742392a8967325c4a9a2c3f6c81776e00c02,refs/heads/codex/h3-ltx-director-console-v2-corrective-delta-01;refs/heads/codex/h3-ltx-director-console-v2-holiday-codeb;refs/heads/codex/h3storyboard-director-console-v2-holiday-codeb;refs/heads/codex/holiday-onecat-native-benchmark-campaign;refs/heads/codex/holiday-relay-supervisor-codec;refs/heads/codex/onecat-native-v150-awq-vlk-quality-c64-corrective-delta;refs/heads/codex/onecat-native-v150-awq-vlk-quality-c64-delta;refs/heads/codex/onecat-native-v150-awq-vlk-recovery;refs/heads/codex/onecat-native-v150-c64-canonical-readiness;refs/heads/codex/task2.3-kvmem-harness-sync;refs/heads/codex/task2.4-prebenchmark-offline-readiness;refs/heads/codex/three-runtime-c64-canonical-transport-remediation;refs/heads/codex/three-runtime-c64-cross-runtime-calibration;refs/heads/codex/three-runtime-c64-quality-gate-policy-corrective-delta;refs/heads/codex/three-runtime-c64-quality-gate-policy-freeze;refs/heads/control/holiday-codea-to-codeb-relay,benchmarks/vm176-qwen38/summarize.py,3616ddcea3f720b2632cc79487629815dd1a1365,suncaifeng/llm-inference,benchmarks/vm176-qwen38/summarize.py,KEEP,"LLM runtime, policy, tokenizer, benchmark corpus, fixture or engine-specific integration."
suncaifeng/comfyui-minimax-h3,refs/heads/codex/h3-ltx-director-console-v2-corrective-delta-01,3968742392a8967325c4a9a2c3f6c81776e00c02,refs/heads/codex/h3-ltx-director-console-v2-corrective-delta-01;refs/heads/codex/h3-ltx-director-console-v2-holiday-codeb;refs/heads/codex/h3storyboard-director-console-v2-holiday-codeb;refs/heads/codex/holiday-onecat-native-benchmark-campaign;refs/heads/codex/holiday-relay-supervisor-codec;refs/heads/codex/onecat-native-v150-awq-vlk-quality-c64-corrective-delta;refs/heads/codex/onecat-native-v150-awq-vlk-quality-c64-delta;refs/heads/codex/onecat-native-v150-awq-vlk-recovery;refs/heads/codex/onecat-native-v150-c64-canonical-readiness;refs/heads/codex/task2.2-canonical-benchmark-input-freeze;refs/heads/codex/task2.3-kvmem-harness-sync;refs/heads/codex/task2.4-prebenchmark-offline-readiness;refs/heads/codex/three-runtime-c64-canonical-transport-remediation;refs/heads/codex/three-runtime-c64-cross-runtime-calibration;refs/heads/codex/three-runtime-c64-quality-gate-policy-corrective-delta;refs/heads/codex/three-runtime-c64-quality-gate-policy-freeze;refs/heads/control/holiday-codea-to-codeb-relay,benchmarks/vm176-qwen38/tests/test_canonical_inputs.py,a8bf91368b2e6908c520545668459a2b553da7d7,suncaifeng/llm-inference,benchmarks/vm176-qwen38/tests/test_canonical_inputs.py,KEEP,"LLM runtime, policy, tokenizer, benchmark corpus, fixture or engine-specific integration."
suncaifeng/comfyui-minimax-h3,refs/heads/codex/task2.1-offline-harness,7040be99608c62d6306c348e1a980cb8076d5242,refs/heads/codex/task2.1-offline-harness,benchmarks/vm176-qwen38/tests/test_contract.py,1062d0f4e5254024f1f9931e68f457f62950e6d5,suncaifeng/llm-inference,benchmarks/vm176-qwen38/tests/test_contract.py,KEEP,"LLM runtime, policy, tokenizer, benchmark corpus, fixture or engine-specific integration."
suncaifeng/comfyui-minimax-h3,refs/heads/codex/h3-ltx-director-console-v2-corrective-delta-01,3968742392a8967325c4a9a2c3f6c81776e00c02,refs/heads/codex/h3-ltx-director-console-v2-corrective-delta-01;refs/heads/codex/h3-ltx-director-console-v2-holiday-codeb;refs/heads/codex/h3storyboard-director-console-v2-holiday-codeb;refs/heads/codex/holiday-onecat-native-benchmark-campaign;refs/heads/codex/holiday-relay-supervisor-codec;refs/heads/codex/onecat-native-v150-awq-vlk-quality-c64-corrective-delta;refs/heads/codex/onecat-native-v150-awq-vlk-quality-c64-delta;refs/heads/codex/onecat-native-v150-awq-vlk-recovery;refs/heads/codex/onecat-native-v150-c64-canonical-readiness;refs/heads/codex/task2.2-canonical-benchmark-input-freeze;refs/heads/codex/task2.3-kvmem-harness-sync;refs/heads/codex/task2.4-prebenchmark-offline-readiness;refs/heads/codex/three-runtime-c64-canonical-transport-remediation;refs/heads/codex/three-runtime-c64-cross-runtime-calibration;refs/heads/codex/three-runtime-c64-quality-gate-policy-corrective-delta;refs/heads/codex/three-runtime-c64-quality-gate-policy-freeze;refs/heads/control/holiday-codea-to-codeb-relay,benchmarks/vm176-qwen38/tests/test_contract.py,17971940effb22914f51fefa2107196e74ada3fc,suncaifeng/llm-inference,benchmarks/vm176-qwen38/tests/test_contract.py,KEEP,"LLM runtime, policy, tokenizer, benchmark corpus, fixture or engine-specific integration."
suncaifeng/comfyui-minimax-h3,refs/heads/codex/h3-ltx-director-console-v2-corrective-delta-01,3968742392a8967325c4a9a2c3f6c81776e00c02,refs/heads/codex/h3-ltx-director-console-v2-corrective-delta-01;refs/heads/codex/h3-ltx-director-console-v2-holiday-codeb;refs/heads/codex/h3storyboard-director-console-v2-holiday-codeb;refs/heads/codex/holiday-onecat-native-benchmark-campaign;refs/heads/codex/holiday-relay-supervisor-codec;refs/heads/codex/onecat-native-v150-awq-vlk-quality-c64-corrective-delta;refs/heads/codex/onecat-native-v150-awq-vlk-quality-c64-delta;refs/heads/codex/onecat-native-v150-awq-vlk-recovery;refs/heads/codex/onecat-native-v150-c64-canonical-readiness;refs/heads/codex/task2.3-kvmem-harness-sync;refs/heads/codex/task2.4-prebenchmark-offline-readiness;refs/heads/codex/three-runtime-c64-canonical-transport-remediation;refs/heads/codex/three-runtime-c64-cross-runtime-calibration;refs/heads/codex/three-runtime-c64-quality-gate-policy-corrective-delta;refs/heads/codex/three-runtime-c64-quality-gate-policy-freeze;refs/heads/control/holiday-codea-to-codeb-relay,benchmarks/vm176-qwen38/tests/test_kvmem.py,d637564c654084e33140d11b22980770a3f64670,suncaifeng/llm-inference,benchmarks/vm176-qwen38/tests/test_kvmem.py,KEEP,"LLM runtime, policy, tokenizer, benchmark corpus, fixture or engine-specific integration."
suncaifeng/comfyui-minimax-h3,refs/heads/codex/h3-ltx-director-console-v2-corrective-delta-01,3968742392a8967325c4a9a2c3f6c81776e00c02,refs/heads/codex/h3-ltx-director-console-v2-corrective-delta-01;refs/heads/codex/h3-ltx-director-console-v2-holiday-codeb;refs/heads/codex/h3storyboard-director-console-v2-holiday-codeb;refs/heads/codex/holiday-onecat-native-benchmark-campaign;refs/heads/codex/holiday-relay-supervisor-codec;refs/heads/codex/onecat-native-v150-awq-vlk-quality-c64-corrective-delta;refs/heads/codex/onecat-native-v150-awq-vlk-quality-c64-delta;refs/heads/codex/onecat-native-v150-awq-vlk-recovery;refs/heads/codex/onecat-native-v150-c64-canonical-readiness;refs/heads/codex/task2.4-prebenchmark-offline-readiness;refs/heads/codex/three-runtime-c64-canonical-transport-remediation;refs/heads/codex/three-runtime-c64-cross-runtime-calibration;refs/heads/codex/three-runtime-c64-quality-gate-policy-corrective-delta;refs/heads/codex/three-runtime-c64-quality-gate-policy-freeze;refs/heads/control/holiday-codea-to-codeb-relay,benchmarks/vm176-qwen38/tests/test_matrix_exhaustive.py,b3228d707427bc4ba8c3046381f751544bc21979,suncaifeng/llm-inference,benchmarks/vm176-qwen38/tests/test_matrix_exhaustive.py,KEEP,"LLM runtime, policy, tokenizer, benchmark corpus, fixture or engine-specific integration."
suncaifeng/comfyui-minimax-h3,refs/heads/codex/h3-ltx-director-console-v2-corrective-delta-01,3968742392a8967325c4a9a2c3f6c81776e00c02,refs/heads/codex/h3-ltx-director-console-v2-corrective-delta-01;refs/heads/codex/h3-ltx-director-console-v2-holiday-codeb;refs/heads/codex/h3storyboard-director-console-v2-holiday-codeb;refs/heads/codex/holiday-onecat-native-benchmark-campaign;refs/heads/codex/holiday-relay-supervisor-codec;refs/heads/codex/onecat-native-v150-awq-vlk-quality-c64-corrective-delta;refs/heads/codex/onecat-native-v150-awq-vlk-quality-c64-delta;refs/heads/codex/onecat-native-v150-awq-vlk-recovery;refs/heads/codex/onecat-native-v150-c64-canonical-readiness;refs/heads/codex/task2.1-offline-harness;refs/heads/codex/task2.2-canonical-benchmark-input-freeze;refs/heads/codex/task2.3-kvmem-harness-sync;refs/heads/codex/task2.4-prebenchmark-offline-readiness;refs/heads/codex/three-runtime-c64-canonical-transport-remediation;refs/heads/codex/three-runtime-c64-cross-runtime-calibration;refs/heads/codex/three-runtime-c64-quality-gate-policy-corrective-delta;refs/heads/codex/three-runtime-c64-quality-gate-policy-freeze;refs/heads/control/holiday-codea-to-codeb-relay,benchmarks/vm176-qwen38/tests/test_offline.py,0550d830fc3cab52988599004ab6396c7d3483fa,suncaifeng/llm-inference,benchmarks/vm176-qwen38/tests/test_offline.py,KEEP,"LLM runtime, policy, tokenizer, benchmark corpus, fixture or engine-specific integration."
suncaifeng/comfyui-minimax-h3,refs/heads/codex/h3-ltx-director-console-v2-corrective-delta-01,3968742392a8967325c4a9a2c3f6c81776e00c02,refs/heads/codex/h3-ltx-director-console-v2-corrective-delta-01;refs/heads/codex/h3-ltx-director-console-v2-holiday-codeb;refs/heads/codex/h3storyboard-director-console-v2-holiday-codeb;refs/heads/codex/holiday-onecat-native-benchmark-campaign;refs/heads/codex/holiday-relay-supervisor-codec;refs/heads/codex/onecat-native-v150-awq-vlk-quality-c64-corrective-delta;refs/heads/codex/onecat-native-v150-awq-vlk-quality-c64-delta;refs/heads/codex/onecat-native-v150-awq-vlk-recovery;refs/heads/codex/onecat-native-v150-c64-canonical-readiness;refs/heads/codex/task2.2-canonical-benchmark-input-freeze;refs/heads/codex/task2.3-kvmem-harness-sync;refs/heads/codex/task2.4-prebenchmark-offline-readiness;refs/heads/codex/three-runtime-c64-canonical-transport-remediation;refs/heads/codex/three-runtime-c64-cross-runtime-calibration;refs/heads/codex/three-runtime-c64-quality-gate-policy-corrective-delta;refs/heads/codex/three-runtime-c64-quality-gate-policy-freeze;refs/heads/control/holiday-codea-to-codeb-relay,benchmarks/vm176-qwen38/tokenizer-manifest.json,1755eb36ea9eaf000853ebb851e771c98da17d12,suncaifeng/llm-inference,benchmarks/vm176-qwen38/tokenizer-manifest.json,KEEP,"LLM runtime, policy, tokenizer, benchmark corpus, fixture or engine-specific integration."
suncaifeng/comfyui-minimax-h3,refs/heads/main,644d7ff2a7a00e04db94ab347a85ed61488d5a76,refs/heads/codex/codexc-model-asset-acquisition-publish;refs/heads/codex/codexc-pinkcherry-ltx23-q6kv-refresh;refs/heads/codex/h3-ltx-director-console-v2-corrective-delta-01;refs/heads/codex/h3-ltx-director-console-v2-holiday-codeb;refs/heads/codex/h3storyboard-director-console-v2-holiday-codeb;refs/heads/codex/holiday-onecat-native-benchmark-campaign;refs/heads/codex/holiday-relay-supervisor-codec;refs/heads/codex/onecat-native-v150-awq-vlk-quality-c64-corrective-delta;refs/heads/codex/onecat-native-v150-awq-vlk-quality-c64-delta;refs/heads/codex/onecat-native-v150-awq-vlk-recovery;refs/heads/codex/onecat-native-v150-c64-canonical-readiness;refs/heads/codex/onecat-native-v150-preflight;refs/heads/codex/onecat-qwen38-gguf-loader-patch;refs/heads/codex/task2.1-offline-harness;refs/heads/codex/task2.2-canonical-benchmark-input-freeze;refs/heads/codex/task2.3-kvmem-harness-sync;refs/heads/codex/task2.4-prebenchmark-offline-readiness;refs/heads/codex/three-runtime-c64-canonical-transport-remediation;refs/heads/codex/three-runtime-c64-cross-runtime-calibration;refs/heads/codex/three-runtime-c64-quality-gate-policy-corrective-delta;refs/heads/codex/three-runtime-c64-quality-gate-policy-freeze;refs/heads/codex/vm176-v100-power-hbm-thermal-characterization;refs/heads/control/holiday-codea-to-codeb-relay;refs/heads/main,config/comfyui-track-a-constraints.txt,0f3659616b2c7d1850b1c0c3afbcfce861d64e81,suncaifeng/video-generation,config/comfyui-track-a-constraints.txt,KEEP,"H3/LTX/ComfyUI workflow, Story API, Director Console or video generation service."
suncaifeng/comfyui-minimax-h3,refs/heads/main,644d7ff2a7a00e04db94ab347a85ed61488d5a76,refs/heads/codex/codexc-model-asset-acquisition-publish;refs/heads/codex/codexc-pinkcherry-ltx23-q6kv-refresh;refs/heads/codex/h3-ltx-director-console-v2-corrective-delta-01;refs/heads/codex/h3-ltx-director-console-v2-holiday-codeb;refs/heads/codex/h3storyboard-director-console-v2-holiday-codeb;refs/heads/codex/holiday-onecat-native-benchmark-campaign;refs/heads/codex/holiday-relay-supervisor-codec;refs/heads/codex/onecat-native-v150-awq-vlk-quality-c64-corrective-delta;refs/heads/codex/onecat-native-v150-awq-vlk-quality-c64-delta;refs/heads/codex/onecat-native-v150-awq-vlk-recovery;refs/heads/codex/onecat-native-v150-c64-canonical-readiness;refs/heads/codex/onecat-native-v150-preflight;refs/heads/codex/onecat-qwen38-gguf-loader-patch;refs/heads/codex/task2.1-offline-harness;refs/heads/codex/task2.2-canonical-benchmark-input-freeze;refs/heads/codex/task2.3-kvmem-harness-sync;refs/heads/codex/task2.4-prebenchmark-offline-readiness;refs/heads/codex/three-runtime-c64-canonical-transport-remediation;refs/heads/codex/three-runtime-c64-cross-runtime-calibration;refs/heads/codex/three-runtime-c64-quality-gate-policy-corrective-delta;refs/heads/codex/three-runtime-c64-quality-gate-policy-freeze;refs/heads/codex/vm176-v100-power-hbm-thermal-characterization;refs/heads/control/holiday-codea-to-codeb-relay;refs/heads/main,config/comfyui-track-a-freeze.txt,6f09ff703bb662f5ca644ce06ebcc9170f14cbe5,suncaifeng/video-generation,config/comfyui-track-a-freeze.txt,KEEP,"H3/LTX/ComfyUI workflow, Story API, Director Console or video generation service."
suncaifeng/comfyui-minimax-h3,refs/heads/main,644d7ff2a7a00e04db94ab347a85ed61488d5a76,refs/heads/codex/codexc-model-asset-acquisition-publish;refs/heads/codex/codexc-pinkcherry-ltx23-q6kv-refresh;refs/heads/codex/h3-ltx-director-console-v2-corrective-delta-01;refs/heads/codex/h3-ltx-director-console-v2-holiday-codeb;refs/heads/codex/h3storyboard-director-console-v2-holiday-codeb;refs/heads/codex/holiday-onecat-native-benchmark-campaign;refs/heads/codex/holiday-relay-supervisor-codec;refs/heads/codex/onecat-native-v150-awq-vlk-quality-c64-corrective-delta;refs/heads/codex/onecat-native-v150-awq-vlk-quality-c64-delta;refs/heads/codex/onecat-native-v150-awq-vlk-recovery;refs/heads/codex/onecat-native-v150-c64-canonical-readiness;refs/heads/codex/onecat-native-v150-preflight;refs/heads/codex/onecat-qwen38-gguf-loader-patch;refs/heads/codex/task2.1-offline-harness;refs/heads/codex/task2.2-canonical-benchmark-input-freeze;refs/heads/codex/task2.3-kvmem-harness-sync;refs/heads/codex/task2.4-prebenchmark-offline-readiness;refs/heads/codex/three-runtime-c64-canonical-transport-remediation;refs/heads/codex/three-runtime-c64-cross-runtime-calibration;refs/heads/codex/three-runtime-c64-quality-gate-policy-corrective-delta;refs/heads/codex/three-runtime-c64-quality-gate-policy-freeze;refs/heads/codex/vm176-v100-power-hbm-thermal-characterization;refs/heads/control/holiday-codea-to-codeb-relay;refs/heads/main,config/comfyui/extra_model_paths.yaml.example,118b35559cd6d0ab57c8134f5f7d5c43272177ca,suncaifeng/video-generation,config/comfyui/extra_model_paths.yaml.example,KEEP,"H3/LTX/ComfyUI workflow, Story API, Director Console or video generation service."
suncaifeng/comfyui-minimax-h3,refs/heads/main,644d7ff2a7a00e04db94ab347a85ed61488d5a76,refs/heads/codex/codexc-model-asset-acquisition-publish;refs/heads/codex/codexc-pinkcherry-ltx23-q6kv-refresh;refs/heads/codex/h3-ltx-director-console-v2-corrective-delta-01;refs/heads/codex/h3-ltx-director-console-v2-holiday-codeb;refs/heads/codex/h3storyboard-director-console-v2-holiday-codeb;refs/heads/codex/holiday-onecat-native-benchmark-campaign;refs/heads/codex/holiday-relay-supervisor-codec;refs/heads/codex/onecat-native-v150-awq-vlk-quality-c64-corrective-delta;refs/heads/codex/onecat-native-v150-awq-vlk-quality-c64-delta;refs/heads/codex/onecat-native-v150-awq-vlk-recovery;refs/heads/codex/onecat-native-v150-c64-canonical-readiness;refs/heads/codex/onecat-native-v150-preflight;refs/heads/codex/onecat-qwen38-gguf-loader-patch;refs/heads/codex/task2.1-offline-harness;refs/heads/codex/task2.2-canonical-benchmark-input-freeze;refs/heads/codex/task2.3-kvmem-harness-sync;refs/heads/codex/task2.4-prebenchmark-offline-readiness;refs/heads/codex/three-runtime-c64-canonical-transport-remediation;refs/heads/codex/three-runtime-c64-cross-runtime-calibration;refs/heads/codex/three-runtime-c64-quality-gate-policy-corrective-delta;refs/heads/codex/three-runtime-c64-quality-gate-policy-freeze;refs/heads/codex/vm176-v100-power-hbm-thermal-characterization;refs/heads/control/holiday-codea-to-codeb-relay;refs/heads/main,config/gpu.env.example,24edf9683713eab4b46283220ed1f651eb2ece64,suncaifeng/gpu-compute + domain runtime,split:config/gpu.env.example,SPLIT_REQUIRED,"Configuration ownership depends on GPU lease, model runtime and video service; separate non-secret schemas, never copy live secrets."
suncaifeng/comfyui-minimax-h3,refs/heads/codex/holiday-relay-supervisor-codec,afe6311af8586336ef240a14fc4395569547d57e,refs/heads/codex/holiday-relay-supervisor-codec;refs/heads/control/holiday-codea-to-codeb-relay,control/vm176-holiday-relay/relay-v1.json,fa10d80f32e4e62c22e2163352702c28cc346dad,suncaifeng/DevSopByAi,archive/comfyui-minimax-h3/control/vm176-holiday-relay/relay-v1.json,ARCHIVE_ONLY,"Preserve immutable TaskContract, report, review/control evidence chain in control-plane archive; retain source commit and blob identity."
suncaifeng/comfyui-minimax-h3,refs/heads/main,644d7ff2a7a00e04db94ab347a85ed61488d5a76,refs/heads/codex/codexc-model-asset-acquisition-publish;refs/heads/codex/codexc-pinkcherry-ltx23-q6kv-refresh;refs/heads/codex/h3-ltx-director-console-v2-corrective-delta-01;refs/heads/codex/h3-ltx-director-console-v2-holiday-codeb;refs/heads/codex/h3storyboard-director-console-v2-holiday-codeb;refs/heads/codex/holiday-onecat-native-benchmark-campaign;refs/heads/codex/holiday-relay-supervisor-codec;refs/heads/codex/onecat-native-v150-awq-vlk-quality-c64-corrective-delta;refs/heads/codex/onecat-native-v150-awq-vlk-quality-c64-delta;refs/heads/codex/onecat-native-v150-awq-vlk-recovery;refs/heads/codex/onecat-native-v150-c64-canonical-readiness;refs/heads/codex/onecat-native-v150-preflight;refs/heads/codex/onecat-qwen38-gguf-loader-patch;refs/heads/codex/task2.1-offline-harness;refs/heads/codex/task2.2-canonical-benchmark-input-freeze;refs/heads/codex/task2.3-kvmem-harness-sync;refs/heads/codex/task2.4-prebenchmark-offline-readiness;refs/heads/codex/three-runtime-c64-canonical-transport-remediation;refs/heads/codex/three-runtime-c64-cross-runtime-calibration;refs/heads/codex/three-runtime-c64-quality-gate-policy-corrective-delta;refs/heads/codex/three-runtime-c64-quality-gate-policy-freeze;refs/heads/codex/vm176-v100-power-hbm-thermal-characterization;refs/heads/control/holiday-codea-to-codeb-relay;refs/heads/main,docs/2026-08-11-h3-optimization-log.md,ee6cf9a9566ae4fda0f8bf000c7050691510ed52,suncaifeng/DevSopByAi,archive/comfyui-minimax-h3/docs/2026-08-11-h3-optimization-log.md,ARCHIVE_ONLY,Repository notes and decision history are archival provenance until independently mapped.
suncaifeng/comfyui-minimax-h3,refs/heads/main,644d7ff2a7a00e04db94ab347a85ed61488d5a76,refs/heads/codex/codexc-model-asset-acquisition-publish;refs/heads/codex/codexc-pinkcherry-ltx23-q6kv-refresh;refs/heads/codex/h3-ltx-director-console-v2-corrective-delta-01;refs/heads/codex/h3-ltx-director-console-v2-holiday-codeb;refs/heads/codex/h3storyboard-director-console-v2-holiday-codeb;refs/heads/codex/holiday-onecat-native-benchmark-campaign;refs/heads/codex/holiday-relay-supervisor-codec;refs/heads/codex/onecat-native-v150-awq-vlk-quality-c64-corrective-delta;refs/heads/codex/onecat-native-v150-awq-vlk-quality-c64-delta;refs/heads/codex/onecat-native-v150-awq-vlk-recovery;refs/heads/codex/onecat-native-v150-c64-canonical-readiness;refs/heads/codex/onecat-native-v150-preflight;refs/heads/codex/onecat-qwen38-gguf-loader-patch;refs/heads/codex/task2.1-offline-harness;refs/heads/codex/task2.2-canonical-benchmark-input-freeze;refs/heads/codex/task2.3-kvmem-harness-sync;refs/heads/codex/task2.4-prebenchmark-offline-readiness;refs/heads/codex/three-runtime-c64-canonical-transport-remediation;refs/heads/codex/three-runtime-c64-cross-runtime-calibration;refs/heads/codex/three-runtime-c64-quality-gate-policy-corrective-delta;refs/heads/codex/three-runtime-c64-quality-gate-policy-freeze;refs/heads/codex/vm176-v100-power-hbm-thermal-characterization;refs/heads/control/holiday-codea-to-codeb-relay;refs/heads/main,docs/2026-08-14-readme-audit.md,285f1c84b415f8c92e284bf41b3ad53ea6440e07,suncaifeng/DevSopByAi,archive/comfyui-minimax-h3/docs/2026-08-14-readme-audit.md,ARCHIVE_ONLY,Repository notes and decision history are archival provenance until independently mapped.
suncaifeng/comfyui-minimax-h3,refs/heads/main,644d7ff2a7a00e04db94ab347a85ed61488d5a76,refs/heads/codex/codexc-model-asset-acquisition-publish;refs/heads/codex/codexc-pinkcherry-ltx23-q6kv-refresh;refs/heads/codex/h3-ltx-director-console-v2-corrective-delta-01;refs/heads/codex/h3-ltx-director-console-v2-holiday-codeb;refs/heads/codex/h3storyboard-director-console-v2-holiday-codeb;refs/heads/codex/holiday-onecat-native-benchmark-campaign;refs/heads/codex/holiday-relay-supervisor-codec;refs/heads/codex/onecat-native-v150-awq-vlk-quality-c64-corrective-delta;refs/heads/codex/onecat-native-v150-awq-vlk-quality-c64-delta;refs/heads/codex/onecat-native-v150-awq-vlk-recovery;refs/heads/codex/onecat-native-v150-c64-canonical-readiness;refs/heads/codex/onecat-native-v150-preflight;refs/heads/codex/onecat-qwen38-gguf-loader-patch;refs/heads/codex/task2.1-offline-harness;refs/heads/codex/task2.2-canonical-benchmark-input-freeze;refs/heads/codex/task2.3-kvmem-harness-sync;refs/heads/codex/task2.4-prebenchmark-offline-readiness;refs/heads/codex/three-runtime-c64-canonical-transport-remediation;refs/heads/codex/three-runtime-c64-cross-runtime-calibration;refs/heads/codex/three-runtime-c64-quality-gate-policy-corrective-delta;refs/heads/codex/three-runtime-c64-quality-gate-policy-freeze;refs/heads/codex/vm176-v100-power-hbm-thermal-characterization;refs/heads/control/holiday-codea-to-codeb-relay;refs/heads/main,docs/comfyui-sm70-runtime-decision.md,fe9fa71640293b7b3b47e80a07b3234471940c4d,suncaifeng/video-generation,docs/comfyui-sm70-runtime-decision.md,KEEP,"H3/LTX/ComfyUI workflow, Story API, Director Console or video generation service."
suncaifeng/comfyui-minimax-h3,refs/heads/codex/h3-ltx-director-console-v2-corrective-delta-01,3968742392a8967325c4a9a2c3f6c81776e00c02,refs/heads/codex/h3-ltx-director-console-v2-corrective-delta-01;refs/heads/codex/h3-ltx-director-console-v2-holiday-codeb,docs/director-console-v2/architecture.md,97d44949a047c70f95ab7c4931b24870531a8acf,suncaifeng/DevSopByAi,archive/comfyui-minimax-h3/docs/director-console-v2/architecture.md,ARCHIVE_ONLY,Repository notes and decision history are archival provenance until independently mapped.
suncaifeng/comfyui-minimax-h3,refs/heads/codex/h3-ltx-director-console-v2-corrective-delta-01,3968742392a8967325c4a9a2c3f6c81776e00c02,refs/heads/codex/h3-ltx-director-console-v2-corrective-delta-01;refs/heads/codex/h3-ltx-director-console-v2-holiday-codeb,docs/director-console-v2/protocol.md,30360104d3c8387b259cd6d80fc25c933fa8d86c,suncaifeng/DevSopByAi,archive/comfyui-minimax-h3/docs/director-console-v2/protocol.md,ARCHIVE_ONLY,Repository notes and decision history are archival provenance until independently mapped.
suncaifeng/comfyui-minimax-h3,refs/heads/codex/h3-ltx-director-console-v2-corrective-delta-01,3968742392a8967325c4a9a2c3f6c81776e00c02,refs/heads/codex/h3-ltx-director-console-v2-corrective-delta-01;refs/heads/codex/h3-ltx-director-console-v2-holiday-codeb,docs/director-console-v2/provider-capabilities.md,121b41843728522a1b4c06bdb77e727094145036,suncaifeng/DevSopByAi,archive/comfyui-minimax-h3/docs/director-console-v2/provider-capabilities.md,ARCHIVE_ONLY,Repository notes and decision history are archival provenance until independently mapped.
suncaifeng/comfyui-minimax-h3,refs/heads/codex/h3-ltx-director-console-v2-corrective-delta-01,3968742392a8967325c4a9a2c3f6c81776e00c02,refs/heads/codex/h3-ltx-director-console-v2-corrective-delta-01;refs/heads/codex/h3-ltx-director-console-v2-holiday-codeb,docs/director-console-v2/reference-manifest.md,2fe24e8eafceae71796e2b582eb1179798480d4b,suncaifeng/DevSopByAi,archive/comfyui-minimax-h3/docs/director-console-v2/reference-manifest.md,ARCHIVE_ONLY,Repository notes and decision history are archival provenance until independently mapped.
suncaifeng/comfyui-minimax-h3,refs/heads/codex/h3-ltx-director-console-v2-corrective-delta-01,3968742392a8967325c4a9a2c3f6c81776e00c02,refs/heads/codex/h3-ltx-director-console-v2-corrective-delta-01;refs/heads/codex/h3-ltx-director-console-v2-holiday-codeb,docs/director-console-v2/simple-chained-longform.md,db9f785f6dd94daa25f7cd55f7a2c785b5ca525f,suncaifeng/DevSopByAi,archive/comfyui-minimax-h3/docs/director-console-v2/simple-chained-longform.md,ARCHIVE_ONLY,Repository notes and decision history are archival provenance until independently mapped.
suncaifeng/comfyui-minimax-h3,refs/heads/main,644d7ff2a7a00e04db94ab347a85ed61488d5a76,refs/heads/codex/codexc-model-asset-acquisition-publish;refs/heads/codex/codexc-pinkcherry-ltx23-q6kv-refresh;refs/heads/codex/h3-ltx-director-console-v2-corrective-delta-01;refs/heads/codex/h3-ltx-director-console-v2-holiday-codeb;refs/heads/codex/h3storyboard-director-console-v2-holiday-codeb;refs/heads/codex/holiday-onecat-native-benchmark-campaign;refs/heads/codex/holiday-relay-supervisor-codec;refs/heads/codex/onecat-native-v150-awq-vlk-quality-c64-corrective-delta;refs/heads/codex/onecat-native-v150-awq-vlk-quality-c64-delta;refs/heads/codex/onecat-native-v150-awq-vlk-recovery;refs/heads/codex/onecat-native-v150-c64-canonical-readiness;refs/heads/codex/onecat-native-v150-preflight;refs/heads/codex/onecat-qwen38-gguf-loader-patch;refs/heads/codex/task2.1-offline-harness;refs/heads/codex/task2.2-canonical-benchmark-input-freeze;refs/heads/codex/task2.3-kvmem-harness-sync;refs/heads/codex/task2.4-prebenchmark-offline-readiness;refs/heads/codex/three-runtime-c64-canonical-transport-remediation;refs/heads/codex/three-runtime-c64-cross-runtime-calibration;refs/heads/codex/three-runtime-c64-quality-gate-policy-corrective-delta;refs/heads/codex/three-runtime-c64-quality-gate-policy-freeze;refs/heads/codex/vm176-v100-power-hbm-thermal-characterization;refs/heads/control/holiday-codea-to-codeb-relay;refs/heads/main,docs/h3-model-inventory.md,bbd1b2b6bcf8844f86b7f731ef68b4b5d632c96d,suncaifeng/DevSopByAi,archive/comfyui-minimax-h3/docs/h3-model-inventory.md,ARCHIVE_ONLY,Repository notes and decision history are archival provenance until independently mapped.
suncaifeng/comfyui-minimax-h3,refs/heads/main,644d7ff2a7a00e04db94ab347a85ed61488d5a76,refs/heads/codex/codexc-model-asset-acquisition-publish;refs/heads/codex/codexc-pinkcherry-ltx23-q6kv-refresh;refs/heads/codex/h3-ltx-director-console-v2-corrective-delta-01;refs/heads/codex/h3-ltx-director-console-v2-holiday-codeb;refs/heads/codex/h3storyboard-director-console-v2-holiday-codeb;refs/heads/codex/holiday-onecat-native-benchmark-campaign;refs/heads/codex/holiday-relay-supervisor-codec;refs/heads/codex/onecat-native-v150-awq-vlk-quality-c64-corrective-delta;refs/heads/codex/onecat-native-v150-awq-vlk-quality-c64-delta;refs/heads/codex/onecat-native-v150-awq-vlk-recovery;refs/heads/codex/onecat-native-v150-c64-canonical-readiness;refs/heads/codex/onecat-native-v150-preflight;refs/heads/codex/onecat-qwen38-gguf-loader-patch;refs/heads/codex/task2.1-offline-harness;refs/heads/codex/task2.2-canonical-benchmark-input-freeze;refs/heads/codex/task2.3-kvmem-harness-sync;refs/heads/codex/task2.4-prebenchmark-offline-readiness;refs/heads/codex/three-runtime-c64-canonical-transport-remediation;refs/heads/codex/three-runtime-c64-cross-runtime-calibration;refs/heads/codex/three-runtime-c64-quality-gate-policy-corrective-delta;refs/heads/codex/three-runtime-c64-quality-gate-policy-freeze;refs/heads/codex/vm176-v100-power-hbm-thermal-characterization;refs/heads/control/holiday-codea-to-codeb-relay;refs/heads/main,docs/h3-story-console-production-plan.md,99e960439d993d0f719342986146ebbfe8b4051e,suncaifeng/DevSopByAi,archive/comfyui-minimax-h3/docs/h3-story-console-production-plan.md,ARCHIVE_ONLY,Repository notes and decision history are archival provenance until independently mapped.
suncaifeng/comfyui-minimax-h3,refs/heads/main,644d7ff2a7a00e04db94ab347a85ed61488d5a76,refs/heads/codex/codexc-model-asset-acquisition-publish;refs/heads/codex/codexc-pinkcherry-ltx23-q6kv-refresh;refs/heads/codex/h3-ltx-director-console-v2-corrective-delta-01;refs/heads/codex/h3-ltx-director-console-v2-holiday-codeb;refs/heads/codex/h3storyboard-director-console-v2-holiday-codeb;refs/heads/codex/holiday-onecat-native-benchmark-campaign;refs/heads/codex/holiday-relay-supervisor-codec;refs/heads/codex/onecat-native-v150-awq-vlk-quality-c64-corrective-delta;refs/heads/codex/onecat-native-v150-awq-vlk-quality-c64-delta;refs/heads/codex/onecat-native-v150-awq-vlk-recovery;refs/heads/codex/onecat-native-v150-c64-canonical-readiness;refs/heads/codex/onecat-native-v150-preflight;refs/heads/codex/onecat-qwen38-gguf-loader-patch;refs/heads/codex/task2.1-offline-harness;refs/heads/codex/task2.2-canonical-benchmark-input-freeze;refs/heads/codex/task2.3-kvmem-harness-sync;refs/heads/codex/task2.4-prebenchmark-offline-readiness;refs/heads/codex/three-runtime-c64-canonical-transport-remediation;refs/heads/codex/three-runtime-c64-cross-runtime-calibration;refs/heads/codex/three-runtime-c64-quality-gate-policy-corrective-delta;refs/heads/codex/three-runtime-c64-quality-gate-policy-freeze;refs/heads/codex/vm176-v100-power-hbm-thermal-characterization;refs/heads/control/holiday-codea-to-codeb-relay;refs/heads/main,docs/h3-turbo-artifact-manifest.md,0ec68f9c67bb36220b6a511123ef208b9ee335dd,suncaifeng/DevSopByAi,archive/comfyui-minimax-h3/docs/h3-turbo-artifact-manifest.md,ARCHIVE_ONLY,Repository notes and decision history are archival provenance until independently mapped.
suncaifeng/comfyui-minimax-h3,refs/heads/main,644d7ff2a7a00e04db94ab347a85ed61488d5a76,refs/heads/codex/codexc-model-asset-acquisition-publish;refs/heads/codex/codexc-pinkcherry-ltx23-q6kv-refresh;refs/heads/codex/h3-ltx-director-console-v2-corrective-delta-01;refs/heads/codex/h3-ltx-director-console-v2-holiday-codeb;refs/heads/codex/h3storyboard-director-console-v2-holiday-codeb;refs/heads/codex/holiday-onecat-native-benchmark-campaign;refs/heads/codex/holiday-relay-supervisor-codec;refs/heads/codex/onecat-native-v150-awq-vlk-quality-c64-corrective-delta;refs/heads/codex/onecat-native-v150-awq-vlk-quality-c64-delta;refs/heads/codex/onecat-native-v150-awq-vlk-recovery;refs/heads/codex/onecat-native-v150-c64-canonical-readiness;refs/heads/codex/onecat-native-v150-preflight;refs/heads/codex/onecat-qwen38-gguf-loader-patch;refs/heads/codex/task2.1-offline-harness;refs/heads/codex/task2.2-canonical-benchmark-input-freeze;refs/heads/codex/task2.3-kvmem-harness-sync;refs/heads/codex/task2.4-prebenchmark-offline-readiness;refs/heads/codex/three-runtime-c64-canonical-transport-remediation;refs/heads/codex/three-runtime-c64-cross-runtime-calibration;refs/heads/codex/three-runtime-c64-quality-gate-policy-corrective-delta;refs/heads/codex/three-runtime-c64-quality-gate-policy-freeze;refs/heads/codex/vm176-v100-power-hbm-thermal-characterization;refs/heads/control/holiday-codea-to-codeb-relay;refs/heads/main,docs/llm-runtime-ab-plan.md,8bedce134d13fe3d1864120297aecf9fbc7f5cef,suncaifeng/DevSopByAi,archive/comfyui-minimax-h3/docs/llm-runtime-ab-plan.md,ARCHIVE_ONLY,Repository notes and decision history are archival provenance until independently mapped.
suncaifeng/comfyui-minimax-h3,refs/heads/main,644d7ff2a7a00e04db94ab347a85ed61488d5a76,refs/heads/codex/codexc-model-asset-acquisition-publish;refs/heads/codex/codexc-pinkcherry-ltx23-q6kv-refresh;refs/heads/codex/h3-ltx-director-console-v2-corrective-delta-01;refs/heads/codex/h3-ltx-director-console-v2-holiday-codeb;refs/heads/codex/h3storyboard-director-console-v2-holiday-codeb;refs/heads/codex/holiday-onecat-native-benchmark-campaign;refs/heads/codex/holiday-relay-supervisor-codec;refs/heads/codex/onecat-native-v150-awq-vlk-quality-c64-corrective-delta;refs/heads/codex/onecat-native-v150-awq-vlk-quality-c64-delta;refs/heads/codex/onecat-native-v150-awq-vlk-recovery;refs/heads/codex/onecat-native-v150-c64-canonical-readiness;refs/heads/codex/onecat-native-v150-preflight;refs/heads/codex/onecat-qwen38-gguf-loader-patch;refs/heads/codex/task2.1-offline-harness;refs/heads/codex/task2.2-canonical-benchmark-input-freeze;refs/heads/codex/task2.3-kvmem-harness-sync;refs/heads/codex/task2.4-prebenchmark-offline-readiness;refs/heads/codex/three-runtime-c64-canonical-transport-remediation;refs/heads/codex/three-runtime-c64-cross-runtime-calibration;refs/heads/codex/three-runtime-c64-quality-gate-policy-corrective-delta;refs/heads/codex/three-runtime-c64-quality-gate-policy-freeze;refs/heads/codex/vm176-v100-power-hbm-thermal-characterization;refs/heads/control/holiday-codea-to-codeb-relay;refs/heads/main,docs/model-manifest-2026-09.md,edf20b26be5881dc3801eecbc309efd077b1c1e7,suncaifeng/DevSopByAi,archive/comfyui-minimax-h3/docs/model-manifest-2026-09.md,ARCHIVE_ONLY,Repository notes and decision history are archival provenance until independently mapped.
suncaifeng/comfyui-minimax-h3,refs/heads/main,644d7ff2a7a00e04db94ab347a85ed61488d5a76,refs/heads/codex/codexc-model-asset-acquisition-publish;refs/heads/codex/codexc-pinkcherry-ltx23-q6kv-refresh;refs/heads/codex/h3-ltx-director-console-v2-corrective-delta-01;refs/heads/codex/h3-ltx-director-console-v2-holiday-codeb;refs/heads/codex/h3storyboard-director-console-v2-holiday-codeb;refs/heads/codex/holiday-onecat-native-benchmark-campaign;refs/heads/codex/holiday-relay-supervisor-codec;refs/heads/codex/onecat-native-v150-awq-vlk-quality-c64-corrective-delta;refs/heads/codex/onecat-native-v150-awq-vlk-quality-c64-delta;refs/heads/codex/onecat-native-v150-awq-vlk-recovery;refs/heads/codex/onecat-native-v150-c64-canonical-readiness;refs/heads/codex/onecat-native-v150-preflight;refs/heads/codex/onecat-qwen38-gguf-loader-patch;refs/heads/codex/task2.1-offline-harness;refs/heads/codex/task2.2-canonical-benchmark-input-freeze;refs/heads/codex/task2.3-kvmem-harness-sync;refs/heads/codex/task2.4-prebenchmark-offline-readiness;refs/heads/codex/three-runtime-c64-canonical-transport-remediation;refs/heads/codex/three-runtime-c64-cross-runtime-calibration;refs/heads/codex/three-runtime-c64-quality-gate-policy-corrective-delta;refs/heads/codex/three-runtime-c64-quality-gate-policy-freeze;refs/heads/codex/vm176-v100-power-hbm-thermal-characterization;refs/heads/control/holiday-codea-to-codeb-relay;refs/heads/main,docs/plans/VM176-STORAGE-MODEL-LAYOUT-PLAN-2026-09-22.md,af2655af36dd5867ab56764cc3fdaf2f94ffdb35,suncaifeng/DevSopByAi,archive/comfyui-minimax-h3/docs/plans/VM176-STORAGE-MODEL-LAYOUT-PLAN-2026-09-22.md,ARCHIVE_ONLY,Repository notes and decision history are archival provenance until independently mapped.
suncaifeng/comfyui-minimax-h3,refs/heads/codex/h3-ltx-director-console-v2-corrective-delta-01,3968742392a8967325c4a9a2c3f6c81776e00c02,refs/heads/codex/h3-ltx-director-console-v2-corrective-delta-01,docs/tasks/H3-LTX-DIRECTOR-CONSOLE-V2-CORRECTIVE-DELTA-01-2026-10-08.md,f2ee5adddfce453f3e37da3e2a151c7b255ed128,suncaifeng/DevSopByAi,archive/comfyui-minimax-h3/docs/tasks/H3-LTX-DIRECTOR-CONSOLE-V2-CORRECTIVE-DELTA-01-2026-10-08.md,ARCHIVE_ONLY,"Preserve immutable TaskContract, report, review/control evidence chain in control-plane archive; retain source commit and blob identity."
suncaifeng/comfyui-minimax-h3,refs/heads/codex/h3-ltx-director-console-v2-corrective-delta-01,3968742392a8967325c4a9a2c3f6c81776e00c02,refs/heads/codex/h3-ltx-director-console-v2-corrective-delta-01;refs/heads/codex/h3-ltx-director-console-v2-holiday-codeb,docs/tasks/H3-LTX-DIRECTOR-CONSOLE-V2-HOLIDAY-CAMPAIGN-2026-10-02.md,8b96164b1b5c4d04b382cc1c8eddfc80683026fb,suncaifeng/DevSopByAi,archive/comfyui-minimax-h3/docs/tasks/H3-LTX-DIRECTOR-CONSOLE-V2-HOLIDAY-CAMPAIGN-2026-10-02.md,ARCHIVE_ONLY,"Preserve immutable TaskContract, report, review/control evidence chain in control-plane archive; retain source commit and blob identity."
suncaifeng/comfyui-minimax-h3,refs/heads/codex/h3storyboard-director-console-v2-holiday-codeb,1ef0053dcaec64e2f125ba5cdea3185669ca24d9,refs/heads/codex/h3storyboard-director-console-v2-holiday-codeb,docs/tasks/H3STORYBOARD-DIRECTOR-CONSOLE-V2-HOLIDAY-CAMPAIGN-2026-10-02.md,edda574bfe143f2e911b90a8af01e0b020b6d04e,suncaifeng/DevSopByAi,archive/comfyui-minimax-h3/docs/tasks/H3STORYBOARD-DIRECTOR-CONSOLE-V2-HOLIDAY-CAMPAIGN-2026-10-02.md,ARCHIVE_ONLY,"Preserve immutable TaskContract, report, review/control evidence chain in control-plane archive; retain source commit and blob identity."
suncaifeng/comfyui-minimax-h3,refs/heads/main,644d7ff2a7a00e04db94ab347a85ed61488d5a76,refs/heads/codex/codexc-model-asset-acquisition-publish;refs/heads/codex/codexc-pinkcherry-ltx23-q6kv-refresh;refs/heads/codex/h3-ltx-director-console-v2-corrective-delta-01;refs/heads/codex/h3-ltx-director-console-v2-holiday-codeb;refs/heads/codex/h3storyboard-director-console-v2-holiday-codeb;refs/heads/codex/holiday-onecat-native-benchmark-campaign;refs/heads/codex/holiday-relay-supervisor-codec;refs/heads/codex/onecat-native-v150-awq-vlk-quality-c64-corrective-delta;refs/heads/codex/onecat-native-v150-awq-vlk-quality-c64-delta;refs/heads/codex/onecat-native-v150-awq-vlk-recovery;refs/heads/codex/onecat-native-v150-c64-canonical-readiness;refs/heads/codex/onecat-native-v150-preflight;refs/heads/codex/onecat-qwen38-gguf-loader-patch;refs/heads/codex/task2.1-offline-harness;refs/heads/codex/task2.2-canonical-benchmark-input-freeze;refs/heads/codex/task2.3-kvmem-harness-sync;refs/heads/codex/task2.4-prebenchmark-offline-readiness;refs/heads/codex/three-runtime-c64-canonical-transport-remediation;refs/heads/codex/three-runtime-c64-cross-runtime-calibration;refs/heads/codex/three-runtime-c64-quality-gate-policy-corrective-delta;refs/heads/codex/three-runtime-c64-quality-gate-policy-freeze;refs/heads/codex/vm176-v100-power-hbm-thermal-characterization;refs/heads/control/holiday-codea-to-codeb-relay;refs/heads/main,docs/tasks/PVE75-INDEPENDENT-CONTROL-PATH-2026-09-22.md,e9b7ec4d2fc9364d4c7cd34c821a181ba723ca00,suncaifeng/DevSopByAi,archive/comfyui-minimax-h3/docs/tasks/PVE75-INDEPENDENT-CONTROL-PATH-2026-09-22.md,ARCHIVE_ONLY,"Preserve immutable TaskContract, report, review/control evidence chain in control-plane archive; retain source commit and blob identity."
suncaifeng/comfyui-minimax-h3,refs/heads/main,644d7ff2a7a00e04db94ab347a85ed61488d5a76,refs/heads/codex/codexc-model-asset-acquisition-publish;refs/heads/codex/codexc-pinkcherry-ltx23-q6kv-refresh;refs/heads/codex/h3-ltx-director-console-v2-corrective-delta-01;refs/heads/codex/h3-ltx-director-console-v2-holiday-codeb;refs/heads/codex/h3storyboard-director-console-v2-holiday-codeb;refs/heads/codex/holiday-onecat-native-benchmark-campaign;refs/heads/codex/holiday-relay-supervisor-codec;refs/heads/codex/onecat-native-v150-awq-vlk-quality-c64-corrective-delta;refs/heads/codex/onecat-native-v150-awq-vlk-quality-c64-delta;refs/heads/codex/onecat-native-v150-awq-vlk-recovery;refs/heads/codex/onecat-native-v150-c64-canonical-readiness;refs/heads/codex/onecat-native-v150-preflight;refs/heads/codex/onecat-qwen38-gguf-loader-patch;refs/heads/codex/task2.1-offline-harness;refs/heads/codex/task2.2-canonical-benchmark-input-freeze;refs/heads/codex/task2.3-kvmem-harness-sync;refs/heads/codex/task2.4-prebenchmark-offline-readiness;refs/heads/codex/three-runtime-c64-canonical-transport-remediation;refs/heads/codex/three-runtime-c64-cross-runtime-calibration;refs/heads/codex/three-runtime-c64-quality-gate-policy-corrective-delta;refs/heads/codex/three-runtime-c64-quality-gate-policy-freeze;refs/heads/codex/vm176-v100-power-hbm-thermal-characterization;refs/heads/control/holiday-codea-to-codeb-relay;refs/heads/main,docs/tasks/PVE75-RESOURCE-DISCOVERY-COMPLETION-2026-09-22.md,21bd3de243446e381c91327595f3f5b1e5fc2145,suncaifeng/DevSopByAi,archive/comfyui-minimax-h3/docs/tasks/PVE75-RESOURCE-DISCOVERY-COMPLETION-2026-09-22.md,ARCHIVE_ONLY,"Preserve immutable TaskContract, report, review/control evidence chain in control-plane archive; retain source commit and blob identity."
suncaifeng/comfyui-minimax-h3,refs/heads/codex/codexc-model-asset-acquisition-publish,ed0abf46b1733e9e0e4dd60e91379000880f6950,refs/heads/codex/codexc-model-asset-acquisition-publish;refs/heads/codex/codexc-pinkcherry-ltx23-q6kv-refresh,docs/tasks/VM176-CODEXC-MODEL-ASSET-ACQUISITION-GIT-PUBLISH-2026-09-30.md,5d83789865d96ec716465c709d397606b8f3641e,suncaifeng/DevSopByAi,archive/comfyui-minimax-h3/docs/tasks/VM176-CODEXC-MODEL-ASSET-ACQUISITION-GIT-PUBLISH-2026-09-30.md,ARCHIVE_ONLY,"Preserve immutable TaskContract, report, review/control evidence chain in control-plane archive; retain source commit and blob identity."
suncaifeng/comfyui-minimax-h3,refs/heads/main,644d7ff2a7a00e04db94ab347a85ed61488d5a76,refs/heads/codex/codexc-model-asset-acquisition-publish;refs/heads/codex/codexc-pinkcherry-ltx23-q6kv-refresh;refs/heads/codex/onecat-native-v150-preflight;refs/heads/codex/onecat-qwen38-gguf-loader-patch;refs/heads/codex/vm176-v100-power-hbm-thermal-characterization;refs/heads/main,docs/tasks/VM176-CODEXC-MODEL-ASSET-PREFLIGHT-AND-ACQUISITION-2026-09-29.md,31ec0b0c3f72ba23c6eb0fdfb744f06892ea9179,suncaifeng/DevSopByAi,archive/comfyui-minimax-h3/docs/tasks/VM176-CODEXC-MODEL-ASSET-PREFLIGHT-AND-ACQUISITION-2026-09-29.md,ARCHIVE_ONLY,"Preserve immutable TaskContract, report, review/control evidence chain in control-plane archive; retain source commit and blob identity."
suncaifeng/comfyui-minimax-h3,refs/heads/codex/codexc-pinkcherry-ltx23-q6kv-refresh,a1976cfcc4a5f93fd8d02b8e50a9873a4aba8e49,refs/heads/codex/codexc-pinkcherry-ltx23-q6kv-refresh,docs/tasks/VM176-CODEXC-PINKCHERRY-LTX23-Q6KV-UPSTREAM-REFRESH-AND-ACQUISITION-2026-09-30.md,e23f664906c882ce426ae8a293eb791d258f4103,suncaifeng/DevSopByAi,archive/comfyui-minimax-h3/docs/tasks/VM176-CODEXC-PINKCHERRY-LTX23-Q6KV-UPSTREAM-REFRESH-AND-ACQUISITION-2026-09-30.md,ARCHIVE_ONLY,"Preserve immutable TaskContract, report, review/control evidence chain in control-plane archive; retain source commit and blob identity."
suncaifeng/comfyui-minimax-h3,refs/heads/main,644d7ff2a7a00e04db94ab347a85ed61488d5a76,refs/heads/codex/codexc-model-asset-acquisition-publish;refs/heads/codex/codexc-pinkcherry-ltx23-q6kv-refresh;refs/heads/codex/h3-ltx-director-console-v2-corrective-delta-01;refs/heads/codex/h3-ltx-director-console-v2-holiday-codeb;refs/heads/codex/h3storyboard-director-console-v2-holiday-codeb;refs/heads/codex/holiday-onecat-native-benchmark-campaign;refs/heads/codex/holiday-relay-supervisor-codec;refs/heads/codex/onecat-native-v150-awq-vlk-quality-c64-corrective-delta;refs/heads/codex/onecat-native-v150-awq-vlk-quality-c64-delta;refs/heads/codex/onecat-native-v150-awq-vlk-recovery;refs/heads/codex/onecat-native-v150-c64-canonical-readiness;refs/heads/codex/onecat-native-v150-preflight;refs/heads/codex/onecat-qwen38-gguf-loader-patch;refs/heads/codex/task2.1-offline-harness;refs/heads/codex/task2.2-canonical-benchmark-input-freeze;refs/heads/codex/task2.3-kvmem-harness-sync;refs/heads/codex/task2.4-prebenchmark-offline-readiness;refs/heads/codex/three-runtime-c64-canonical-transport-remediation;refs/heads/codex/three-runtime-c64-cross-runtime-calibration;refs/heads/codex/three-runtime-c64-quality-gate-policy-corrective-delta;refs/heads/codex/three-runtime-c64-quality-gate-policy-freeze;refs/heads/codex/vm176-v100-power-hbm-thermal-characterization;refs/heads/control/holiday-codea-to-codeb-relay;refs/heads/main,docs/tasks/VM176-GPU-NODE-RESOURCE-DISCOVERY-2026-09-22.md,ca0cea171168d6f298b0a5354f00240cc3710642,suncaifeng/DevSopByAi,archive/comfyui-minimax-h3/docs/tasks/VM176-GPU-NODE-RESOURCE-DISCOVERY-2026-09-22.md,ARCHIVE_ONLY,"Preserve immutable TaskContract, report, review/control evidence chain in control-plane archive; retain source commit and blob identity."
suncaifeng/comfyui-minimax-h3,refs/heads/main,644d7ff2a7a00e04db94ab347a85ed61488d5a76,refs/heads/codex/codexc-model-asset-acquisition-publish;refs/heads/codex/codexc-pinkcherry-ltx23-q6kv-refresh;refs/heads/codex/h3-ltx-director-console-v2-corrective-delta-01;refs/heads/codex/h3-ltx-director-console-v2-holiday-codeb;refs/heads/codex/h3storyboard-director-console-v2-holiday-codeb;refs/heads/codex/holiday-onecat-native-benchmark-campaign;refs/heads/codex/holiday-relay-supervisor-codec;refs/heads/codex/onecat-native-v150-awq-vlk-quality-c64-corrective-delta;refs/heads/codex/onecat-native-v150-awq-vlk-quality-c64-delta;refs/heads/codex/onecat-native-v150-awq-vlk-recovery;refs/heads/codex/onecat-native-v150-c64-canonical-readiness;refs/heads/codex/onecat-native-v150-preflight;refs/heads/codex/onecat-qwen38-gguf-loader-patch;refs/heads/codex/task2.1-offline-harness;refs/heads/codex/task2.2-canonical-benchmark-input-freeze;refs/heads/codex/task2.3-kvmem-harness-sync;refs/heads/codex/task2.4-prebenchmark-offline-readiness;refs/heads/codex/three-runtime-c64-canonical-transport-remediation;refs/heads/codex/three-runtime-c64-cross-runtime-calibration;refs/heads/codex/three-runtime-c64-quality-gate-policy-corrective-delta;refs/heads/codex/three-runtime-c64-quality-gate-policy-freeze;refs/heads/codex/vm176-v100-power-hbm-thermal-characterization;refs/heads/control/holiday-codea-to-codeb-relay;refs/heads/main,docs/tasks/VM176-HASHCAT-REMOVAL-2026-09-23.md,e4b11f0c1896de7dc9e77935a6957078fa1ef7c1,suncaifeng/DevSopByAi,archive/comfyui-minimax-h3/docs/tasks/VM176-HASHCAT-REMOVAL-2026-09-23.md,ARCHIVE_ONLY,"Preserve immutable TaskContract, report, review/control evidence chain in control-plane archive; retain source commit and blob identity."
suncaifeng/comfyui-minimax-h3,refs/heads/main,644d7ff2a7a00e04db94ab347a85ed61488d5a76,refs/heads/codex/codexc-model-asset-acquisition-publish;refs/heads/codex/codexc-pinkcherry-ltx23-q6kv-refresh;refs/heads/codex/h3-ltx-director-console-v2-corrective-delta-01;refs/heads/codex/h3-ltx-director-console-v2-holiday-codeb;refs/heads/codex/h3storyboard-director-console-v2-holiday-codeb;refs/heads/codex/holiday-onecat-native-benchmark-campaign;refs/heads/codex/holiday-relay-supervisor-codec;refs/heads/codex/onecat-native-v150-awq-vlk-quality-c64-corrective-delta;refs/heads/codex/onecat-native-v150-awq-vlk-quality-c64-delta;refs/heads/codex/onecat-native-v150-awq-vlk-recovery;refs/heads/codex/onecat-native-v150-c64-canonical-readiness;refs/heads/codex/onecat-native-v150-preflight;refs/heads/codex/onecat-qwen38-gguf-loader-patch;refs/heads/codex/task2.1-offline-harness;refs/heads/codex/task2.2-canonical-benchmark-input-freeze;refs/heads/codex/task2.3-kvmem-harness-sync;refs/heads/codex/task2.4-prebenchmark-offline-readiness;refs/heads/codex/three-runtime-c64-canonical-transport-remediation;refs/heads/codex/three-runtime-c64-cross-runtime-calibration;refs/heads/codex/three-runtime-c64-quality-gate-policy-corrective-delta;refs/heads/codex/three-runtime-c64-quality-gate-policy-freeze;refs/heads/codex/vm176-v100-power-hbm-thermal-characterization;refs/heads/control/holiday-codea-to-codeb-relay;refs/heads/main,docs/tasks/VM176-HASHCAT-USAGE-AND-REMOVAL-PREFLIGHT-2026-09-23.md,f77f6174ddb12b95276aace83373ae6ca4c50145,suncaifeng/DevSopByAi,archive/comfyui-minimax-h3/docs/tasks/VM176-HASHCAT-USAGE-AND-REMOVAL-PREFLIGHT-2026-09-23.md,ARCHIVE_ONLY,"Preserve immutable TaskContract, report, review/control evidence chain in control-plane archive; retain source commit and blob identity."
suncaifeng/comfyui-minimax-h3,refs/heads/codex/holiday-relay-supervisor-codec,afe6311af8586336ef240a14fc4395569547d57e,refs/heads/codex/holiday-relay-supervisor-codec;refs/heads/control/holiday-codea-to-codeb-relay,docs/tasks/VM176-HOLIDAY-CODEXA-TO-CODEXB-RELAY-HANDOFF-2026-10-02.md,647441db47507a4864dc9bb036aef71434b0f4ce,suncaifeng/DevSopByAi,archive/comfyui-minimax-h3/docs/tasks/VM176-HOLIDAY-CODEXA-TO-CODEXB-RELAY-HANDOFF-2026-10-02.md,ARCHIVE_ONLY,"Preserve immutable TaskContract, report, review/control evidence chain in control-plane archive; retain source commit and blob identity."
suncaifeng/comfyui-minimax-h3,refs/heads/codex/h3-ltx-director-console-v2-corrective-delta-01,3968742392a8967325c4a9a2c3f6c81776e00c02,refs/heads/codex/h3-ltx-director-console-v2-corrective-delta-01;refs/heads/codex/h3-ltx-director-console-v2-holiday-codeb;refs/heads/codex/h3storyboard-director-console-v2-holiday-codeb;refs/heads/codex/holiday-onecat-native-benchmark-campaign;refs/heads/codex/holiday-relay-supervisor-codec;refs/heads/codex/onecat-native-v150-awq-vlk-quality-c64-corrective-delta;refs/heads/codex/onecat-native-v150-awq-vlk-quality-c64-delta;refs/heads/codex/onecat-native-v150-awq-vlk-recovery;refs/heads/codex/onecat-native-v150-c64-canonical-readiness;refs/heads/codex/three-runtime-c64-canonical-transport-remediation;refs/heads/codex/three-runtime-c64-cross-runtime-calibration;refs/heads/codex/three-runtime-c64-quality-gate-policy-corrective-delta;refs/heads/codex/three-runtime-c64-quality-gate-policy-freeze;refs/heads/control/holiday-codea-to-codeb-relay,docs/tasks/VM176-HOLIDAY-CODEXB-ONECAT-NATIVE-TO-FORMAL-BENCHMARK-CAMPAIGN-2026-09-30.md,f714173e3172f4aba206e821b9e57e63719c6270,suncaifeng/DevSopByAi,archive/comfyui-minimax-h3/docs/tasks/VM176-HOLIDAY-CODEXB-ONECAT-NATIVE-TO-FORMAL-BENCHMARK-CAMPAIGN-2026-09-30.md,ARCHIVE_ONLY,"Preserve immutable TaskContract, report, review/control evidence chain in control-plane archive; retain source commit and blob identity."
suncaifeng/comfyui-minimax-h3,refs/heads/codex/holiday-relay-supervisor-codec,afe6311af8586336ef240a14fc4395569547d57e,refs/heads/codex/holiday-relay-supervisor-codec,docs/tasks/VM176-HOLIDAY-CODEXC-RELAY-SUPERVISOR-DEPLOYMENT-2026-10-02.md,875c0380f22764b405b03dd16873322f797df3d1,suncaifeng/DevSopByAi,archive/comfyui-minimax-h3/docs/tasks/VM176-HOLIDAY-CODEXC-RELAY-SUPERVISOR-DEPLOYMENT-2026-10-02.md,ARCHIVE_ONLY,"Preserve immutable TaskContract, report, review/control evidence chain in control-plane archive; retain source commit and blob identity."
suncaifeng/comfyui-minimax-h3,refs/heads/main,644d7ff2a7a00e04db94ab347a85ed61488d5a76,refs/heads/codex/codexc-model-asset-acquisition-publish;refs/heads/codex/codexc-pinkcherry-ltx23-q6kv-refresh;refs/heads/codex/h3-ltx-director-console-v2-corrective-delta-01;refs/heads/codex/h3-ltx-director-console-v2-holiday-codeb;refs/heads/codex/h3storyboard-director-console-v2-holiday-codeb;refs/heads/codex/holiday-onecat-native-benchmark-campaign;refs/heads/codex/holiday-relay-supervisor-codec;refs/heads/codex/onecat-native-v150-awq-vlk-quality-c64-corrective-delta;refs/heads/codex/onecat-native-v150-awq-vlk-quality-c64-delta;refs/heads/codex/onecat-native-v150-awq-vlk-recovery;refs/heads/codex/onecat-native-v150-c64-canonical-readiness;refs/heads/codex/onecat-native-v150-preflight;refs/heads/codex/onecat-qwen38-gguf-loader-patch;refs/heads/codex/task2.1-offline-harness;refs/heads/codex/task2.2-canonical-benchmark-input-freeze;refs/heads/codex/task2.3-kvmem-harness-sync;refs/heads/codex/task2.4-prebenchmark-offline-readiness;refs/heads/codex/three-runtime-c64-canonical-transport-remediation;refs/heads/codex/three-runtime-c64-cross-runtime-calibration;refs/heads/codex/three-runtime-c64-quality-gate-policy-corrective-delta;refs/heads/codex/three-runtime-c64-quality-gate-policy-freeze;refs/heads/codex/vm176-v100-power-hbm-thermal-characterization;refs/heads/control/holiday-codea-to-codeb-relay;refs/heads/main,docs/tasks/VM176-LLM-RUNTIME-FOUNDATION-GATE-A-DRIVER-CUDA128-PREFLIGHT-2026-09-23.md,9d5a620e0d77c9969d2d161ebe23f85ca8123335,suncaifeng/DevSopByAi,archive/comfyui-minimax-h3/docs/tasks/VM176-LLM-RUNTIME-FOUNDATION-GATE-A-DRIVER-CUDA128-PREFLIGHT-2026-09-23.md,ARCHIVE_ONLY,"Preserve immutable TaskContract, report, review/control evidence chain in control-plane archive; retain source commit and blob identity."
suncaifeng/comfyui-minimax-h3,refs/heads/main,644d7ff2a7a00e04db94ab347a85ed61488d5a76,refs/heads/codex/codexc-model-asset-acquisition-publish;refs/heads/codex/codexc-pinkcherry-ltx23-q6kv-refresh;refs/heads/codex/h3-ltx-director-console-v2-corrective-delta-01;refs/heads/codex/h3-ltx-director-console-v2-holiday-codeb;refs/heads/codex/h3storyboard-director-console-v2-holiday-codeb;refs/heads/codex/holiday-onecat-native-benchmark-campaign;refs/heads/codex/holiday-relay-supervisor-codec;refs/heads/codex/onecat-native-v150-awq-vlk-quality-c64-corrective-delta;refs/heads/codex/onecat-native-v150-awq-vlk-quality-c64-delta;refs/heads/codex/onecat-native-v150-awq-vlk-recovery;refs/heads/codex/onecat-native-v150-c64-canonical-readiness;refs/heads/codex/onecat-native-v150-preflight;refs/heads/codex/onecat-qwen38-gguf-loader-patch;refs/heads/codex/task2.1-offline-harness;refs/heads/codex/task2.2-canonical-benchmark-input-freeze;refs/heads/codex/task2.3-kvmem-harness-sync;refs/heads/codex/task2.4-prebenchmark-offline-readiness;refs/heads/codex/three-runtime-c64-canonical-transport-remediation;refs/heads/codex/three-runtime-c64-cross-runtime-calibration;refs/heads/codex/three-runtime-c64-quality-gate-policy-corrective-delta;refs/heads/codex/three-runtime-c64-quality-gate-policy-freeze;refs/heads/codex/vm176-v100-power-hbm-thermal-characterization;refs/heads/control/holiday-codea-to-codeb-relay;refs/heads/main,docs/tasks/VM176-LLM-RUNTIME-FOUNDATION-GATE-B-CLOSURE-R580-DEBS-ROLLBACK-APT-SIM-2026-09-23.md,cf41c1c539b7f333f0b7d47fc293ba44e63dbe9f,suncaifeng/DevSopByAi,archive/comfyui-minimax-h3/docs/tasks/VM176-LLM-RUNTIME-FOUNDATION-GATE-B-CLOSURE-R580-DEBS-ROLLBACK-APT-SIM-2026-09-23.md,ARCHIVE_ONLY,"Preserve immutable TaskContract, report, review/control evidence chain in control-plane archive; retain source commit and blob identity."
suncaifeng/comfyui-minimax-h3,refs/heads/main,644d7ff2a7a00e04db94ab347a85ed61488d5a76,refs/heads/codex/codexc-model-asset-acquisition-publish;refs/heads/codex/codexc-pinkcherry-ltx23-q6kv-refresh;refs/heads/codex/h3-ltx-director-console-v2-corrective-delta-01;refs/heads/codex/h3-ltx-director-console-v2-holiday-codeb;refs/heads/codex/h3storyboard-director-console-v2-holiday-codeb;refs/heads/codex/holiday-onecat-native-benchmark-campaign;refs/heads/codex/holiday-relay-supervisor-codec;refs/heads/codex/onecat-native-v150-awq-vlk-quality-c64-corrective-delta;refs/heads/codex/onecat-native-v150-awq-vlk-quality-c64-delta;refs/heads/codex/onecat-native-v150-awq-vlk-recovery;refs/heads/codex/onecat-native-v150-c64-canonical-readiness;refs/heads/codex/onecat-native-v150-preflight;refs/heads/codex/onecat-qwen38-gguf-loader-patch;refs/heads/codex/task2.1-offline-harness;refs/heads/codex/task2.2-canonical-benchmark-input-freeze;refs/heads/codex/task2.3-kvmem-harness-sync;refs/heads/codex/task2.4-prebenchmark-offline-readiness;refs/heads/codex/three-runtime-c64-canonical-transport-remediation;refs/heads/codex/three-runtime-c64-cross-runtime-calibration;refs/heads/codex/three-runtime-c64-quality-gate-policy-corrective-delta;refs/heads/codex/three-runtime-c64-quality-gate-policy-freeze;refs/heads/codex/vm176-v100-power-hbm-thermal-characterization;refs/heads/control/holiday-codea-to-codeb-relay;refs/heads/main,docs/tasks/VM176-LLM-RUNTIME-FOUNDATION-GATE-B-DRIVER-DELIVERY-FINAL-DECISION-2026-09-23.md,aca9079b1dd2324725ee358d22e6b8d41ae85046,suncaifeng/DevSopByAi,archive/comfyui-minimax-h3/docs/tasks/VM176-LLM-RUNTIME-FOUNDATION-GATE-B-DRIVER-DELIVERY-FINAL-DECISION-2026-09-23.md,ARCHIVE_ONLY,"Preserve immutable TaskContract, report, review/control evidence chain in control-plane archive; retain source commit and blob identity."
suncaifeng/comfyui-minimax-h3,refs/heads/main,644d7ff2a7a00e04db94ab347a85ed61488d5a76,refs/heads/codex/codexc-model-asset-acquisition-publish;refs/heads/codex/codexc-pinkcherry-ltx23-q6kv-refresh;refs/heads/codex/h3-ltx-director-console-v2-corrective-delta-01;refs/heads/codex/h3-ltx-director-console-v2-holiday-codeb;refs/heads/codex/h3storyboard-director-console-v2-holiday-codeb;refs/heads/codex/holiday-onecat-native-benchmark-campaign;refs/heads/codex/holiday-relay-supervisor-codec;refs/heads/codex/onecat-native-v150-awq-vlk-quality-c64-corrective-delta;refs/heads/codex/onecat-native-v150-awq-vlk-quality-c64-delta;refs/heads/codex/onecat-native-v150-awq-vlk-recovery;refs/heads/codex/onecat-native-v150-c64-canonical-readiness;refs/heads/codex/onecat-native-v150-preflight;refs/heads/codex/onecat-qwen38-gguf-loader-patch;refs/heads/codex/task2.1-offline-harness;refs/heads/codex/task2.2-canonical-benchmark-input-freeze;refs/heads/codex/task2.3-kvmem-harness-sync;refs/heads/codex/task2.4-prebenchmark-offline-readiness;refs/heads/codex/three-runtime-c64-canonical-transport-remediation;refs/heads/codex/three-runtime-c64-cross-runtime-calibration;refs/heads/codex/three-runtime-c64-quality-gate-policy-corrective-delta;refs/heads/codex/three-runtime-c64-quality-gate-policy-freeze;refs/heads/codex/vm176-v100-power-hbm-thermal-characterization;refs/heads/control/holiday-codea-to-codeb-relay;refs/heads/main,docs/tasks/VM176-LLM-RUNTIME-FOUNDATION-GATE-B-FINALIZATION-DRIVER-CAPACITY-2026-09-23.md,a16c094dd38c997b8dfdce79ee11e9d2996d1172,suncaifeng/DevSopByAi,archive/comfyui-minimax-h3/docs/tasks/VM176-LLM-RUNTIME-FOUNDATION-GATE-B-FINALIZATION-DRIVER-CAPACITY-2026-09-23.md,ARCHIVE_ONLY,"Preserve immutable TaskContract, report, review/control evidence chain in control-plane archive; retain source commit and blob identity."
suncaifeng/comfyui-minimax-h3,refs/heads/main,644d7ff2a7a00e04db94ab347a85ed61488d5a76,refs/heads/codex/codexc-model-asset-acquisition-publish;refs/heads/codex/codexc-pinkcherry-ltx23-q6kv-refresh;refs/heads/codex/h3-ltx-director-console-v2-corrective-delta-01;refs/heads/codex/h3-ltx-director-console-v2-holiday-codeb;refs/heads/codex/h3storyboard-director-console-v2-holiday-codeb;refs/heads/codex/holiday-onecat-native-benchmark-campaign;refs/heads/codex/holiday-relay-supervisor-codec;refs/heads/codex/onecat-native-v150-awq-vlk-quality-c64-corrective-delta;refs/heads/codex/onecat-native-v150-awq-vlk-quality-c64-delta;refs/heads/codex/onecat-native-v150-awq-vlk-recovery;refs/heads/codex/onecat-native-v150-c64-canonical-readiness;refs/heads/codex/onecat-native-v150-preflight;refs/heads/codex/onecat-qwen38-gguf-loader-patch;refs/heads/codex/task2.1-offline-harness;refs/heads/codex/task2.2-canonical-benchmark-input-freeze;refs/heads/codex/task2.3-kvmem-harness-sync;refs/heads/codex/task2.4-prebenchmark-offline-readiness;refs/heads/codex/three-runtime-c64-canonical-transport-remediation;refs/heads/codex/three-runtime-c64-cross-runtime-calibration;refs/heads/codex/three-runtime-c64-quality-gate-policy-corrective-delta;refs/heads/codex/three-runtime-c64-quality-gate-policy-freeze;refs/heads/codex/vm176-v100-power-hbm-thermal-characterization;refs/heads/control/holiday-codea-to-codeb-relay;refs/heads/main,docs/tasks/VM176-LLM-RUNTIME-FOUNDATION-GATE-B-INCREMENT-SOURCE-RESOLUTION-DRIVER-CORRECTION-2026-09-23.md,7e74ec6e09137046f72cbb121f4d0eafe262c711,suncaifeng/DevSopByAi,archive/comfyui-minimax-h3/docs/tasks/VM176-LLM-RUNTIME-FOUNDATION-GATE-B-INCREMENT-SOURCE-RESOLUTION-DRIVER-CORRECTION-2026-09-23.md,ARCHIVE_ONLY,"Preserve immutable TaskContract, report, review/control evidence chain in control-plane archive; retain source commit and blob identity."
suncaifeng/comfyui-minimax-h3,refs/heads/main,644d7ff2a7a00e04db94ab347a85ed61488d5a76,refs/heads/codex/codexc-model-asset-acquisition-publish;refs/heads/codex/codexc-pinkcherry-ltx23-q6kv-refresh;refs/heads/codex/h3-ltx-director-console-v2-corrective-delta-01;refs/heads/codex/h3-ltx-director-console-v2-holiday-codeb;refs/heads/codex/h3storyboard-director-console-v2-holiday-codeb;refs/heads/codex/holiday-onecat-native-benchmark-campaign;refs/heads/codex/holiday-relay-supervisor-codec;refs/heads/codex/onecat-native-v150-awq-vlk-quality-c64-corrective-delta;refs/heads/codex/onecat-native-v150-awq-vlk-quality-c64-delta;refs/heads/codex/onecat-native-v150-awq-vlk-recovery;refs/heads/codex/onecat-native-v150-c64-canonical-readiness;refs/heads/codex/onecat-native-v150-preflight;refs/heads/codex/onecat-qwen38-gguf-loader-patch;refs/heads/codex/task2.1-offline-harness;refs/heads/codex/task2.2-canonical-benchmark-input-freeze;refs/heads/codex/task2.3-kvmem-harness-sync;refs/heads/codex/task2.4-prebenchmark-offline-readiness;refs/heads/codex/three-runtime-c64-canonical-transport-remediation;refs/heads/codex/three-runtime-c64-cross-runtime-calibration;refs/heads/codex/three-runtime-c64-quality-gate-policy-corrective-delta;refs/heads/codex/three-runtime-c64-quality-gate-policy-freeze;refs/heads/codex/vm176-v100-power-hbm-thermal-characterization;refs/heads/control/holiday-codea-to-codeb-relay;refs/heads/main,docs/tasks/VM176-LLM-RUNTIME-FOUNDATION-GATE-B-TOOLCHAIN-INSTALL-PLAN-2026-09-23.md,06f75aa5f4e90ee1e38e17caa73d4d94d341e83c,suncaifeng/DevSopByAi,archive/comfyui-minimax-h3/docs/tasks/VM176-LLM-RUNTIME-FOUNDATION-GATE-B-TOOLCHAIN-INSTALL-PLAN-2026-09-23.md,ARCHIVE_ONLY,"Preserve immutable TaskContract, report, review/control evidence chain in control-plane archive; retain source commit and blob identity."
suncaifeng/comfyui-minimax-h3,refs/heads/main,644d7ff2a7a00e04db94ab347a85ed61488d5a76,refs/heads/codex/codexc-model-asset-acquisition-publish;refs/heads/codex/codexc-pinkcherry-ltx23-q6kv-refresh;refs/heads/codex/h3-ltx-director-console-v2-corrective-delta-01;refs/heads/codex/h3-ltx-director-console-v2-holiday-codeb;refs/heads/codex/h3storyboard-director-console-v2-holiday-codeb;refs/heads/codex/holiday-onecat-native-benchmark-campaign;refs/heads/codex/holiday-relay-supervisor-codec;refs/heads/codex/onecat-native-v150-awq-vlk-quality-c64-corrective-delta;refs/heads/codex/onecat-native-v150-awq-vlk-quality-c64-delta;refs/heads/codex/onecat-native-v150-awq-vlk-recovery;refs/heads/codex/onecat-native-v150-c64-canonical-readiness;refs/heads/codex/onecat-native-v150-preflight;refs/heads/codex/onecat-qwen38-gguf-loader-patch;refs/heads/codex/task2.1-offline-harness;refs/heads/codex/task2.2-canonical-benchmark-input-freeze;refs/heads/codex/task2.3-kvmem-harness-sync;refs/heads/codex/task2.4-prebenchmark-offline-readiness;refs/heads/codex/three-runtime-c64-canonical-transport-remediation;refs/heads/codex/three-runtime-c64-cross-runtime-calibration;refs/heads/codex/three-runtime-c64-quality-gate-policy-corrective-delta;refs/heads/codex/three-runtime-c64-quality-gate-policy-freeze;refs/heads/codex/vm176-v100-power-hbm-thermal-characterization;refs/heads/control/holiday-codea-to-codeb-relay;refs/heads/main,docs/tasks/VM176-LLM-RUNTIME-FOUNDATION-GATE-C-DKMS-CLOSURE-2026-09-23.md,effa6851d0662ade50a303f4d982eea551a21da2,suncaifeng/DevSopByAi,archive/comfyui-minimax-h3/docs/tasks/VM176-LLM-RUNTIME-FOUNDATION-GATE-C-DKMS-CLOSURE-2026-09-23.md,ARCHIVE_ONLY,"Preserve immutable TaskContract, report, review/control evidence chain in control-plane archive; retain source commit and blob identity."
suncaifeng/comfyui-minimax-h3,refs/heads/main,644d7ff2a7a00e04db94ab347a85ed61488d5a76,refs/heads/codex/codexc-model-asset-acquisition-publish;refs/heads/codex/codexc-pinkcherry-ltx23-q6kv-refresh;refs/heads/codex/h3-ltx-director-console-v2-corrective-delta-01;refs/heads/codex/h3-ltx-director-console-v2-holiday-codeb;refs/heads/codex/h3storyboard-director-console-v2-holiday-codeb;refs/heads/codex/holiday-onecat-native-benchmark-campaign;refs/heads/codex/holiday-relay-supervisor-codec;refs/heads/codex/onecat-native-v150-awq-vlk-quality-c64-corrective-delta;refs/heads/codex/onecat-native-v150-awq-vlk-quality-c64-delta;refs/heads/codex/onecat-native-v150-awq-vlk-recovery;refs/heads/codex/onecat-native-v150-c64-canonical-readiness;refs/heads/codex/onecat-native-v150-preflight;refs/heads/codex/onecat-qwen38-gguf-loader-patch;refs/heads/codex/task2.1-offline-harness;refs/heads/codex/task2.2-canonical-benchmark-input-freeze;refs/heads/codex/task2.3-kvmem-harness-sync;refs/heads/codex/task2.4-prebenchmark-offline-readiness;refs/heads/codex/three-runtime-c64-canonical-transport-remediation;refs/heads/codex/three-runtime-c64-cross-runtime-calibration;refs/heads/codex/three-runtime-c64-quality-gate-policy-corrective-delta;refs/heads/codex/three-runtime-c64-quality-gate-policy-freeze;refs/heads/codex/vm176-v100-power-hbm-thermal-characterization;refs/heads/control/holiday-codea-to-codeb-relay;refs/heads/main,docs/tasks/VM176-LLM-RUNTIME-FOUNDATION-GATE-C-H3-ROLLBACK-SNAPSHOT-2026-09-23.md,b3d6ff15d2ede36a460ff110b59f49c778da0269,suncaifeng/DevSopByAi,archive/comfyui-minimax-h3/docs/tasks/VM176-LLM-RUNTIME-FOUNDATION-GATE-C-H3-ROLLBACK-SNAPSHOT-2026-09-23.md,ARCHIVE_ONLY,"Preserve immutable TaskContract, report, review/control evidence chain in control-plane archive; retain source commit and blob identity."
suncaifeng/comfyui-minimax-h3,refs/heads/main,644d7ff2a7a00e04db94ab347a85ed61488d5a76,refs/heads/codex/codexc-model-asset-acquisition-publish;refs/heads/codex/codexc-pinkcherry-ltx23-q6kv-refresh;refs/heads/codex/h3-ltx-director-console-v2-corrective-delta-01;refs/heads/codex/h3-ltx-director-console-v2-holiday-codeb;refs/heads/codex/h3storyboard-director-console-v2-holiday-codeb;refs/heads/codex/holiday-onecat-native-benchmark-campaign;refs/heads/codex/holiday-relay-supervisor-codec;refs/heads/codex/onecat-native-v150-awq-vlk-quality-c64-corrective-delta;refs/heads/codex/onecat-native-v150-awq-vlk-quality-c64-delta;refs/heads/codex/onecat-native-v150-awq-vlk-recovery;refs/heads/codex/onecat-native-v150-c64-canonical-readiness;refs/heads/codex/onecat-native-v150-preflight;refs/heads/codex/onecat-qwen38-gguf-loader-patch;refs/heads/codex/task2.1-offline-harness;refs/heads/codex/task2.2-canonical-benchmark-input-freeze;refs/heads/codex/task2.3-kvmem-harness-sync;refs/heads/codex/task2.4-prebenchmark-offline-readiness;refs/heads/codex/three-runtime-c64-canonical-transport-remediation;refs/heads/codex/three-runtime-c64-cross-runtime-calibration;refs/heads/codex/three-runtime-c64-quality-gate-policy-corrective-delta;refs/heads/codex/three-runtime-c64-quality-gate-policy-freeze;refs/heads/codex/vm176-v100-power-hbm-thermal-characterization;refs/heads/control/holiday-codea-to-codeb-relay;refs/heads/main,docs/tasks/VM176-LLM-RUNTIME-FOUNDATION-GATE-D-RUNTIME-SPECIFIC-PREFLIGHT-2026-09-23.md,b8f1332a0fe9f967c3bdb47e39a679f72ac40298,suncaifeng/DevSopByAi,archive/comfyui-minimax-h3/docs/tasks/VM176-LLM-RUNTIME-FOUNDATION-GATE-D-RUNTIME-SPECIFIC-PREFLIGHT-2026-09-23.md,ARCHIVE_ONLY,"Preserve immutable TaskContract, report, review/control evidence chain in control-plane archive; retain source commit and blob identity."
suncaifeng/comfyui-minimax-h3,refs/heads/main,644d7ff2a7a00e04db94ab347a85ed61488d5a76,refs/heads/codex/codexc-model-asset-acquisition-publish;refs/heads/codex/codexc-pinkcherry-ltx23-q6kv-refresh;refs/heads/codex/h3-ltx-director-console-v2-corrective-delta-01;refs/heads/codex/h3-ltx-director-console-v2-holiday-codeb;refs/heads/codex/h3storyboard-director-console-v2-holiday-codeb;refs/heads/codex/holiday-onecat-native-benchmark-campaign;refs/heads/codex/holiday-relay-supervisor-codec;refs/heads/codex/onecat-native-v150-awq-vlk-quality-c64-corrective-delta;refs/heads/codex/onecat-native-v150-awq-vlk-quality-c64-delta;refs/heads/codex/onecat-native-v150-awq-vlk-recovery;refs/heads/codex/onecat-native-v150-c64-canonical-readiness;refs/heads/codex/onecat-native-v150-preflight;refs/heads/codex/onecat-qwen38-gguf-loader-patch;refs/heads/codex/task2.1-offline-harness;refs/heads/codex/task2.2-canonical-benchmark-input-freeze;refs/heads/codex/task2.3-kvmem-harness-sync;refs/heads/codex/task2.4-prebenchmark-offline-readiness;refs/heads/codex/three-runtime-c64-canonical-transport-remediation;refs/heads/codex/three-runtime-c64-cross-runtime-calibration;refs/heads/codex/three-runtime-c64-quality-gate-policy-corrective-delta;refs/heads/codex/three-runtime-c64-quality-gate-policy-freeze;refs/heads/codex/vm176-v100-power-hbm-thermal-characterization;refs/heads/control/holiday-codea-to-codeb-relay;refs/heads/main,docs/tasks/VM176-LLM-RUNTIME-READINESS-COMPLETION-2026-09-23.md,073984c1434d8c0905add25d084796954163c245,suncaifeng/DevSopByAi,archive/comfyui-minimax-h3/docs/tasks/VM176-LLM-RUNTIME-READINESS-COMPLETION-2026-09-23.md,ARCHIVE_ONLY,"Preserve immutable TaskContract, report, review/control evidence chain in control-plane archive; retain source commit and blob identity."
suncaifeng/comfyui-minimax-h3,refs/heads/main,644d7ff2a7a00e04db94ab347a85ed61488d5a76,refs/heads/codex/codexc-model-asset-acquisition-publish;refs/heads/codex/codexc-pinkcherry-ltx23-q6kv-refresh;refs/heads/codex/h3-ltx-director-console-v2-corrective-delta-01;refs/heads/codex/h3-ltx-director-console-v2-holiday-codeb;refs/heads/codex/h3storyboard-director-console-v2-holiday-codeb;refs/heads/codex/holiday-onecat-native-benchmark-campaign;refs/heads/codex/holiday-relay-supervisor-codec;refs/heads/codex/onecat-native-v150-awq-vlk-quality-c64-corrective-delta;refs/heads/codex/onecat-native-v150-awq-vlk-quality-c64-delta;refs/heads/codex/onecat-native-v150-awq-vlk-recovery;refs/heads/codex/onecat-native-v150-c64-canonical-readiness;refs/heads/codex/onecat-native-v150-preflight;refs/heads/codex/onecat-qwen38-gguf-loader-patch;refs/heads/codex/task2.1-offline-harness;refs/heads/codex/task2.2-canonical-benchmark-input-freeze;refs/heads/codex/task2.3-kvmem-harness-sync;refs/heads/codex/task2.4-prebenchmark-offline-readiness;refs/heads/codex/three-runtime-c64-canonical-transport-remediation;refs/heads/codex/three-runtime-c64-cross-runtime-calibration;refs/heads/codex/three-runtime-c64-quality-gate-policy-corrective-delta;refs/heads/codex/three-runtime-c64-quality-gate-policy-freeze;refs/heads/codex/vm176-v100-power-hbm-thermal-characterization;refs/heads/control/holiday-codea-to-codeb-relay;refs/heads/main,docs/tasks/VM176-OVERNIGHT-COMPLETION-EVIDENCE-TIGHTENING-2026-09-23.md,e7d1e50c2e252d6a99d6369f0a1e7ba58be2808b,suncaifeng/DevSopByAi,archive/comfyui-minimax-h3/docs/tasks/VM176-OVERNIGHT-COMPLETION-EVIDENCE-TIGHTENING-2026-09-23.md,ARCHIVE_ONLY,"Preserve immutable TaskContract, report, review/control evidence chain in control-plane archive; retain source commit and blob identity."
suncaifeng/comfyui-minimax-h3,refs/heads/main,644d7ff2a7a00e04db94ab347a85ed61488d5a76,refs/heads/codex/codexc-model-asset-acquisition-publish;refs/heads/codex/codexc-pinkcherry-ltx23-q6kv-refresh;refs/heads/codex/h3-ltx-director-console-v2-corrective-delta-01;refs/heads/codex/h3-ltx-director-console-v2-holiday-codeb;refs/heads/codex/h3storyboard-director-console-v2-holiday-codeb;refs/heads/codex/holiday-onecat-native-benchmark-campaign;refs/heads/codex/holiday-relay-supervisor-codec;refs/heads/codex/onecat-native-v150-awq-vlk-quality-c64-corrective-delta;refs/heads/codex/onecat-native-v150-awq-vlk-quality-c64-delta;refs/heads/codex/onecat-native-v150-awq-vlk-recovery;refs/heads/codex/onecat-native-v150-c64-canonical-readiness;refs/heads/codex/onecat-native-v150-preflight;refs/heads/codex/onecat-qwen38-gguf-loader-patch;refs/heads/codex/task2.1-offline-harness;refs/heads/codex/task2.2-canonical-benchmark-input-freeze;refs/heads/codex/task2.3-kvmem-harness-sync;refs/heads/codex/task2.4-prebenchmark-offline-readiness;refs/heads/codex/three-runtime-c64-canonical-transport-remediation;refs/heads/codex/three-runtime-c64-cross-runtime-calibration;refs/heads/codex/three-runtime-c64-quality-gate-policy-corrective-delta;refs/heads/codex/three-runtime-c64-quality-gate-policy-freeze;refs/heads/codex/vm176-v100-power-hbm-thermal-characterization;refs/heads/control/holiday-codea-to-codeb-relay;refs/heads/main,docs/tasks/VM176-OVERNIGHT-QWEN38-ARTIFACT-ACQUISITION-2026-09-22.md,3f5546fb50959750dfb9414a23f49c54979b2789,suncaifeng/DevSopByAi,archive/comfyui-minimax-h3/docs/tasks/VM176-OVERNIGHT-QWEN38-ARTIFACT-ACQUISITION-2026-09-22.md,ARCHIVE_ONLY,"Preserve immutable TaskContract, report, review/control evidence chain in control-plane archive; retain source commit and blob identity."
suncaifeng/comfyui-minimax-h3,refs/heads/main,644d7ff2a7a00e04db94ab347a85ed61488d5a76,refs/heads/codex/codexc-model-asset-acquisition-publish;refs/heads/codex/codexc-pinkcherry-ltx23-q6kv-refresh;refs/heads/codex/h3-ltx-director-console-v2-corrective-delta-01;refs/heads/codex/h3-ltx-director-console-v2-holiday-codeb;refs/heads/codex/h3storyboard-director-console-v2-holiday-codeb;refs/heads/codex/holiday-onecat-native-benchmark-campaign;refs/heads/codex/holiday-relay-supervisor-codec;refs/heads/codex/onecat-native-v150-awq-vlk-quality-c64-corrective-delta;refs/heads/codex/onecat-native-v150-awq-vlk-quality-c64-delta;refs/heads/codex/onecat-native-v150-awq-vlk-recovery;refs/heads/codex/onecat-native-v150-c64-canonical-readiness;refs/heads/codex/onecat-native-v150-preflight;refs/heads/codex/onecat-qwen38-gguf-loader-patch;refs/heads/codex/task2.1-offline-harness;refs/heads/codex/task2.2-canonical-benchmark-input-freeze;refs/heads/codex/task2.3-kvmem-harness-sync;refs/heads/codex/task2.4-prebenchmark-offline-readiness;refs/heads/codex/three-runtime-c64-canonical-transport-remediation;refs/heads/codex/three-runtime-c64-cross-runtime-calibration;refs/heads/codex/three-runtime-c64-quality-gate-policy-corrective-delta;refs/heads/codex/three-runtime-c64-quality-gate-policy-freeze;refs/heads/codex/vm176-v100-power-hbm-thermal-characterization;refs/heads/control/holiday-codea-to-codeb-relay;refs/heads/main,docs/tasks/VM176-OVERNIGHT-QWEN38-ARTIFACT-ACQUISITION-INCREMENT-1-2026-09-22.md,16f7a3beee0d99701c489ce3ed37b6bc6a980887,suncaifeng/DevSopByAi,archive/comfyui-minimax-h3/docs/tasks/VM176-OVERNIGHT-QWEN38-ARTIFACT-ACQUISITION-INCREMENT-1-2026-09-22.md,ARCHIVE_ONLY,"Preserve immutable TaskContract, report, review/control evidence chain in control-plane archive; retain source commit and blob identity."
suncaifeng/comfyui-minimax-h3,refs/heads/main,644d7ff2a7a00e04db94ab347a85ed61488d5a76,refs/heads/codex/codexc-model-asset-acquisition-publish;refs/heads/codex/codexc-pinkcherry-ltx23-q6kv-refresh;refs/heads/codex/h3-ltx-director-console-v2-corrective-delta-01;refs/heads/codex/h3-ltx-director-console-v2-holiday-codeb;refs/heads/codex/h3storyboard-director-console-v2-holiday-codeb;refs/heads/codex/holiday-onecat-native-benchmark-campaign;refs/heads/codex/holiday-relay-supervisor-codec;refs/heads/codex/onecat-native-v150-awq-vlk-quality-c64-corrective-delta;refs/heads/codex/onecat-native-v150-awq-vlk-quality-c64-delta;refs/heads/codex/onecat-native-v150-awq-vlk-recovery;refs/heads/codex/onecat-native-v150-c64-canonical-readiness;refs/heads/codex/onecat-native-v150-preflight;refs/heads/codex/onecat-qwen38-gguf-loader-patch;refs/heads/codex/task2.1-offline-harness;refs/heads/codex/task2.2-canonical-benchmark-input-freeze;refs/heads/codex/task2.3-kvmem-harness-sync;refs/heads/codex/task2.4-prebenchmark-offline-readiness;refs/heads/codex/three-runtime-c64-canonical-transport-remediation;refs/heads/codex/three-runtime-c64-cross-runtime-calibration;refs/heads/codex/three-runtime-c64-quality-gate-policy-corrective-delta;refs/heads/codex/three-runtime-c64-quality-gate-policy-freeze;refs/heads/codex/vm176-v100-power-hbm-thermal-characterization;refs/heads/control/holiday-codea-to-codeb-relay;refs/heads/main,docs/tasks/VM176-OVERNIGHT-STAGE5-RUNTIME-FOUNDATION-AND-ARTIFACT-PIPELINE-2026-09-23.md,ea178a9077e8d3f098c67f172f571a4615a43343,suncaifeng/DevSopByAi,archive/comfyui-minimax-h3/docs/tasks/VM176-OVERNIGHT-STAGE5-RUNTIME-FOUNDATION-AND-ARTIFACT-PIPELINE-2026-09-23.md,ARCHIVE_ONLY,"Preserve immutable TaskContract, report, review/control evidence chain in control-plane archive; retain source commit and blob identity."
suncaifeng/comfyui-minimax-h3,refs/heads/main,644d7ff2a7a00e04db94ab347a85ed61488d5a76,refs/heads/codex/codexc-model-asset-acquisition-publish;refs/heads/codex/codexc-pinkcherry-ltx23-q6kv-refresh;refs/heads/codex/h3-ltx-director-console-v2-corrective-delta-01;refs/heads/codex/h3-ltx-director-console-v2-holiday-codeb;refs/heads/codex/h3storyboard-director-console-v2-holiday-codeb;refs/heads/codex/holiday-onecat-native-benchmark-campaign;refs/heads/codex/holiday-relay-supervisor-codec;refs/heads/codex/onecat-native-v150-awq-vlk-quality-c64-corrective-delta;refs/heads/codex/onecat-native-v150-awq-vlk-quality-c64-delta;refs/heads/codex/onecat-native-v150-awq-vlk-recovery;refs/heads/codex/onecat-native-v150-c64-canonical-readiness;refs/heads/codex/onecat-native-v150-preflight;refs/heads/codex/onecat-qwen38-gguf-loader-patch;refs/heads/codex/task2.1-offline-harness;refs/heads/codex/task2.2-canonical-benchmark-input-freeze;refs/heads/codex/task2.3-kvmem-harness-sync;refs/heads/codex/task2.4-prebenchmark-offline-readiness;refs/heads/codex/three-runtime-c64-canonical-transport-remediation;refs/heads/codex/three-runtime-c64-cross-runtime-calibration;refs/heads/codex/three-runtime-c64-quality-gate-policy-corrective-delta;refs/heads/codex/three-runtime-c64-quality-gate-policy-freeze;refs/heads/codex/vm176-v100-power-hbm-thermal-characterization;refs/heads/control/holiday-codea-to-codeb-relay;refs/heads/main,docs/tasks/VM176-ROOT-DISK-EXPANSION-TO-256G-2026-09-24.md,adde1760b77f15a9345603745c094010fa5d5fcb,suncaifeng/DevSopByAi,archive/comfyui-minimax-h3/docs/tasks/VM176-ROOT-DISK-EXPANSION-TO-256G-2026-09-24.md,ARCHIVE_ONLY,"Preserve immutable TaskContract, report, review/control evidence chain in control-plane archive; retain source commit and blob identity."
suncaifeng/comfyui-minimax-h3,refs/heads/main,644d7ff2a7a00e04db94ab347a85ed61488d5a76,refs/heads/codex/codexc-model-asset-acquisition-publish;refs/heads/codex/codexc-pinkcherry-ltx23-q6kv-refresh;refs/heads/codex/h3-ltx-director-console-v2-corrective-delta-01;refs/heads/codex/h3-ltx-director-console-v2-holiday-codeb;refs/heads/codex/h3storyboard-director-console-v2-holiday-codeb;refs/heads/codex/holiday-onecat-native-benchmark-campaign;refs/heads/codex/holiday-relay-supervisor-codec;refs/heads/codex/onecat-native-v150-awq-vlk-quality-c64-corrective-delta;refs/heads/codex/onecat-native-v150-awq-vlk-quality-c64-delta;refs/heads/codex/onecat-native-v150-awq-vlk-recovery;refs/heads/codex/onecat-native-v150-c64-canonical-readiness;refs/heads/codex/onecat-native-v150-preflight;refs/heads/codex/onecat-qwen38-gguf-loader-patch;refs/heads/codex/task2.1-offline-harness;refs/heads/codex/task2.2-canonical-benchmark-input-freeze;refs/heads/codex/task2.3-kvmem-harness-sync;refs/heads/codex/task2.4-prebenchmark-offline-readiness;refs/heads/codex/three-runtime-c64-canonical-transport-remediation;refs/heads/codex/three-runtime-c64-cross-runtime-calibration;refs/heads/codex/three-runtime-c64-quality-gate-policy-corrective-delta;refs/heads/codex/three-runtime-c64-quality-gate-policy-freeze;refs/heads/codex/vm176-v100-power-hbm-thermal-characterization;refs/heads/control/holiday-codea-to-codeb-relay;refs/heads/main,docs/tasks/VM176-ROOT-STORAGE-RECONCILIATION-RUNTIME-PLACEMENT-2026-09-24.md,9128971189f308c06e8d972a8ed8a17b01c2ba08,suncaifeng/DevSopByAi,archive/comfyui-minimax-h3/docs/tasks/VM176-ROOT-STORAGE-RECONCILIATION-RUNTIME-PLACEMENT-2026-09-24.md,ARCHIVE_ONLY,"Preserve immutable TaskContract, report, review/control evidence chain in control-plane archive; retain source commit and blob identity."
suncaifeng/comfyui-minimax-h3,refs/heads/codex/onecat-qwen38-gguf-loader-patch,26af29a8672112f2b780a1deab3ea1bf7c4d1570,refs/heads/codex/onecat-qwen38-gguf-loader-patch,docs/tasks/VM176-STAGE5-CODEXA-ONECAT-EAGER-RUNTIME-BENCH-READY-2026-09-30.md,bdea3e3d26b182ad3f7adf6441641e933ceb89be,suncaifeng/DevSopByAi,archive/comfyui-minimax-h3/docs/tasks/VM176-STAGE5-CODEXA-ONECAT-EAGER-RUNTIME-BENCH-READY-2026-09-30.md,ARCHIVE_ONLY,"Preserve immutable TaskContract, report, review/control evidence chain in control-plane archive; retain source commit and blob identity."
suncaifeng/comfyui-minimax-h3,refs/heads/codex/onecat-qwen38-gguf-loader-patch,26af29a8672112f2b780a1deab3ea1bf7c4d1570,refs/heads/codex/onecat-qwen38-gguf-loader-patch,docs/tasks/VM176-STAGE5-CODEXA-ONECAT-GGUF-MULTI-INDEX-SHARD-LOADING-SUPPORT-2026-09-29.md,9f3ba55dc1d94d267db67725a91f2f2f3dcc52c1,suncaifeng/DevSopByAi,archive/comfyui-minimax-h3/docs/tasks/VM176-STAGE5-CODEXA-ONECAT-GGUF-MULTI-INDEX-SHARD-LOADING-SUPPORT-2026-09-29.md,ARCHIVE_ONLY,"Preserve immutable TaskContract, report, review/control evidence chain in control-plane archive; retain source commit and blob identity."
suncaifeng/comfyui-minimax-h3,refs/heads/codex/onecat-qwen38-gguf-loader-patch,26af29a8672112f2b780a1deab3ea1bf7c4d1570,refs/heads/codex/onecat-qwen38-gguf-loader-patch,docs/tasks/VM176-STAGE5-CODEXA-ONECAT-GGUF-TRITON-VLK-FINAL-CLOSURE-2026-09-30.md,2543546a76e5c7156cf6b4bdb7aeedc67bcf51c0,suncaifeng/DevSopByAi,archive/comfyui-minimax-h3/docs/tasks/VM176-STAGE5-CODEXA-ONECAT-GGUF-TRITON-VLK-FINAL-CLOSURE-2026-09-30.md,ARCHIVE_ONLY,"Preserve immutable TaskContract, report, review/control evidence chain in control-plane archive; retain source commit and blob identity."
suncaifeng/comfyui-minimax-h3,refs/heads/codex/h3-ltx-director-console-v2-corrective-delta-01,3968742392a8967325c4a9a2c3f6c81776e00c02,refs/heads/codex/h3-ltx-director-console-v2-corrective-delta-01;refs/heads/codex/h3-ltx-director-console-v2-holiday-codeb;refs/heads/codex/h3storyboard-director-console-v2-holiday-codeb;refs/heads/codex/holiday-relay-supervisor-codec;refs/heads/codex/onecat-native-v150-awq-vlk-quality-c64-corrective-delta;refs/heads/codex/onecat-native-v150-c64-canonical-readiness;refs/heads/codex/three-runtime-c64-canonical-transport-remediation;refs/heads/codex/three-runtime-c64-cross-runtime-calibration;refs/heads/codex/three-runtime-c64-quality-gate-policy-corrective-delta;refs/heads/codex/three-runtime-c64-quality-gate-policy-freeze;refs/heads/control/holiday-codea-to-codeb-relay,docs/tasks/VM176-STAGE5-CODEXA-ONECAT-NATIVE-V150-AWQ-VLK-QUALITY-C64-CORRECTIVE-DELTA-2026-10-02.md,8e344a1b544e35ca8daab371e613d5bbcc816f1c,suncaifeng/DevSopByAi,archive/comfyui-minimax-h3/docs/tasks/VM176-STAGE5-CODEXA-ONECAT-NATIVE-V150-AWQ-VLK-QUALITY-C64-CORRECTIVE-DELTA-2026-10-02.md,ARCHIVE_ONLY,"Preserve immutable TaskContract, report, review/control evidence chain in control-plane archive; retain source commit and blob identity."
suncaifeng/comfyui-minimax-h3,refs/heads/codex/h3-ltx-director-console-v2-corrective-delta-01,3968742392a8967325c4a9a2c3f6c81776e00c02,refs/heads/codex/h3-ltx-director-console-v2-corrective-delta-01;refs/heads/codex/h3-ltx-director-console-v2-holiday-codeb;refs/heads/codex/h3storyboard-director-console-v2-holiday-codeb;refs/heads/codex/holiday-relay-supervisor-codec;refs/heads/codex/onecat-native-v150-awq-vlk-quality-c64-corrective-delta;refs/heads/codex/onecat-native-v150-awq-vlk-quality-c64-delta;refs/heads/codex/onecat-native-v150-c64-canonical-readiness;refs/heads/codex/three-runtime-c64-canonical-transport-remediation;refs/heads/codex/three-runtime-c64-cross-runtime-calibration;refs/heads/codex/three-runtime-c64-quality-gate-policy-corrective-delta;refs/heads/codex/three-runtime-c64-quality-gate-policy-freeze;refs/heads/control/holiday-codea-to-codeb-relay,docs/tasks/VM176-STAGE5-CODEXA-ONECAT-NATIVE-V150-AWQ-VLK-QUALITY-C64-DELTA-2026-10-02.md,b4d7907f034bb913c990835fc4a298c5f7be5e80,suncaifeng/DevSopByAi,archive/comfyui-minimax-h3/docs/tasks/VM176-STAGE5-CODEXA-ONECAT-NATIVE-V150-AWQ-VLK-QUALITY-C64-DELTA-2026-10-02.md,ARCHIVE_ONLY,"Preserve immutable TaskContract, report, review/control evidence chain in control-plane archive; retain source commit and blob identity."
suncaifeng/comfyui-minimax-h3,refs/heads/codex/h3-ltx-director-console-v2-corrective-delta-01,3968742392a8967325c4a9a2c3f6c81776e00c02,refs/heads/codex/h3-ltx-director-console-v2-corrective-delta-01;refs/heads/codex/h3-ltx-director-console-v2-holiday-codeb;refs/heads/codex/h3storyboard-director-console-v2-holiday-codeb;refs/heads/codex/holiday-relay-supervisor-codec;refs/heads/codex/onecat-native-v150-awq-vlk-quality-c64-corrective-delta;refs/heads/codex/onecat-native-v150-awq-vlk-quality-c64-delta;refs/heads/codex/onecat-native-v150-awq-vlk-recovery;refs/heads/codex/onecat-native-v150-c64-canonical-readiness;refs/heads/codex/three-runtime-c64-canonical-transport-remediation;refs/heads/codex/three-runtime-c64-cross-runtime-calibration;refs/heads/codex/three-runtime-c64-quality-gate-policy-corrective-delta;refs/heads/codex/three-runtime-c64-quality-gate-policy-freeze;refs/heads/control/holiday-codea-to-codeb-relay,docs/tasks/VM176-STAGE5-CODEXA-ONECAT-NATIVE-V150-AWQ-VLK-RECOVERY-2026-10-02.md,8589a7ec2dea843391c3ae4c7a5411127fd724ed,suncaifeng/DevSopByAi,archive/comfyui-minimax-h3/docs/tasks/VM176-STAGE5-CODEXA-ONECAT-NATIVE-V150-AWQ-VLK-RECOVERY-2026-10-02.md,ARCHIVE_ONLY,"Preserve immutable TaskContract, report, review/control evidence chain in control-plane archive; retain source commit and blob identity."
suncaifeng/comfyui-minimax-h3,refs/heads/codex/h3-ltx-director-console-v2-corrective-delta-01,3968742392a8967325c4a9a2c3f6c81776e00c02,refs/heads/codex/h3-ltx-director-console-v2-corrective-delta-01;refs/heads/codex/h3-ltx-director-console-v2-holiday-codeb;refs/heads/codex/h3storyboard-director-console-v2-holiday-codeb;refs/heads/codex/holiday-relay-supervisor-codec;refs/heads/codex/onecat-native-v150-c64-canonical-readiness;refs/heads/codex/three-runtime-c64-canonical-transport-remediation;refs/heads/codex/three-runtime-c64-cross-runtime-calibration;refs/heads/codex/three-runtime-c64-quality-gate-policy-corrective-delta;refs/heads/codex/three-runtime-c64-quality-gate-policy-freeze;refs/heads/control/holiday-codea-to-codeb-relay,docs/tasks/VM176-STAGE5-CODEXA-ONECAT-NATIVE-V150-C64-CANONICAL-READINESS-2026-10-02.md,dd255edba140653c77d35cc50ef0eb04b15d4527,suncaifeng/DevSopByAi,archive/comfyui-minimax-h3/docs/tasks/VM176-STAGE5-CODEXA-ONECAT-NATIVE-V150-C64-CANONICAL-READINESS-2026-10-02.md,ARCHIVE_ONLY,"Preserve immutable TaskContract, report, review/control evidence chain in control-plane archive; retain source commit and blob identity."
suncaifeng/comfyui-minimax-h3,refs/heads/codex/onecat-qwen38-gguf-loader-patch,26af29a8672112f2b780a1deab3ea1bf7c4d1570,refs/heads/codex/onecat-qwen38-gguf-loader-patch,docs/tasks/VM176-STAGE5-CODEXA-ONECAT-QWEN35-GGUF-CONV1D-SHAPE-COMPATIBILITY-2026-09-30.md,bfb22b384586fa0dc4b81170c2e1c45f627bf816,suncaifeng/DevSopByAi,archive/comfyui-minimax-h3/docs/tasks/VM176-STAGE5-CODEXA-ONECAT-QWEN35-GGUF-CONV1D-SHAPE-COMPATIBILITY-2026-09-30.md,ARCHIVE_ONLY,"Preserve immutable TaskContract, report, review/control evidence chain in control-plane archive; retain source commit and blob identity."
suncaifeng/comfyui-minimax-h3,refs/heads/codex/onecat-qwen38-gguf-loader-patch,26af29a8672112f2b780a1deab3ea1bf7c4d1570,refs/heads/codex/onecat-qwen38-gguf-loader-patch,docs/tasks/VM176-STAGE5-CODEXA-ONECAT-QWEN38-GGUF-LOADER-PATCH-2026-09-29.md,a5ca68b7b62f9e822094dec5aa920f50bb483231,suncaifeng/DevSopByAi,archive/comfyui-minimax-h3/docs/tasks/VM176-STAGE5-CODEXA-ONECAT-QWEN38-GGUF-LOADER-PATCH-2026-09-29.md,ARCHIVE_ONLY,"Preserve immutable TaskContract, report, review/control evidence chain in control-plane archive; retain source commit and blob identity."
suncaifeng/comfyui-minimax-h3,refs/heads/codex/onecat-qwen38-gguf-loader-patch,26af29a8672112f2b780a1deab3ea1bf7c4d1570,refs/heads/codex/onecat-qwen38-gguf-loader-patch,docs/tasks/VM176-STAGE5-CODEXA-ONECAT-QWEN38-LINEAR-ATTN-GGUF-MAP-CORRECTION-2026-09-29.md,9a753a9e8d839312008da1fc1eb5c49230bff5a9,suncaifeng/DevSopByAi,archive/comfyui-minimax-h3/docs/tasks/VM176-STAGE5-CODEXA-ONECAT-QWEN38-LINEAR-ATTN-GGUF-MAP-CORRECTION-2026-09-29.md,ARCHIVE_ONLY,"Preserve immutable TaskContract, report, review/control evidence chain in control-plane archive; retain source commit and blob identity."
suncaifeng/comfyui-minimax-h3,refs/heads/main,644d7ff2a7a00e04db94ab347a85ed61488d5a76,refs/heads/codex/codexc-model-asset-acquisition-publish;refs/heads/codex/codexc-pinkcherry-ltx23-q6kv-refresh;refs/heads/codex/onecat-native-v150-preflight;refs/heads/codex/onecat-qwen38-gguf-loader-patch;refs/heads/codex/vm176-v100-power-hbm-thermal-characterization;refs/heads/main,docs/tasks/VM176-STAGE5-CODEXA-ONECAT-QWEN38-SUPPORT-ADOPTION-2026-09-28.md,06ed2238986b4c9dbc386818492bd3fdbd86998a,suncaifeng/DevSopByAi,archive/comfyui-minimax-h3/docs/tasks/VM176-STAGE5-CODEXA-ONECAT-QWEN38-SUPPORT-ADOPTION-2026-09-28.md,ARCHIVE_ONLY,"Preserve immutable TaskContract, report, review/control evidence chain in control-plane archive; retain source commit and blob identity."
suncaifeng/comfyui-minimax-h3,refs/heads/codex/onecat-qwen38-gguf-loader-patch,26af29a8672112f2b780a1deab3ea1bf7c4d1570,refs/heads/codex/onecat-qwen38-gguf-loader-patch,docs/tasks/VM176-STAGE5-CODEXA-ONECAT-SM70-FLASHQLA-VLK-PREFILL-BENCH-READY-2026-09-30.md,9232edceda5718159e8237999b2002dccd4ae35f,suncaifeng/DevSopByAi,archive/comfyui-minimax-h3/docs/tasks/VM176-STAGE5-CODEXA-ONECAT-SM70-FLASHQLA-VLK-PREFILL-BENCH-READY-2026-09-30.md,ARCHIVE_ONLY,"Preserve immutable TaskContract, report, review/control evidence chain in control-plane archive; retain source commit and blob identity."
suncaifeng/comfyui-minimax-h3,refs/heads/codex/onecat-native-v150-preflight,bd78b9c1f494af95108a0220a523a980e0b9b9a9,refs/heads/codex/onecat-native-v150-preflight,docs/tasks/VM176-STAGE5-CODEXB-ONECAT-NATIVE-V150-SM70-PREFLIGHT-2026-09-30.md,1981c4727bd91a40ef581e0834df4b864140faba,suncaifeng/DevSopByAi,archive/comfyui-minimax-h3/docs/tasks/VM176-STAGE5-CODEXB-ONECAT-NATIVE-V150-SM70-PREFLIGHT-2026-09-30.md,ARCHIVE_ONLY,"Preserve immutable TaskContract, report, review/control evidence chain in control-plane archive; retain source commit and blob identity."
suncaifeng/comfyui-minimax-h3,refs/heads/codex/h3-ltx-director-console-v2-corrective-delta-01,3968742392a8967325c4a9a2c3f6c81776e00c02,refs/heads/codex/h3-ltx-director-console-v2-corrective-delta-01;refs/heads/codex/h3-ltx-director-console-v2-holiday-codeb;refs/heads/codex/h3storyboard-director-console-v2-holiday-codeb;refs/heads/codex/holiday-onecat-native-benchmark-campaign;refs/heads/codex/holiday-relay-supervisor-codec;refs/heads/codex/onecat-native-v150-awq-vlk-quality-c64-corrective-delta;refs/heads/codex/onecat-native-v150-awq-vlk-quality-c64-delta;refs/heads/codex/onecat-native-v150-awq-vlk-recovery;refs/heads/codex/onecat-native-v150-c64-canonical-readiness;refs/heads/codex/task2.1-offline-harness;refs/heads/codex/task2.2-canonical-benchmark-input-freeze;refs/heads/codex/task2.3-kvmem-harness-sync;refs/heads/codex/task2.4-prebenchmark-offline-readiness;refs/heads/codex/three-runtime-c64-canonical-transport-remediation;refs/heads/codex/three-runtime-c64-cross-runtime-calibration;refs/heads/codex/three-runtime-c64-quality-gate-policy-corrective-delta;refs/heads/codex/three-runtime-c64-quality-gate-policy-freeze;refs/heads/control/holiday-codea-to-codeb-relay,docs/tasks/VM176-STAGE5-CODEXB-TASK2.1-CLOSURE-MERGE-READINESS-2026-09-28.md,4396e75795275343d6c12859c802b1f9a6b46329,suncaifeng/DevSopByAi,archive/comfyui-minimax-h3/docs/tasks/VM176-STAGE5-CODEXB-TASK2.1-CLOSURE-MERGE-READINESS-2026-09-28.md,ARCHIVE_ONLY,"Preserve immutable TaskContract, report, review/control evidence chain in control-plane archive; retain source commit and blob identity."
suncaifeng/comfyui-minimax-h3,refs/heads/codex/h3-ltx-director-console-v2-corrective-delta-01,3968742392a8967325c4a9a2c3f6c81776e00c02,refs/heads/codex/h3-ltx-director-console-v2-corrective-delta-01;refs/heads/codex/h3-ltx-director-console-v2-holiday-codeb;refs/heads/codex/h3storyboard-director-console-v2-holiday-codeb;refs/heads/codex/holiday-onecat-native-benchmark-campaign;refs/heads/codex/holiday-relay-supervisor-codec;refs/heads/codex/onecat-native-v150-awq-vlk-quality-c64-corrective-delta;refs/heads/codex/onecat-native-v150-awq-vlk-quality-c64-delta;refs/heads/codex/onecat-native-v150-awq-vlk-recovery;refs/heads/codex/onecat-native-v150-c64-canonical-readiness;refs/heads/codex/task2.1-offline-harness;refs/heads/codex/task2.2-canonical-benchmark-input-freeze;refs/heads/codex/task2.3-kvmem-harness-sync;refs/heads/codex/task2.4-prebenchmark-offline-readiness;refs/heads/codex/three-runtime-c64-canonical-transport-remediation;refs/heads/codex/three-runtime-c64-cross-runtime-calibration;refs/heads/codex/three-runtime-c64-quality-gate-policy-corrective-delta;refs/heads/codex/three-runtime-c64-quality-gate-policy-freeze;refs/heads/control/holiday-codea-to-codeb-relay,docs/tasks/VM176-STAGE5-CODEXB-TASK2.1-MATRIX-SEMANTICS-EVIDENCE-FINAL-CORRECTION-2026-09-28.md,598a48d037de76da24f32555f3df7dd50a61f1c6,suncaifeng/DevSopByAi,archive/comfyui-minimax-h3/docs/tasks/VM176-STAGE5-CODEXB-TASK2.1-MATRIX-SEMANTICS-EVIDENCE-FINAL-CORRECTION-2026-09-28.md,ARCHIVE_ONLY,"Preserve immutable TaskContract, report, review/control evidence chain in control-plane archive; retain source commit and blob identity."
suncaifeng/comfyui-minimax-h3,refs/heads/codex/h3-ltx-director-console-v2-corrective-delta-01,3968742392a8967325c4a9a2c3f6c81776e00c02,refs/heads/codex/h3-ltx-director-console-v2-corrective-delta-01;refs/heads/codex/h3-ltx-director-console-v2-holiday-codeb;refs/heads/codex/h3storyboard-director-console-v2-holiday-codeb;refs/heads/codex/holiday-onecat-native-benchmark-campaign;refs/heads/codex/holiday-relay-supervisor-codec;refs/heads/codex/onecat-native-v150-awq-vlk-quality-c64-corrective-delta;refs/heads/codex/onecat-native-v150-awq-vlk-quality-c64-delta;refs/heads/codex/onecat-native-v150-awq-vlk-recovery;refs/heads/codex/onecat-native-v150-c64-canonical-readiness;refs/heads/codex/task2.1-offline-harness;refs/heads/codex/task2.2-canonical-benchmark-input-freeze;refs/heads/codex/task2.3-kvmem-harness-sync;refs/heads/codex/task2.4-prebenchmark-offline-readiness;refs/heads/codex/three-runtime-c64-canonical-transport-remediation;refs/heads/codex/three-runtime-c64-cross-runtime-calibration;refs/heads/codex/three-runtime-c64-quality-gate-policy-corrective-delta;refs/heads/codex/three-runtime-c64-quality-gate-policy-freeze;refs/heads/control/holiday-codea-to-codeb-relay,docs/tasks/VM176-STAGE5-CODEXB-TASK2.1-OFFLINE-HARNESS-FINAL-COMPLETION-2026-09-28.md,45ffa711b16d00053a4780a0787cea6aab73dc05,suncaifeng/DevSopByAi,archive/comfyui-minimax-h3/docs/tasks/VM176-STAGE5-CODEXB-TASK2.1-OFFLINE-HARNESS-FINAL-COMPLETION-2026-09-28.md,ARCHIVE_ONLY,"Preserve immutable TaskContract, report, review/control evidence chain in control-plane archive; retain source commit and blob identity."
suncaifeng/comfyui-minimax-h3,refs/heads/codex/h3-ltx-director-console-v2-corrective-delta-01,3968742392a8967325c4a9a2c3f6c81776e00c02,refs/heads/codex/h3-ltx-director-console-v2-corrective-delta-01;refs/heads/codex/h3-ltx-director-console-v2-holiday-codeb;refs/heads/codex/h3storyboard-director-console-v2-holiday-codeb;refs/heads/codex/holiday-onecat-native-benchmark-campaign;refs/heads/codex/holiday-relay-supervisor-codec;refs/heads/codex/onecat-native-v150-awq-vlk-quality-c64-corrective-delta;refs/heads/codex/onecat-native-v150-awq-vlk-quality-c64-delta;refs/heads/codex/onecat-native-v150-awq-vlk-recovery;refs/heads/codex/onecat-native-v150-c64-canonical-readiness;refs/heads/codex/task2.2-canonical-benchmark-input-freeze;refs/heads/codex/task2.3-kvmem-harness-sync;refs/heads/codex/task2.4-prebenchmark-offline-readiness;refs/heads/codex/three-runtime-c64-canonical-transport-remediation;refs/heads/codex/three-runtime-c64-cross-runtime-calibration;refs/heads/codex/three-runtime-c64-quality-gate-policy-corrective-delta;refs/heads/codex/three-runtime-c64-quality-gate-policy-freeze;refs/heads/control/holiday-codea-to-codeb-relay,docs/tasks/VM176-STAGE5-CODEXB-TASK2.2-CANONICAL-BENCHMARK-INPUT-FREEZE-2026-09-28.md,7d9addde35583a5ae0256aacb27a473fd943e940,suncaifeng/DevSopByAi,archive/comfyui-minimax-h3/docs/tasks/VM176-STAGE5-CODEXB-TASK2.2-CANONICAL-BENCHMARK-INPUT-FREEZE-2026-09-28.md,ARCHIVE_ONLY,"Preserve immutable TaskContract, report, review/control evidence chain in control-plane archive; retain source commit and blob identity."
suncaifeng/comfyui-minimax-h3,refs/heads/codex/h3-ltx-director-console-v2-corrective-delta-01,3968742392a8967325c4a9a2c3f6c81776e00c02,refs/heads/codex/h3-ltx-director-console-v2-corrective-delta-01;refs/heads/codex/h3-ltx-director-console-v2-holiday-codeb;refs/heads/codex/h3storyboard-director-console-v2-holiday-codeb;refs/heads/codex/holiday-onecat-native-benchmark-campaign;refs/heads/codex/holiday-relay-supervisor-codec;refs/heads/codex/onecat-native-v150-awq-vlk-quality-c64-corrective-delta;refs/heads/codex/onecat-native-v150-awq-vlk-quality-c64-delta;refs/heads/codex/onecat-native-v150-awq-vlk-recovery;refs/heads/codex/onecat-native-v150-c64-canonical-readiness;refs/heads/codex/task2.3-kvmem-harness-sync;refs/heads/codex/task2.4-prebenchmark-offline-readiness;refs/heads/codex/three-runtime-c64-canonical-transport-remediation;refs/heads/codex/three-runtime-c64-cross-runtime-calibration;refs/heads/codex/three-runtime-c64-quality-gate-policy-corrective-delta;refs/heads/codex/three-runtime-c64-quality-gate-policy-freeze;refs/heads/control/holiday-codea-to-codeb-relay,docs/tasks/VM176-STAGE5-CODEXB-TASK2.3-KVMEM-HARNESS-SYNCHRONIZATION-2026-09-29.md,f50d60e9b85fab782b5268c351e8d80d51e6a2a6,suncaifeng/DevSopByAi,archive/comfyui-minimax-h3/docs/tasks/VM176-STAGE5-CODEXB-TASK2.3-KVMEM-HARNESS-SYNCHRONIZATION-2026-09-29.md,ARCHIVE_ONLY,"Preserve immutable TaskContract, report, review/control evidence chain in control-plane archive; retain source commit and blob identity."
suncaifeng/comfyui-minimax-h3,refs/heads/codex/h3-ltx-director-console-v2-corrective-delta-01,3968742392a8967325c4a9a2c3f6c81776e00c02,refs/heads/codex/h3-ltx-director-console-v2-corrective-delta-01;refs/heads/codex/h3-ltx-director-console-v2-holiday-codeb;refs/heads/codex/h3storyboard-director-console-v2-holiday-codeb;refs/heads/codex/holiday-onecat-native-benchmark-campaign;refs/heads/codex/holiday-relay-supervisor-codec;refs/heads/codex/onecat-native-v150-awq-vlk-quality-c64-corrective-delta;refs/heads/codex/onecat-native-v150-awq-vlk-quality-c64-delta;refs/heads/codex/onecat-native-v150-awq-vlk-recovery;refs/heads/codex/onecat-native-v150-c64-canonical-readiness;refs/heads/codex/task2.3-kvmem-harness-sync;refs/heads/codex/task2.4-prebenchmark-offline-readiness;refs/heads/codex/three-runtime-c64-canonical-transport-remediation;refs/heads/codex/three-runtime-c64-cross-runtime-calibration;refs/heads/codex/three-runtime-c64-quality-gate-policy-corrective-delta;refs/heads/codex/three-runtime-c64-quality-gate-policy-freeze;refs/heads/control/holiday-codea-to-codeb-relay,docs/tasks/VM176-STAGE5-CODEXB-TASK2.3-KVMEM-MATRIX-PREREQUISITE-IDENTITY-CORRECTION-2026-09-29.md,785cd4e76c48f6f91bf5212cce5e0eeca150578e,suncaifeng/DevSopByAi,archive/comfyui-minimax-h3/docs/tasks/VM176-STAGE5-CODEXB-TASK2.3-KVMEM-MATRIX-PREREQUISITE-IDENTITY-CORRECTION-2026-09-29.md,ARCHIVE_ONLY,"Preserve immutable TaskContract, report, review/control evidence chain in control-plane archive; retain source commit and blob identity."
suncaifeng/comfyui-minimax-h3,refs/heads/codex/h3-ltx-director-console-v2-corrective-delta-01,3968742392a8967325c4a9a2c3f6c81776e00c02,refs/heads/codex/h3-ltx-director-console-v2-corrective-delta-01;refs/heads/codex/h3-ltx-director-console-v2-holiday-codeb;refs/heads/codex/h3storyboard-director-console-v2-holiday-codeb;refs/heads/codex/holiday-onecat-native-benchmark-campaign;refs/heads/codex/holiday-relay-supervisor-codec;refs/heads/codex/onecat-native-v150-awq-vlk-quality-c64-corrective-delta;refs/heads/codex/onecat-native-v150-awq-vlk-quality-c64-delta;refs/heads/codex/onecat-native-v150-awq-vlk-recovery;refs/heads/codex/onecat-native-v150-c64-canonical-readiness;refs/heads/codex/task2.4-prebenchmark-offline-readiness;refs/heads/codex/three-runtime-c64-canonical-transport-remediation;refs/heads/codex/three-runtime-c64-cross-runtime-calibration;refs/heads/codex/three-runtime-c64-quality-gate-policy-corrective-delta;refs/heads/codex/three-runtime-c64-quality-gate-policy-freeze;refs/heads/control/holiday-codea-to-codeb-relay,docs/tasks/VM176-STAGE5-CODEXB-TASK2.4-PREBENCH-OFFLINE-READINESS-LAUNCH-BUNDLE-2026-09-29.md,38737460c3183303d747ce17fc09796770388304,suncaifeng/DevSopByAi,archive/comfyui-minimax-h3/docs/tasks/VM176-STAGE5-CODEXB-TASK2.4-PREBENCH-OFFLINE-READINESS-LAUNCH-BUNDLE-2026-09-29.md,ARCHIVE_ONLY,"Preserve immutable TaskContract, report, review/control evidence chain in control-plane archive; retain source commit and blob identity."
suncaifeng/comfyui-minimax-h3,refs/heads/main,644d7ff2a7a00e04db94ab347a85ed61488d5a76,refs/heads/codex/codexc-model-asset-acquisition-publish;refs/heads/codex/codexc-pinkcherry-ltx23-q6kv-refresh;refs/heads/codex/h3-ltx-director-console-v2-corrective-delta-01;refs/heads/codex/h3-ltx-director-console-v2-holiday-codeb;refs/heads/codex/h3storyboard-director-console-v2-holiday-codeb;refs/heads/codex/holiday-onecat-native-benchmark-campaign;refs/heads/codex/holiday-relay-supervisor-codec;refs/heads/codex/onecat-native-v150-awq-vlk-quality-c64-corrective-delta;refs/heads/codex/onecat-native-v150-awq-vlk-quality-c64-delta;refs/heads/codex/onecat-native-v150-awq-vlk-recovery;refs/heads/codex/onecat-native-v150-c64-canonical-readiness;refs/heads/codex/onecat-native-v150-preflight;refs/heads/codex/onecat-qwen38-gguf-loader-patch;refs/heads/codex/task2.1-offline-harness;refs/heads/codex/task2.2-canonical-benchmark-input-freeze;refs/heads/codex/task2.3-kvmem-harness-sync;refs/heads/codex/task2.4-prebenchmark-offline-readiness;refs/heads/codex/three-runtime-c64-canonical-transport-remediation;refs/heads/codex/three-runtime-c64-cross-runtime-calibration;refs/heads/codex/three-runtime-c64-quality-gate-policy-corrective-delta;refs/heads/codex/three-runtime-c64-quality-gate-policy-freeze;refs/heads/codex/vm176-v100-power-hbm-thermal-characterization;refs/heads/control/holiday-codea-to-codeb-relay;refs/heads/main,docs/tasks/VM176-STAGE5-CUDA128-HOST-COMPILER-COMPATIBILITY-RESOLUTION-2026-09-24.md,bf4e89e7030b4f2a59c798617e0fd9a22a0086dd,suncaifeng/DevSopByAi,archive/comfyui-minimax-h3/docs/tasks/VM176-STAGE5-CUDA128-HOST-COMPILER-COMPATIBILITY-RESOLUTION-2026-09-24.md,ARCHIVE_ONLY,"Preserve immutable TaskContract, report, review/control evidence chain in control-plane archive; retain source commit and blob identity."
suncaifeng/comfyui-minimax-h3,refs/heads/main,644d7ff2a7a00e04db94ab347a85ed61488d5a76,refs/heads/codex/codexc-model-asset-acquisition-publish;refs/heads/codex/codexc-pinkcherry-ltx23-q6kv-refresh;refs/heads/codex/h3-ltx-director-console-v2-corrective-delta-01;refs/heads/codex/h3-ltx-director-console-v2-holiday-codeb;refs/heads/codex/h3storyboard-director-console-v2-holiday-codeb;refs/heads/codex/holiday-onecat-native-benchmark-campaign;refs/heads/codex/holiday-relay-supervisor-codec;refs/heads/codex/onecat-native-v150-awq-vlk-quality-c64-corrective-delta;refs/heads/codex/onecat-native-v150-awq-vlk-quality-c64-delta;refs/heads/codex/onecat-native-v150-awq-vlk-recovery;refs/heads/codex/onecat-native-v150-c64-canonical-readiness;refs/heads/codex/onecat-native-v150-preflight;refs/heads/codex/onecat-qwen38-gguf-loader-patch;refs/heads/codex/task2.1-offline-harness;refs/heads/codex/task2.2-canonical-benchmark-input-freeze;refs/heads/codex/task2.3-kvmem-harness-sync;refs/heads/codex/task2.4-prebenchmark-offline-readiness;refs/heads/codex/three-runtime-c64-canonical-transport-remediation;refs/heads/codex/three-runtime-c64-cross-runtime-calibration;refs/heads/codex/three-runtime-c64-quality-gate-policy-corrective-delta;refs/heads/codex/three-runtime-c64-quality-gate-policy-freeze;refs/heads/codex/vm176-v100-power-hbm-thermal-characterization;refs/heads/control/holiday-codea-to-codeb-relay;refs/heads/main,docs/tasks/VM176-STAGE5-CUDA128-SHARED-FOUNDATION-2026-09-23.md,5dd65310fbb7064243e781660d1f09500d4944fe,suncaifeng/DevSopByAi,archive/comfyui-minimax-h3/docs/tasks/VM176-STAGE5-CUDA128-SHARED-FOUNDATION-2026-09-23.md,ARCHIVE_ONLY,"Preserve immutable TaskContract, report, review/control evidence chain in control-plane archive; retain source commit and blob identity."
suncaifeng/comfyui-minimax-h3,refs/heads/main,644d7ff2a7a00e04db94ab347a85ed61488d5a76,refs/heads/codex/codexc-model-asset-acquisition-publish;refs/heads/codex/codexc-pinkcherry-ltx23-q6kv-refresh;refs/heads/codex/h3-ltx-director-console-v2-corrective-delta-01;refs/heads/codex/h3-ltx-director-console-v2-holiday-codeb;refs/heads/codex/h3storyboard-director-console-v2-holiday-codeb;refs/heads/codex/holiday-onecat-native-benchmark-campaign;refs/heads/codex/holiday-relay-supervisor-codec;refs/heads/codex/onecat-native-v150-awq-vlk-quality-c64-corrective-delta;refs/heads/codex/onecat-native-v150-awq-vlk-quality-c64-delta;refs/heads/codex/onecat-native-v150-awq-vlk-recovery;refs/heads/codex/onecat-native-v150-c64-canonical-readiness;refs/heads/codex/onecat-native-v150-preflight;refs/heads/codex/onecat-qwen38-gguf-loader-patch;refs/heads/codex/task2.1-offline-harness;refs/heads/codex/task2.2-canonical-benchmark-input-freeze;refs/heads/codex/task2.3-kvmem-harness-sync;refs/heads/codex/task2.4-prebenchmark-offline-readiness;refs/heads/codex/three-runtime-c64-canonical-transport-remediation;refs/heads/codex/three-runtime-c64-cross-runtime-calibration;refs/heads/codex/three-runtime-c64-quality-gate-policy-corrective-delta;refs/heads/codex/three-runtime-c64-quality-gate-policy-freeze;refs/heads/codex/vm176-v100-power-hbm-thermal-characterization;refs/heads/control/holiday-codea-to-codeb-relay;refs/heads/main,docs/tasks/VM176-STAGE5-CUDA128-SHARED-FOUNDATION-EXECUTION-2026-09-23.md,c6e691082670da99c4aef92451118c47e8cbf67d,suncaifeng/DevSopByAi,archive/comfyui-minimax-h3/docs/tasks/VM176-STAGE5-CUDA128-SHARED-FOUNDATION-EXECUTION-2026-09-23.md,ARCHIVE_ONLY,"Preserve immutable TaskContract, report, review/control evidence chain in control-plane archive; retain source commit and blob identity."
suncaifeng/comfyui-minimax-h3,refs/heads/main,644d7ff2a7a00e04db94ab347a85ed61488d5a76,refs/heads/codex/codexc-model-asset-acquisition-publish;refs/heads/codex/codexc-pinkcherry-ltx23-q6kv-refresh;refs/heads/codex/h3-ltx-director-console-v2-corrective-delta-01;refs/heads/codex/h3-ltx-director-console-v2-holiday-codeb;refs/heads/codex/h3storyboard-director-console-v2-holiday-codeb;refs/heads/codex/holiday-onecat-native-benchmark-campaign;refs/heads/codex/holiday-relay-supervisor-codec;refs/heads/codex/onecat-native-v150-awq-vlk-quality-c64-corrective-delta;refs/heads/codex/onecat-native-v150-awq-vlk-quality-c64-delta;refs/heads/codex/onecat-native-v150-awq-vlk-recovery;refs/heads/codex/onecat-native-v150-c64-canonical-readiness;refs/heads/codex/onecat-native-v150-preflight;refs/heads/codex/onecat-qwen38-gguf-loader-patch;refs/heads/codex/task2.1-offline-harness;refs/heads/codex/task2.2-canonical-benchmark-input-freeze;refs/heads/codex/task2.3-kvmem-harness-sync;refs/heads/codex/task2.4-prebenchmark-offline-readiness;refs/heads/codex/three-runtime-c64-canonical-transport-remediation;refs/heads/codex/three-runtime-c64-cross-runtime-calibration;refs/heads/codex/three-runtime-c64-quality-gate-policy-corrective-delta;refs/heads/codex/three-runtime-c64-quality-gate-policy-freeze;refs/heads/codex/vm176-v100-power-hbm-thermal-characterization;refs/heads/control/holiday-codea-to-codeb-relay;refs/heads/main,docs/tasks/VM176-STAGE5-LLAMA-SOURCE-SUPPORT-RESOLUTION-2026-09-23.md,21ee8b815311ea5b1404cb4d7c373fb5c97bfd45,suncaifeng/DevSopByAi,archive/comfyui-minimax-h3/docs/tasks/VM176-STAGE5-LLAMA-SOURCE-SUPPORT-RESOLUTION-2026-09-23.md,ARCHIVE_ONLY,"Preserve immutable TaskContract, report, review/control evidence chain in control-plane archive; retain source commit and blob identity."
suncaifeng/comfyui-minimax-h3,refs/heads/main,644d7ff2a7a00e04db94ab347a85ed61488d5a76,refs/heads/codex/codexc-model-asset-acquisition-publish;refs/heads/codex/codexc-pinkcherry-ltx23-q6kv-refresh;refs/heads/codex/h3-ltx-director-console-v2-corrective-delta-01;refs/heads/codex/h3-ltx-director-console-v2-holiday-codeb;refs/heads/codex/h3storyboard-director-console-v2-holiday-codeb;refs/heads/codex/holiday-onecat-native-benchmark-campaign;refs/heads/codex/holiday-relay-supervisor-codec;refs/heads/codex/onecat-native-v150-awq-vlk-quality-c64-corrective-delta;refs/heads/codex/onecat-native-v150-awq-vlk-quality-c64-delta;refs/heads/codex/onecat-native-v150-awq-vlk-recovery;refs/heads/codex/onecat-native-v150-c64-canonical-readiness;refs/heads/codex/onecat-native-v150-preflight;refs/heads/codex/onecat-qwen38-gguf-loader-patch;refs/heads/codex/task2.1-offline-harness;refs/heads/codex/task2.2-canonical-benchmark-input-freeze;refs/heads/codex/task2.3-kvmem-harness-sync;refs/heads/codex/task2.4-prebenchmark-offline-readiness;refs/heads/codex/three-runtime-c64-canonical-transport-remediation;refs/heads/codex/three-runtime-c64-cross-runtime-calibration;refs/heads/codex/three-runtime-c64-quality-gate-policy-corrective-delta;refs/heads/codex/three-runtime-c64-quality-gate-policy-freeze;refs/heads/codex/vm176-v100-power-hbm-thermal-characterization;refs/heads/control/holiday-codea-to-codeb-relay;refs/heads/main,docs/tasks/VM176-STAGE5-NINFER-ARTIFACT-MATERIALIZATION-RESOLUTION-2026-09-23.md,3123ced9688ef39c96499c9da47f906a79f716de,suncaifeng/DevSopByAi,archive/comfyui-minimax-h3/docs/tasks/VM176-STAGE5-NINFER-ARTIFACT-MATERIALIZATION-RESOLUTION-2026-09-23.md,ARCHIVE_ONLY,"Preserve immutable TaskContract, report, review/control evidence chain in control-plane archive; retain source commit and blob identity."
suncaifeng/comfyui-minimax-h3,refs/heads/main,644d7ff2a7a00e04db94ab347a85ed61488d5a76,refs/heads/codex/codexc-model-asset-acquisition-publish;refs/heads/codex/codexc-pinkcherry-ltx23-q6kv-refresh;refs/heads/codex/h3-ltx-director-console-v2-corrective-delta-01;refs/heads/codex/h3-ltx-director-console-v2-holiday-codeb;refs/heads/codex/h3storyboard-director-console-v2-holiday-codeb;refs/heads/codex/holiday-onecat-native-benchmark-campaign;refs/heads/codex/holiday-relay-supervisor-codec;refs/heads/codex/onecat-native-v150-awq-vlk-quality-c64-corrective-delta;refs/heads/codex/onecat-native-v150-awq-vlk-quality-c64-delta;refs/heads/codex/onecat-native-v150-awq-vlk-recovery;refs/heads/codex/onecat-native-v150-c64-canonical-readiness;refs/heads/codex/onecat-native-v150-preflight;refs/heads/codex/onecat-qwen38-gguf-loader-patch;refs/heads/codex/task2.1-offline-harness;refs/heads/codex/task2.2-canonical-benchmark-input-freeze;refs/heads/codex/task2.3-kvmem-harness-sync;refs/heads/codex/task2.4-prebenchmark-offline-readiness;refs/heads/codex/three-runtime-c64-canonical-transport-remediation;refs/heads/codex/three-runtime-c64-cross-runtime-calibration;refs/heads/codex/three-runtime-c64-quality-gate-policy-corrective-delta;refs/heads/codex/three-runtime-c64-quality-gate-policy-freeze;refs/heads/codex/vm176-v100-power-hbm-thermal-characterization;refs/heads/control/holiday-codea-to-codeb-relay;refs/heads/main,docs/tasks/VM176-STAGE5-ONECAT-ISOLATED-ENV-BRINGUP-2026-09-23.md,f1e1d9e2272b08acf222dd9803905e3c713d756a,suncaifeng/DevSopByAi,archive/comfyui-minimax-h3/docs/tasks/VM176-STAGE5-ONECAT-ISOLATED-ENV-BRINGUP-2026-09-23.md,ARCHIVE_ONLY,"Preserve immutable TaskContract, report, review/control evidence chain in control-plane archive; retain source commit and blob identity."
suncaifeng/comfyui-minimax-h3,refs/heads/main,644d7ff2a7a00e04db94ab347a85ed61488d5a76,refs/heads/codex/codexc-model-asset-acquisition-publish;refs/heads/codex/codexc-pinkcherry-ltx23-q6kv-refresh;refs/heads/codex/h3-ltx-director-console-v2-corrective-delta-01;refs/heads/codex/h3-ltx-director-console-v2-holiday-codeb;refs/heads/codex/h3storyboard-director-console-v2-holiday-codeb;refs/heads/codex/holiday-onecat-native-benchmark-campaign;refs/heads/codex/holiday-relay-supervisor-codec;refs/heads/codex/onecat-native-v150-awq-vlk-quality-c64-corrective-delta;refs/heads/codex/onecat-native-v150-awq-vlk-quality-c64-delta;refs/heads/codex/onecat-native-v150-awq-vlk-recovery;refs/heads/codex/onecat-native-v150-c64-canonical-readiness;refs/heads/codex/onecat-native-v150-preflight;refs/heads/codex/onecat-qwen38-gguf-loader-patch;refs/heads/codex/task2.1-offline-harness;refs/heads/codex/task2.2-canonical-benchmark-input-freeze;refs/heads/codex/task2.3-kvmem-harness-sync;refs/heads/codex/task2.4-prebenchmark-offline-readiness;refs/heads/codex/three-runtime-c64-canonical-transport-remediation;refs/heads/codex/three-runtime-c64-cross-runtime-calibration;refs/heads/codex/three-runtime-c64-quality-gate-policy-corrective-delta;refs/heads/codex/three-runtime-c64-quality-gate-policy-freeze;refs/heads/codex/vm176-v100-power-hbm-thermal-characterization;refs/heads/control/holiday-codea-to-codeb-relay;refs/heads/main,docs/tasks/VM176-STAGE5-QWEN38-27B-LLAMA-IQ4_XS-MODEL-BRINGUP-2026-09-24.md,a155c3822f02a959ec9fcf77aab67518d86fee66,suncaifeng/DevSopByAi,archive/comfyui-minimax-h3/docs/tasks/VM176-STAGE5-QWEN38-27B-LLAMA-IQ4_XS-MODEL-BRINGUP-2026-09-24.md,ARCHIVE_ONLY,"Preserve immutable TaskContract, report, review/control evidence chain in control-plane archive; retain source commit and blob identity."
suncaifeng/comfyui-minimax-h3,refs/heads/main,644d7ff2a7a00e04db94ab347a85ed61488d5a76,refs/heads/codex/codexc-model-asset-acquisition-publish;refs/heads/codex/codexc-pinkcherry-ltx23-q6kv-refresh;refs/heads/codex/h3-ltx-director-console-v2-corrective-delta-01;refs/heads/codex/h3-ltx-director-console-v2-holiday-codeb;refs/heads/codex/h3storyboard-director-console-v2-holiday-codeb;refs/heads/codex/holiday-onecat-native-benchmark-campaign;refs/heads/codex/holiday-relay-supervisor-codec;refs/heads/codex/onecat-native-v150-awq-vlk-quality-c64-corrective-delta;refs/heads/codex/onecat-native-v150-awq-vlk-quality-c64-delta;refs/heads/codex/onecat-native-v150-awq-vlk-recovery;refs/heads/codex/onecat-native-v150-c64-canonical-readiness;refs/heads/codex/onecat-native-v150-preflight;refs/heads/codex/onecat-qwen38-gguf-loader-patch;refs/heads/codex/task2.1-offline-harness;refs/heads/codex/task2.2-canonical-benchmark-input-freeze;refs/heads/codex/task2.3-kvmem-harness-sync;refs/heads/codex/task2.4-prebenchmark-offline-readiness;refs/heads/codex/three-runtime-c64-canonical-transport-remediation;refs/heads/codex/three-runtime-c64-cross-runtime-calibration;refs/heads/codex/three-runtime-c64-quality-gate-policy-corrective-delta;refs/heads/codex/three-runtime-c64-quality-gate-policy-freeze;refs/heads/codex/vm176-v100-power-hbm-thermal-characterization;refs/heads/control/holiday-codea-to-codeb-relay;refs/heads/main,docs/tasks/VM176-STAGE5-QWEN38-THREE-RUNTIME-BENCH-READY-PRECONDITIONS-2026-09-25.md,af9ddbe754b5ac69bec88b784c0dd0050e6f3980,suncaifeng/DevSopByAi,archive/comfyui-minimax-h3/docs/tasks/VM176-STAGE5-QWEN38-THREE-RUNTIME-BENCH-READY-PRECONDITIONS-2026-09-25.md,ARCHIVE_ONLY,"Preserve immutable TaskContract, report, review/control evidence chain in control-plane archive; retain source commit and blob identity."
suncaifeng/comfyui-minimax-h3,refs/heads/codex/h3-ltx-director-console-v2-corrective-delta-01,3968742392a8967325c4a9a2c3f6c81776e00c02,refs/heads/codex/h3-ltx-director-console-v2-corrective-delta-01;refs/heads/codex/h3-ltx-director-console-v2-holiday-codeb;refs/heads/codex/h3storyboard-director-console-v2-holiday-codeb;refs/heads/codex/holiday-onecat-native-benchmark-campaign;refs/heads/codex/holiday-relay-supervisor-codec;refs/heads/codex/onecat-native-v150-awq-vlk-quality-c64-corrective-delta;refs/heads/codex/onecat-native-v150-awq-vlk-quality-c64-delta;refs/heads/codex/onecat-native-v150-awq-vlk-recovery;refs/heads/codex/onecat-native-v150-c64-canonical-readiness;refs/heads/codex/task2.1-offline-harness;refs/heads/codex/task2.2-canonical-benchmark-input-freeze;refs/heads/codex/task2.3-kvmem-harness-sync;refs/heads/codex/task2.4-prebenchmark-offline-readiness;refs/heads/codex/three-runtime-c64-canonical-transport-remediation;refs/heads/codex/three-runtime-c64-cross-runtime-calibration;refs/heads/codex/three-runtime-c64-quality-gate-policy-corrective-delta;refs/heads/codex/three-runtime-c64-quality-gate-policy-freeze;refs/heads/control/holiday-codea-to-codeb-relay,docs/tasks/VM176-STAGE5-QWEN38-THREE-RUNTIME-UNIFIED-BENCHMARK-PROTOCOL-2026-09-25.md,2b15d15ee25aa3e80498700fae599602f76fc07d,suncaifeng/DevSopByAi,archive/comfyui-minimax-h3/docs/tasks/VM176-STAGE5-QWEN38-THREE-RUNTIME-UNIFIED-BENCHMARK-PROTOCOL-2026-09-25.md,ARCHIVE_ONLY,"Preserve immutable TaskContract, report, review/control evidence chain in control-plane archive; retain source commit and blob identity."
suncaifeng/comfyui-minimax-h3,refs/heads/main,644d7ff2a7a00e04db94ab347a85ed61488d5a76,refs/heads/codex/codexc-model-asset-acquisition-publish;refs/heads/codex/codexc-pinkcherry-ltx23-q6kv-refresh;refs/heads/codex/onecat-native-v150-preflight;refs/heads/codex/onecat-qwen38-gguf-loader-patch;refs/heads/codex/vm176-v100-power-hbm-thermal-characterization;refs/heads/main,docs/tasks/VM176-STAGE5-QWEN38-THREE-RUNTIME-UNIFIED-BENCHMARK-PROTOCOL-2026-09-25.md,a190670c77e17b46748aceb547cbd1279def4032,suncaifeng/DevSopByAi,archive/comfyui-minimax-h3/docs/tasks/VM176-STAGE5-QWEN38-THREE-RUNTIME-UNIFIED-BENCHMARK-PROTOCOL-2026-09-25.md,ARCHIVE_ONLY,"Preserve immutable TaskContract, report, review/control evidence chain in control-plane archive; retain source commit and blob identity."
suncaifeng/comfyui-minimax-h3,refs/heads/main,644d7ff2a7a00e04db94ab347a85ed61488d5a76,refs/heads/codex/codexc-model-asset-acquisition-publish;refs/heads/codex/codexc-pinkcherry-ltx23-q6kv-refresh;refs/heads/codex/h3-ltx-director-console-v2-corrective-delta-01;refs/heads/codex/h3-ltx-director-console-v2-holiday-codeb;refs/heads/codex/h3storyboard-director-console-v2-holiday-codeb;refs/heads/codex/holiday-onecat-native-benchmark-campaign;refs/heads/codex/holiday-relay-supervisor-codec;refs/heads/codex/onecat-native-v150-awq-vlk-quality-c64-corrective-delta;refs/heads/codex/onecat-native-v150-awq-vlk-quality-c64-delta;refs/heads/codex/onecat-native-v150-awq-vlk-recovery;refs/heads/codex/onecat-native-v150-c64-canonical-readiness;refs/heads/codex/onecat-native-v150-preflight;refs/heads/codex/onecat-qwen38-gguf-loader-patch;refs/heads/codex/task2.1-offline-harness;refs/heads/codex/task2.2-canonical-benchmark-input-freeze;refs/heads/codex/task2.3-kvmem-harness-sync;refs/heads/codex/task2.4-prebenchmark-offline-readiness;refs/heads/codex/three-runtime-c64-canonical-transport-remediation;refs/heads/codex/three-runtime-c64-cross-runtime-calibration;refs/heads/codex/three-runtime-c64-quality-gate-policy-corrective-delta;refs/heads/codex/three-runtime-c64-quality-gate-policy-freeze;refs/heads/codex/vm176-v100-power-hbm-thermal-characterization;refs/heads/control/holiday-codea-to-codeb-relay;refs/heads/main,docs/tasks/VM176-STAGE5-R580-DEBIAN-PRE-INSTALL-GUARD-RESOLUTION-2026-09-23.md,5cf52a2b828e318bf4ec0269759377b97412e86b,suncaifeng/DevSopByAi,archive/comfyui-minimax-h3/docs/tasks/VM176-STAGE5-R580-DEBIAN-PRE-INSTALL-GUARD-RESOLUTION-2026-09-23.md,ARCHIVE_ONLY,"Preserve immutable TaskContract, report, review/control evidence chain in control-plane archive; retain source commit and blob identity."
suncaifeng/comfyui-minimax-h3,refs/heads/main,644d7ff2a7a00e04db94ab347a85ed61488d5a76,refs/heads/codex/codexc-model-asset-acquisition-publish;refs/heads/codex/codexc-pinkcherry-ltx23-q6kv-refresh;refs/heads/codex/h3-ltx-director-console-v2-corrective-delta-01;refs/heads/codex/h3-ltx-director-console-v2-holiday-codeb;refs/heads/codex/h3storyboard-director-console-v2-holiday-codeb;refs/heads/codex/holiday-onecat-native-benchmark-campaign;refs/heads/codex/holiday-relay-supervisor-codec;refs/heads/codex/onecat-native-v150-awq-vlk-quality-c64-corrective-delta;refs/heads/codex/onecat-native-v150-awq-vlk-quality-c64-delta;refs/heads/codex/onecat-native-v150-awq-vlk-recovery;refs/heads/codex/onecat-native-v150-c64-canonical-readiness;refs/heads/codex/onecat-native-v150-preflight;refs/heads/codex/onecat-qwen38-gguf-loader-patch;refs/heads/codex/task2.1-offline-harness;refs/heads/codex/task2.2-canonical-benchmark-input-freeze;refs/heads/codex/task2.3-kvmem-harness-sync;refs/heads/codex/task2.4-prebenchmark-offline-readiness;refs/heads/codex/three-runtime-c64-canonical-transport-remediation;refs/heads/codex/three-runtime-c64-cross-runtime-calibration;refs/heads/codex/three-runtime-c64-quality-gate-policy-corrective-delta;refs/heads/codex/three-runtime-c64-quality-gate-policy-freeze;refs/heads/codex/vm176-v100-power-hbm-thermal-characterization;refs/heads/control/holiday-codea-to-codeb-relay;refs/heads/main,docs/tasks/VM176-STAGE5-R580-DRIVER-MAINTENANCE-2026-09-23.md,cc3c67e6d99f9dcee270560ed5bbd02870ea2f8d,suncaifeng/DevSopByAi,archive/comfyui-minimax-h3/docs/tasks/VM176-STAGE5-R580-DRIVER-MAINTENANCE-2026-09-23.md,ARCHIVE_ONLY,"Preserve immutable TaskContract, report, review/control evidence chain in control-plane archive; retain source commit and blob identity."
suncaifeng/comfyui-minimax-h3,refs/heads/main,644d7ff2a7a00e04db94ab347a85ed61488d5a76,refs/heads/codex/codexc-model-asset-acquisition-publish;refs/heads/codex/codexc-pinkcherry-ltx23-q6kv-refresh;refs/heads/codex/h3-ltx-director-console-v2-corrective-delta-01;refs/heads/codex/h3-ltx-director-console-v2-holiday-codeb;refs/heads/codex/h3storyboard-director-console-v2-holiday-codeb;refs/heads/codex/holiday-onecat-native-benchmark-campaign;refs/heads/codex/holiday-relay-supervisor-codec;refs/heads/codex/onecat-native-v150-awq-vlk-quality-c64-corrective-delta;refs/heads/codex/onecat-native-v150-awq-vlk-quality-c64-delta;refs/heads/codex/onecat-native-v150-awq-vlk-recovery;refs/heads/codex/onecat-native-v150-c64-canonical-readiness;refs/heads/codex/onecat-native-v150-preflight;refs/heads/codex/onecat-qwen38-gguf-loader-patch;refs/heads/codex/task2.1-offline-harness;refs/heads/codex/task2.2-canonical-benchmark-input-freeze;refs/heads/codex/task2.3-kvmem-harness-sync;refs/heads/codex/task2.4-prebenchmark-offline-readiness;refs/heads/codex/three-runtime-c64-canonical-transport-remediation;refs/heads/codex/three-runtime-c64-cross-runtime-calibration;refs/heads/codex/three-runtime-c64-quality-gate-policy-corrective-delta;refs/heads/codex/three-runtime-c64-quality-gate-policy-freeze;refs/heads/codex/vm176-v100-power-hbm-thermal-characterization;refs/heads/control/holiday-codea-to-codeb-relay;refs/heads/main,docs/tasks/VM176-STAGE5-R580-DRIVER-MAINTENANCE-RETRY-2-2026-09-23.md,4e4d46f88f6798512c3b7d4ffcbaea3bb3117543,suncaifeng/DevSopByAi,archive/comfyui-minimax-h3/docs/tasks/VM176-STAGE5-R580-DRIVER-MAINTENANCE-RETRY-2-2026-09-23.md,ARCHIVE_ONLY,"Preserve immutable TaskContract, report, review/control evidence chain in control-plane archive; retain source commit and blob identity."
suncaifeng/comfyui-minimax-h3,refs/heads/main,644d7ff2a7a00e04db94ab347a85ed61488d5a76,refs/heads/codex/codexc-model-asset-acquisition-publish;refs/heads/codex/codexc-pinkcherry-ltx23-q6kv-refresh;refs/heads/codex/h3-ltx-director-console-v2-corrective-delta-01;refs/heads/codex/h3-ltx-director-console-v2-holiday-codeb;refs/heads/codex/h3storyboard-director-console-v2-holiday-codeb;refs/heads/codex/holiday-onecat-native-benchmark-campaign;refs/heads/codex/holiday-relay-supervisor-codec;refs/heads/codex/onecat-native-v150-awq-vlk-quality-c64-corrective-delta;refs/heads/codex/onecat-native-v150-awq-vlk-quality-c64-delta;refs/heads/codex/onecat-native-v150-awq-vlk-recovery;refs/heads/codex/onecat-native-v150-c64-canonical-readiness;refs/heads/codex/onecat-native-v150-preflight;refs/heads/codex/onecat-qwen38-gguf-loader-patch;refs/heads/codex/task2.1-offline-harness;refs/heads/codex/task2.2-canonical-benchmark-input-freeze;refs/heads/codex/task2.3-kvmem-harness-sync;refs/heads/codex/task2.4-prebenchmark-offline-readiness;refs/heads/codex/three-runtime-c64-canonical-transport-remediation;refs/heads/codex/three-runtime-c64-cross-runtime-calibration;refs/heads/codex/three-runtime-c64-quality-gate-policy-corrective-delta;refs/heads/codex/three-runtime-c64-quality-gate-policy-freeze;refs/heads/codex/vm176-v100-power-hbm-thermal-characterization;refs/heads/control/holiday-codea-to-codeb-relay;refs/heads/main,docs/tasks/VM176-STAGE5-R580-DRIVER-MAINTENANCE-RETRY-2026-09-23.md,f5788382e6a996f57723ce13bf8b905bdc0a754e,suncaifeng/DevSopByAi,archive/comfyui-minimax-h3/docs/tasks/VM176-STAGE5-R580-DRIVER-MAINTENANCE-RETRY-2026-09-23.md,ARCHIVE_ONLY,"Preserve immutable TaskContract, report, review/control evidence chain in control-plane archive; retain source commit and blob identity."
suncaifeng/comfyui-minimax-h3,refs/heads/main,644d7ff2a7a00e04db94ab347a85ed61488d5a76,refs/heads/codex/codexc-model-asset-acquisition-publish;refs/heads/codex/codexc-pinkcherry-ltx23-q6kv-refresh;refs/heads/codex/h3-ltx-director-console-v2-corrective-delta-01;refs/heads/codex/h3-ltx-director-console-v2-holiday-codeb;refs/heads/codex/h3storyboard-director-console-v2-holiday-codeb;refs/heads/codex/holiday-onecat-native-benchmark-campaign;refs/heads/codex/holiday-relay-supervisor-codec;refs/heads/codex/onecat-native-v150-awq-vlk-quality-c64-corrective-delta;refs/heads/codex/onecat-native-v150-awq-vlk-quality-c64-delta;refs/heads/codex/onecat-native-v150-awq-vlk-recovery;refs/heads/codex/onecat-native-v150-c64-canonical-readiness;refs/heads/codex/onecat-native-v150-preflight;refs/heads/codex/onecat-qwen38-gguf-loader-patch;refs/heads/codex/task2.1-offline-harness;refs/heads/codex/task2.2-canonical-benchmark-input-freeze;refs/heads/codex/task2.3-kvmem-harness-sync;refs/heads/codex/task2.4-prebenchmark-offline-readiness;refs/heads/codex/three-runtime-c64-canonical-transport-remediation;refs/heads/codex/three-runtime-c64-cross-runtime-calibration;refs/heads/codex/three-runtime-c64-quality-gate-policy-corrective-delta;refs/heads/codex/three-runtime-c64-quality-gate-policy-freeze;refs/heads/codex/vm176-v100-power-hbm-thermal-characterization;refs/heads/control/holiday-codea-to-codeb-relay;refs/heads/main,docs/tasks/VM176-STAGE5-R580-FOUNDATION-MSI-EVIDENCE-CORRECTION-VERIFICATION-2026-09-23.md,5f64da89038a6787536d8eecca62a2ff1697a7f6,suncaifeng/DevSopByAi,archive/comfyui-minimax-h3/docs/tasks/VM176-STAGE5-R580-FOUNDATION-MSI-EVIDENCE-CORRECTION-VERIFICATION-2026-09-23.md,ARCHIVE_ONLY,"Preserve immutable TaskContract, report, review/control evidence chain in control-plane archive; retain source commit and blob identity."
suncaifeng/comfyui-minimax-h3,refs/heads/main,644d7ff2a7a00e04db94ab347a85ed61488d5a76,refs/heads/codex/codexc-model-asset-acquisition-publish;refs/heads/codex/codexc-pinkcherry-ltx23-q6kv-refresh;refs/heads/codex/h3-ltx-director-console-v2-corrective-delta-01;refs/heads/codex/h3-ltx-director-console-v2-holiday-codeb;refs/heads/codex/h3storyboard-director-console-v2-holiday-codeb;refs/heads/codex/holiday-onecat-native-benchmark-campaign;refs/heads/codex/holiday-relay-supervisor-codec;refs/heads/codex/onecat-native-v150-awq-vlk-quality-c64-corrective-delta;refs/heads/codex/onecat-native-v150-awq-vlk-quality-c64-delta;refs/heads/codex/onecat-native-v150-awq-vlk-recovery;refs/heads/codex/onecat-native-v150-c64-canonical-readiness;refs/heads/codex/onecat-native-v150-preflight;refs/heads/codex/onecat-qwen38-gguf-loader-patch;refs/heads/codex/task2.1-offline-harness;refs/heads/codex/task2.2-canonical-benchmark-input-freeze;refs/heads/codex/task2.3-kvmem-harness-sync;refs/heads/codex/task2.4-prebenchmark-offline-readiness;refs/heads/codex/three-runtime-c64-canonical-transport-remediation;refs/heads/codex/three-runtime-c64-cross-runtime-calibration;refs/heads/codex/three-runtime-c64-quality-gate-policy-corrective-delta;refs/heads/codex/three-runtime-c64-quality-gate-policy-freeze;refs/heads/codex/vm176-v100-power-hbm-thermal-characterization;refs/heads/control/holiday-codea-to-codeb-relay;refs/heads/main,docs/tasks/VM176-STAGE5-R580-FOUNDATION-STATE-ADOPTION-VERIFICATION-2026-09-23.md,09c9ea8980668e5e1d23b87426552cd537ae87a6,suncaifeng/DevSopByAi,archive/comfyui-minimax-h3/docs/tasks/VM176-STAGE5-R580-FOUNDATION-STATE-ADOPTION-VERIFICATION-2026-09-23.md,ARCHIVE_ONLY,"Preserve immutable TaskContract, report, review/control evidence chain in control-plane archive; retain source commit and blob identity."
suncaifeng/comfyui-minimax-h3,refs/heads/main,644d7ff2a7a00e04db94ab347a85ed61488d5a76,refs/heads/codex/codexc-model-asset-acquisition-publish;refs/heads/codex/codexc-pinkcherry-ltx23-q6kv-refresh;refs/heads/codex/h3-ltx-director-console-v2-corrective-delta-01;refs/heads/codex/h3-ltx-director-console-v2-holiday-codeb;refs/heads/codex/h3storyboard-director-console-v2-holiday-codeb;refs/heads/codex/holiday-onecat-native-benchmark-campaign;refs/heads/codex/holiday-relay-supervisor-codec;refs/heads/codex/onecat-native-v150-awq-vlk-quality-c64-corrective-delta;refs/heads/codex/onecat-native-v150-awq-vlk-quality-c64-delta;refs/heads/codex/onecat-native-v150-awq-vlk-recovery;refs/heads/codex/onecat-native-v150-c64-canonical-readiness;refs/heads/codex/onecat-native-v150-preflight;refs/heads/codex/onecat-qwen38-gguf-loader-patch;refs/heads/codex/task2.1-offline-harness;refs/heads/codex/task2.2-canonical-benchmark-input-freeze;refs/heads/codex/task2.3-kvmem-harness-sync;refs/heads/codex/task2.4-prebenchmark-offline-readiness;refs/heads/codex/three-runtime-c64-canonical-transport-remediation;refs/heads/codex/three-runtime-c64-cross-runtime-calibration;refs/heads/codex/three-runtime-c64-quality-gate-policy-corrective-delta;refs/heads/codex/three-runtime-c64-quality-gate-policy-freeze;refs/heads/codex/vm176-v100-power-hbm-thermal-characterization;refs/heads/control/holiday-codea-to-codeb-relay;refs/heads/main,docs/tasks/VM176-STAGE5-R580-MSI-OOPS-COMPATIBILITY-INVESTIGATION-2026-09-23.md,fe6ee2b60c268070c92bd812011a75f0fe1a8983,suncaifeng/DevSopByAi,archive/comfyui-minimax-h3/docs/tasks/VM176-STAGE5-R580-MSI-OOPS-COMPATIBILITY-INVESTIGATION-2026-09-23.md,ARCHIVE_ONLY,"Preserve immutable TaskContract, report, review/control evidence chain in control-plane archive; retain source commit and blob identity."
suncaifeng/comfyui-minimax-h3,refs/heads/main,644d7ff2a7a00e04db94ab347a85ed61488d5a76,refs/heads/codex/codexc-model-asset-acquisition-publish;refs/heads/codex/codexc-pinkcherry-ltx23-q6kv-refresh;refs/heads/codex/h3-ltx-director-console-v2-corrective-delta-01;refs/heads/codex/h3-ltx-director-console-v2-holiday-codeb;refs/heads/codex/h3storyboard-director-console-v2-holiday-codeb;refs/heads/codex/holiday-onecat-native-benchmark-campaign;refs/heads/codex/holiday-relay-supervisor-codec;refs/heads/codex/onecat-native-v150-awq-vlk-quality-c64-corrective-delta;refs/heads/codex/onecat-native-v150-awq-vlk-quality-c64-delta;refs/heads/codex/onecat-native-v150-awq-vlk-recovery;refs/heads/codex/onecat-native-v150-c64-canonical-readiness;refs/heads/codex/onecat-native-v150-preflight;refs/heads/codex/onecat-qwen38-gguf-loader-patch;refs/heads/codex/task2.1-offline-harness;refs/heads/codex/task2.2-canonical-benchmark-input-freeze;refs/heads/codex/task2.3-kvmem-harness-sync;refs/heads/codex/task2.4-prebenchmark-offline-readiness;refs/heads/codex/three-runtime-c64-canonical-transport-remediation;refs/heads/codex/three-runtime-c64-cross-runtime-calibration;refs/heads/codex/three-runtime-c64-quality-gate-policy-corrective-delta;refs/heads/codex/three-runtime-c64-quality-gate-policy-freeze;refs/heads/codex/vm176-v100-power-hbm-thermal-characterization;refs/heads/control/holiday-codea-to-codeb-relay;refs/heads/main,docs/tasks/VM176-STAGE5-R580-NOUVEAU-EARLY-PROBE-ISOLATION-EXPERIMENT-2026-09-23.md,7061f6348915787412133d045ee485afaab30997,suncaifeng/DevSopByAi,archive/comfyui-minimax-h3/docs/tasks/VM176-STAGE5-R580-NOUVEAU-EARLY-PROBE-ISOLATION-EXPERIMENT-2026-09-23.md,ARCHIVE_ONLY,"Preserve immutable TaskContract, report, review/control evidence chain in control-plane archive; retain source commit and blob identity."
suncaifeng/comfyui-minimax-h3,refs/heads/main,644d7ff2a7a00e04db94ab347a85ed61488d5a76,refs/heads/codex/codexc-model-asset-acquisition-publish;refs/heads/codex/codexc-pinkcherry-ltx23-q6kv-refresh;refs/heads/codex/h3-ltx-director-console-v2-corrective-delta-01;refs/heads/codex/h3-ltx-director-console-v2-holiday-codeb;refs/heads/codex/h3storyboard-director-console-v2-holiday-codeb;refs/heads/codex/holiday-onecat-native-benchmark-campaign;refs/heads/codex/holiday-relay-supervisor-codec;refs/heads/codex/onecat-native-v150-awq-vlk-quality-c64-corrective-delta;refs/heads/codex/onecat-native-v150-awq-vlk-quality-c64-delta;refs/heads/codex/onecat-native-v150-awq-vlk-recovery;refs/heads/codex/onecat-native-v150-c64-canonical-readiness;refs/heads/codex/onecat-native-v150-preflight;refs/heads/codex/onecat-qwen38-gguf-loader-patch;refs/heads/codex/task2.1-offline-harness;refs/heads/codex/task2.2-canonical-benchmark-input-freeze;refs/heads/codex/task2.3-kvmem-harness-sync;refs/heads/codex/task2.4-prebenchmark-offline-readiness;refs/heads/codex/three-runtime-c64-canonical-transport-remediation;refs/heads/codex/three-runtime-c64-cross-runtime-calibration;refs/heads/codex/three-runtime-c64-quality-gate-policy-corrective-delta;refs/heads/codex/three-runtime-c64-quality-gate-policy-freeze;refs/heads/codex/vm176-v100-power-hbm-thermal-characterization;refs/heads/control/holiday-codea-to-codeb-relay;refs/heads/main,docs/tasks/VM176-STAGE5-R580-PACKAGE-OWNERSHIP-RESOLUTION-2026-09-23.md,389f9d7682bd843066c85619cea00e25d5da1d3d,suncaifeng/DevSopByAi,archive/comfyui-minimax-h3/docs/tasks/VM176-STAGE5-R580-PACKAGE-OWNERSHIP-RESOLUTION-2026-09-23.md,ARCHIVE_ONLY,"Preserve immutable TaskContract, report, review/control evidence chain in control-plane archive; retain source commit and blob identity."
suncaifeng/comfyui-minimax-h3,refs/heads/codex/h3-ltx-director-console-v2-corrective-delta-01,3968742392a8967325c4a9a2c3f6c81776e00c02,refs/heads/codex/h3-ltx-director-console-v2-corrective-delta-01;refs/heads/codex/h3-ltx-director-console-v2-holiday-codeb;refs/heads/codex/h3storyboard-director-console-v2-holiday-codeb;refs/heads/codex/holiday-onecat-native-benchmark-campaign;refs/heads/codex/holiday-relay-supervisor-codec;refs/heads/codex/onecat-native-v150-awq-vlk-quality-c64-corrective-delta;refs/heads/codex/onecat-native-v150-awq-vlk-quality-c64-delta;refs/heads/codex/onecat-native-v150-awq-vlk-recovery;refs/heads/codex/onecat-native-v150-c64-canonical-readiness;refs/heads/codex/task2.1-offline-harness;refs/heads/codex/task2.2-canonical-benchmark-input-freeze;refs/heads/codex/task2.3-kvmem-harness-sync;refs/heads/codex/task2.4-prebenchmark-offline-readiness;refs/heads/codex/three-runtime-c64-canonical-transport-remediation;refs/heads/codex/three-runtime-c64-cross-runtime-calibration;refs/heads/codex/three-runtime-c64-quality-gate-policy-corrective-delta;refs/heads/codex/three-runtime-c64-quality-gate-policy-freeze;refs/heads/control/holiday-codea-to-codeb-relay,docs/tasks/VM176-STAGE5-TASK2.1-CORRECTION-OFFLINE-HARNESS-CONTRACT-COMPLETION-2026-09-28.md,307698d0ef85569e6c1e5ffd5ca7aee0c67f1bf2,suncaifeng/DevSopByAi,archive/comfyui-minimax-h3/docs/tasks/VM176-STAGE5-TASK2.1-CORRECTION-OFFLINE-HARNESS-CONTRACT-COMPLETION-2026-09-28.md,ARCHIVE_ONLY,"Preserve immutable TaskContract, report, review/control evidence chain in control-plane archive; retain source commit and blob identity."
suncaifeng/comfyui-minimax-h3,refs/heads/main,644d7ff2a7a00e04db94ab347a85ed61488d5a76,refs/heads/codex/codexc-model-asset-acquisition-publish;refs/heads/codex/codexc-pinkcherry-ltx23-q6kv-refresh;refs/heads/codex/onecat-native-v150-preflight;refs/heads/codex/onecat-qwen38-gguf-loader-patch;refs/heads/codex/vm176-v100-power-hbm-thermal-characterization;refs/heads/main,docs/tasks/VM176-STAGE5-TASK2.1-OFFLINE-BENCHMARK-HARNESS-MATERIALIZATION-2026-09-28.md,08cce705f17dc31e693c470431dd383c2a3a13c4,suncaifeng/DevSopByAi,archive/comfyui-minimax-h3/docs/tasks/VM176-STAGE5-TASK2.1-OFFLINE-BENCHMARK-HARNESS-MATERIALIZATION-2026-09-28.md,ARCHIVE_ONLY,"Preserve immutable TaskContract, report, review/control evidence chain in control-plane archive; retain source commit and blob identity."
suncaifeng/comfyui-minimax-h3,refs/heads/codex/h3-ltx-director-console-v2-corrective-delta-01,3968742392a8967325c4a9a2c3f6c81776e00c02,refs/heads/codex/h3-ltx-director-console-v2-corrective-delta-01;refs/heads/codex/h3-ltx-director-console-v2-holiday-codeb;refs/heads/codex/h3storyboard-director-console-v2-holiday-codeb;refs/heads/codex/holiday-onecat-native-benchmark-campaign;refs/heads/codex/holiday-relay-supervisor-codec;refs/heads/codex/onecat-native-v150-awq-vlk-quality-c64-corrective-delta;refs/heads/codex/onecat-native-v150-awq-vlk-quality-c64-delta;refs/heads/codex/onecat-native-v150-awq-vlk-recovery;refs/heads/codex/onecat-native-v150-c64-canonical-readiness;refs/heads/codex/task2.1-offline-harness;refs/heads/codex/task2.2-canonical-benchmark-input-freeze;refs/heads/codex/task2.3-kvmem-harness-sync;refs/heads/codex/task2.4-prebenchmark-offline-readiness;refs/heads/codex/three-runtime-c64-canonical-transport-remediation;refs/heads/codex/three-runtime-c64-cross-runtime-calibration;refs/heads/codex/three-runtime-c64-quality-gate-policy-corrective-delta;refs/heads/codex/three-runtime-c64-quality-gate-policy-freeze;refs/heads/control/holiday-codea-to-codeb-relay,docs/tasks/VM176-STAGE5-TASK2.1-OFFLINE-BENCHMARK-HARNESS-MATERIALIZATION-2026-09-28.md,4b35ea176d4f19174d8e1d12085a1f1a276696d8,suncaifeng/DevSopByAi,archive/comfyui-minimax-h3/docs/tasks/VM176-STAGE5-TASK2.1-OFFLINE-BENCHMARK-HARNESS-MATERIALIZATION-2026-09-28.md,ARCHIVE_ONLY,"Preserve immutable TaskContract, report, review/control evidence chain in control-plane archive; retain source commit and blob identity."
suncaifeng/comfyui-minimax-h3,refs/heads/codex/h3-ltx-director-console-v2-corrective-delta-01,3968742392a8967325c4a9a2c3f6c81776e00c02,refs/heads/codex/h3-ltx-director-console-v2-corrective-delta-01;refs/heads/codex/h3-ltx-director-console-v2-holiday-codeb;refs/heads/codex/h3storyboard-director-console-v2-holiday-codeb;refs/heads/codex/holiday-relay-supervisor-codec;refs/heads/codex/three-runtime-c64-canonical-transport-remediation;refs/heads/control/holiday-codea-to-codeb-relay,docs/tasks/VM176-STAGE5-THREE-RUNTIME-C64-CANONICAL-TRANSPORT-REMEDIATION-2026-10-02.md,32994f6ea287e00289eaa0ca43cf83c9d369984c,suncaifeng/DevSopByAi,archive/comfyui-minimax-h3/docs/tasks/VM176-STAGE5-THREE-RUNTIME-C64-CANONICAL-TRANSPORT-REMEDIATION-2026-10-02.md,ARCHIVE_ONLY,"Preserve immutable TaskContract, report, review/control evidence chain in control-plane archive; retain source commit and blob identity."
suncaifeng/comfyui-minimax-h3,refs/heads/codex/h3-ltx-director-console-v2-corrective-delta-01,3968742392a8967325c4a9a2c3f6c81776e00c02,refs/heads/codex/h3-ltx-director-console-v2-corrective-delta-01;refs/heads/codex/h3-ltx-director-console-v2-holiday-codeb;refs/heads/codex/h3storyboard-director-console-v2-holiday-codeb;refs/heads/codex/holiday-relay-supervisor-codec;refs/heads/codex/three-runtime-c64-canonical-transport-remediation;refs/heads/codex/three-runtime-c64-cross-runtime-calibration;refs/heads/control/holiday-codea-to-codeb-relay,docs/tasks/VM176-STAGE5-THREE-RUNTIME-C64-CROSS-RUNTIME-CALIBRATION-2026-10-02.md,0fd202249817a1e70ee3ce82456afb495208f064,suncaifeng/DevSopByAi,archive/comfyui-minimax-h3/docs/tasks/VM176-STAGE5-THREE-RUNTIME-C64-CROSS-RUNTIME-CALIBRATION-2026-10-02.md,ARCHIVE_ONLY,"Preserve immutable TaskContract, report, review/control evidence chain in control-plane archive; retain source commit and blob identity."
suncaifeng/comfyui-minimax-h3,refs/heads/codex/h3-ltx-director-console-v2-corrective-delta-01,3968742392a8967325c4a9a2c3f6c81776e00c02,refs/heads/codex/h3-ltx-director-console-v2-corrective-delta-01;refs/heads/codex/h3-ltx-director-console-v2-holiday-codeb;refs/heads/codex/h3storyboard-director-console-v2-holiday-codeb;refs/heads/codex/holiday-relay-supervisor-codec;refs/heads/codex/three-runtime-c64-canonical-transport-remediation;refs/heads/codex/three-runtime-c64-cross-runtime-calibration;refs/heads/codex/three-runtime-c64-quality-gate-policy-corrective-delta;refs/heads/control/holiday-codea-to-codeb-relay,docs/tasks/VM176-STAGE5-THREE-RUNTIME-C64-QUALITY-GATE-POLICY-CORRECTIVE-DELTA-2026-10-02.md,b78e7eeccfdbbae90d8f2c077b55a5aa93995dad,suncaifeng/DevSopByAi,archive/comfyui-minimax-h3/docs/tasks/VM176-STAGE5-THREE-RUNTIME-C64-QUALITY-GATE-POLICY-CORRECTIVE-DELTA-2026-10-02.md,ARCHIVE_ONLY,"Preserve immutable TaskContract, report, review/control evidence chain in control-plane archive; retain source commit and blob identity."
suncaifeng/comfyui-minimax-h3,refs/heads/codex/h3-ltx-director-console-v2-corrective-delta-01,3968742392a8967325c4a9a2c3f6c81776e00c02,refs/heads/codex/h3-ltx-director-console-v2-corrective-delta-01;refs/heads/codex/h3-ltx-director-console-v2-holiday-codeb;refs/heads/codex/h3storyboard-director-console-v2-holiday-codeb;refs/heads/codex/holiday-relay-supervisor-codec;refs/heads/codex/three-runtime-c64-canonical-transport-remediation;refs/heads/codex/three-runtime-c64-cross-runtime-calibration;refs/heads/codex/three-runtime-c64-quality-gate-policy-corrective-delta;refs/heads/codex/three-runtime-c64-quality-gate-policy-freeze;refs/heads/control/holiday-codea-to-codeb-relay,docs/tasks/VM176-STAGE5-THREE-RUNTIME-C64-QUALITY-GATE-POLICY-FREEZE-2026-10-02.md,ddb4d10e500918be0a204f6f91cbed99ec7fb494,suncaifeng/DevSopByAi,archive/comfyui-minimax-h3/docs/tasks/VM176-STAGE5-THREE-RUNTIME-C64-QUALITY-GATE-POLICY-FREEZE-2026-10-02.md,ARCHIVE_ONLY,"Preserve immutable TaskContract, report, review/control evidence chain in control-plane archive; retain source commit and blob identity."
suncaifeng/comfyui-minimax-h3,refs/heads/main,644d7ff2a7a00e04db94ab347a85ed61488d5a76,refs/heads/codex/codexc-model-asset-acquisition-publish;refs/heads/codex/codexc-pinkcherry-ltx23-q6kv-refresh;refs/heads/codex/h3-ltx-director-console-v2-corrective-delta-01;refs/heads/codex/h3-ltx-director-console-v2-holiday-codeb;refs/heads/codex/h3storyboard-director-console-v2-holiday-codeb;refs/heads/codex/holiday-onecat-native-benchmark-campaign;refs/heads/codex/holiday-relay-supervisor-codec;refs/heads/codex/onecat-native-v150-awq-vlk-quality-c64-corrective-delta;refs/heads/codex/onecat-native-v150-awq-vlk-quality-c64-delta;refs/heads/codex/onecat-native-v150-awq-vlk-recovery;refs/heads/codex/onecat-native-v150-c64-canonical-readiness;refs/heads/codex/onecat-native-v150-preflight;refs/heads/codex/onecat-qwen38-gguf-loader-patch;refs/heads/codex/task2.1-offline-harness;refs/heads/codex/task2.2-canonical-benchmark-input-freeze;refs/heads/codex/task2.3-kvmem-harness-sync;refs/heads/codex/task2.4-prebenchmark-offline-readiness;refs/heads/codex/three-runtime-c64-canonical-transport-remediation;refs/heads/codex/three-runtime-c64-cross-runtime-calibration;refs/heads/codex/three-runtime-c64-quality-gate-policy-corrective-delta;refs/heads/codex/three-runtime-c64-quality-gate-policy-freeze;refs/heads/codex/vm176-v100-power-hbm-thermal-characterization;refs/heads/control/holiday-codea-to-codeb-relay;refs/heads/main,docs/tasks/VM176-STAGE6-ULTRA-HERETIC-CREATIVE-LLM-PRODUCTION-BASELINE-2026-09-25.md,80c4e56b0391635d860388f3fbc2cc4c52568609,suncaifeng/DevSopByAi,archive/comfyui-minimax-h3/docs/tasks/VM176-STAGE6-ULTRA-HERETIC-CREATIVE-LLM-PRODUCTION-BASELINE-2026-09-25.md,ARCHIVE_ONLY,"Preserve immutable TaskContract, report, review/control evidence chain in control-plane archive; retain source commit and blob identity."
suncaifeng/comfyui-minimax-h3,refs/heads/main,644d7ff2a7a00e04db94ab347a85ed61488d5a76,refs/heads/codex/codexc-model-asset-acquisition-publish;refs/heads/codex/codexc-pinkcherry-ltx23-q6kv-refresh;refs/heads/codex/h3-ltx-director-console-v2-corrective-delta-01;refs/heads/codex/h3-ltx-director-console-v2-holiday-codeb;refs/heads/codex/h3storyboard-director-console-v2-holiday-codeb;refs/heads/codex/holiday-onecat-native-benchmark-campaign;refs/heads/codex/holiday-relay-supervisor-codec;refs/heads/codex/onecat-native-v150-awq-vlk-quality-c64-corrective-delta;refs/heads/codex/onecat-native-v150-awq-vlk-quality-c64-delta;refs/heads/codex/onecat-native-v150-awq-vlk-recovery;refs/heads/codex/onecat-native-v150-c64-canonical-readiness;refs/heads/codex/onecat-native-v150-preflight;refs/heads/codex/onecat-qwen38-gguf-loader-patch;refs/heads/codex/task2.1-offline-harness;refs/heads/codex/task2.2-canonical-benchmark-input-freeze;refs/heads/codex/task2.3-kvmem-harness-sync;refs/heads/codex/task2.4-prebenchmark-offline-readiness;refs/heads/codex/three-runtime-c64-canonical-transport-remediation;refs/heads/codex/three-runtime-c64-cross-runtime-calibration;refs/heads/codex/three-runtime-c64-quality-gate-policy-corrective-delta;refs/heads/codex/three-runtime-c64-quality-gate-policy-freeze;refs/heads/codex/vm176-v100-power-hbm-thermal-characterization;refs/heads/control/holiday-codea-to-codeb-relay;refs/heads/main,docs/tasks/VM176-STORAGE-IMPLEMENTATION-RESUME-FROM-PHASE-B-2026-09-22.md,7932d0472aab7e200b79b6aebf9ed338ca80d842,suncaifeng/DevSopByAi,archive/comfyui-minimax-h3/docs/tasks/VM176-STORAGE-IMPLEMENTATION-RESUME-FROM-PHASE-B-2026-09-22.md,ARCHIVE_ONLY,"Preserve immutable TaskContract, report, review/control evidence chain in control-plane archive; retain source commit and blob identity."
suncaifeng/comfyui-minimax-h3,refs/heads/main,644d7ff2a7a00e04db94ab347a85ed61488d5a76,refs/heads/codex/codexc-model-asset-acquisition-publish;refs/heads/codex/codexc-pinkcherry-ltx23-q6kv-refresh;refs/heads/codex/h3-ltx-director-console-v2-corrective-delta-01;refs/heads/codex/h3-ltx-director-console-v2-holiday-codeb;refs/heads/codex/h3storyboard-director-console-v2-holiday-codeb;refs/heads/codex/holiday-onecat-native-benchmark-campaign;refs/heads/codex/holiday-relay-supervisor-codec;refs/heads/codex/onecat-native-v150-awq-vlk-quality-c64-corrective-delta;refs/heads/codex/onecat-native-v150-awq-vlk-quality-c64-delta;refs/heads/codex/onecat-native-v150-awq-vlk-recovery;refs/heads/codex/onecat-native-v150-c64-canonical-readiness;refs/heads/codex/onecat-native-v150-preflight;refs/heads/codex/onecat-qwen38-gguf-loader-patch;refs/heads/codex/task2.1-offline-harness;refs/heads/codex/task2.2-canonical-benchmark-input-freeze;refs/heads/codex/task2.3-kvmem-harness-sync;refs/heads/codex/task2.4-prebenchmark-offline-readiness;refs/heads/codex/three-runtime-c64-canonical-transport-remediation;refs/heads/codex/three-runtime-c64-cross-runtime-calibration;refs/heads/codex/three-runtime-c64-quality-gate-policy-corrective-delta;refs/heads/codex/three-runtime-c64-quality-gate-policy-freeze;refs/heads/codex/vm176-v100-power-hbm-thermal-characterization;refs/heads/control/holiday-codea-to-codeb-relay;refs/heads/main,docs/tasks/VM176-STORAGE-LONGRUN-RECOVERY-RECONCILIATION-2026-09-22.md,eaa7fce4968d960ed159a31b501eaa3f1007f808,suncaifeng/DevSopByAi,archive/comfyui-minimax-h3/docs/tasks/VM176-STORAGE-LONGRUN-RECOVERY-RECONCILIATION-2026-09-22.md,ARCHIVE_ONLY,"Preserve immutable TaskContract, report, review/control evidence chain in control-plane archive; retain source commit and blob identity."
suncaifeng/comfyui-minimax-h3,refs/heads/main,644d7ff2a7a00e04db94ab347a85ed61488d5a76,refs/heads/codex/codexc-model-asset-acquisition-publish;refs/heads/codex/codexc-pinkcherry-ltx23-q6kv-refresh;refs/heads/codex/h3-ltx-director-console-v2-corrective-delta-01;refs/heads/codex/h3-ltx-director-console-v2-holiday-codeb;refs/heads/codex/h3storyboard-director-console-v2-holiday-codeb;refs/heads/codex/holiday-onecat-native-benchmark-campaign;refs/heads/codex/holiday-relay-supervisor-codec;refs/heads/codex/onecat-native-v150-awq-vlk-quality-c64-corrective-delta;refs/heads/codex/onecat-native-v150-awq-vlk-quality-c64-delta;refs/heads/codex/onecat-native-v150-awq-vlk-recovery;refs/heads/codex/onecat-native-v150-c64-canonical-readiness;refs/heads/codex/onecat-native-v150-preflight;refs/heads/codex/onecat-qwen38-gguf-loader-patch;refs/heads/codex/task2.1-offline-harness;refs/heads/codex/task2.2-canonical-benchmark-input-freeze;refs/heads/codex/task2.3-kvmem-harness-sync;refs/heads/codex/task2.4-prebenchmark-offline-readiness;refs/heads/codex/three-runtime-c64-canonical-transport-remediation;refs/heads/codex/three-runtime-c64-cross-runtime-calibration;refs/heads/codex/three-runtime-c64-quality-gate-policy-corrective-delta;refs/heads/codex/three-runtime-c64-quality-gate-policy-freeze;refs/heads/codex/vm176-v100-power-hbm-thermal-characterization;refs/heads/control/holiday-codea-to-codeb-relay;refs/heads/main,docs/tasks/VM176-STORAGE-MODEL-LAYOUT-IMPLEMENTATION-LONGRUN-2026-09-22.md,904219fd9bf5c49b87b37173a8f519aa4107bf38,suncaifeng/DevSopByAi,archive/comfyui-minimax-h3/docs/tasks/VM176-STORAGE-MODEL-LAYOUT-IMPLEMENTATION-LONGRUN-2026-09-22.md,ARCHIVE_ONLY,"Preserve immutable TaskContract, report, review/control evidence chain in control-plane archive; retain source commit and blob identity."
suncaifeng/comfyui-minimax-h3,refs/heads/main,644d7ff2a7a00e04db94ab347a85ed61488d5a76,refs/heads/codex/codexc-model-asset-acquisition-publish;refs/heads/codex/codexc-pinkcherry-ltx23-q6kv-refresh;refs/heads/codex/h3-ltx-director-console-v2-corrective-delta-01;refs/heads/codex/h3-ltx-director-console-v2-holiday-codeb;refs/heads/codex/h3storyboard-director-console-v2-holiday-codeb;refs/heads/codex/holiday-onecat-native-benchmark-campaign;refs/heads/codex/holiday-relay-supervisor-codec;refs/heads/codex/onecat-native-v150-awq-vlk-quality-c64-corrective-delta;refs/heads/codex/onecat-native-v150-awq-vlk-quality-c64-delta;refs/heads/codex/onecat-native-v150-awq-vlk-recovery;refs/heads/codex/onecat-native-v150-c64-canonical-readiness;refs/heads/codex/onecat-native-v150-preflight;refs/heads/codex/onecat-qwen38-gguf-loader-patch;refs/heads/codex/task2.1-offline-harness;refs/heads/codex/task2.2-canonical-benchmark-input-freeze;refs/heads/codex/task2.3-kvmem-harness-sync;refs/heads/codex/task2.4-prebenchmark-offline-readiness;refs/heads/codex/three-runtime-c64-canonical-transport-remediation;refs/heads/codex/three-runtime-c64-cross-runtime-calibration;refs/heads/codex/three-runtime-c64-quality-gate-policy-corrective-delta;refs/heads/codex/three-runtime-c64-quality-gate-policy-freeze;refs/heads/codex/vm176-v100-power-hbm-thermal-characterization;refs/heads/control/holiday-codea-to-codeb-relay;refs/heads/main,docs/tasks/VM176-STORAGE-MODEL-LAYOUT-PLANNING-2026-09-22.md,e46517509a03ea2876b9d50441ca626b6e3a6e78,suncaifeng/DevSopByAi,archive/comfyui-minimax-h3/docs/tasks/VM176-STORAGE-MODEL-LAYOUT-PLANNING-2026-09-22.md,ARCHIVE_ONLY,"Preserve immutable TaskContract, report, review/control evidence chain in control-plane archive; retain source commit and blob identity."
suncaifeng/comfyui-minimax-h3,refs/heads/main,644d7ff2a7a00e04db94ab347a85ed61488d5a76,refs/heads/codex/codexc-model-asset-acquisition-publish;refs/heads/codex/codexc-pinkcherry-ltx23-q6kv-refresh;refs/heads/codex/h3-ltx-director-console-v2-corrective-delta-01;refs/heads/codex/h3-ltx-director-console-v2-holiday-codeb;refs/heads/codex/h3storyboard-director-console-v2-holiday-codeb;refs/heads/codex/holiday-onecat-native-benchmark-campaign;refs/heads/codex/holiday-relay-supervisor-codec;refs/heads/codex/onecat-native-v150-awq-vlk-quality-c64-corrective-delta;refs/heads/codex/onecat-native-v150-awq-vlk-quality-c64-delta;refs/heads/codex/onecat-native-v150-awq-vlk-recovery;refs/heads/codex/onecat-native-v150-c64-canonical-readiness;refs/heads/codex/onecat-native-v150-preflight;refs/heads/codex/onecat-qwen38-gguf-loader-patch;refs/heads/codex/task2.1-offline-harness;refs/heads/codex/task2.2-canonical-benchmark-input-freeze;refs/heads/codex/task2.3-kvmem-harness-sync;refs/heads/codex/task2.4-prebenchmark-offline-readiness;refs/heads/codex/three-runtime-c64-canonical-transport-remediation;refs/heads/codex/three-runtime-c64-cross-runtime-calibration;refs/heads/codex/three-runtime-c64-quality-gate-policy-corrective-delta;refs/heads/codex/three-runtime-c64-quality-gate-policy-freeze;refs/heads/codex/vm176-v100-power-hbm-thermal-characterization;refs/heads/control/holiday-codea-to-codeb-relay;refs/heads/main,docs/tasks/VM176-STORAGE-MODEL-LAYOUT-PLANNING-INCREMENT-1-2026-09-22.md,ff5c1951cdd0ea023e7ae12b7094e3856592f04d,suncaifeng/DevSopByAi,archive/comfyui-minimax-h3/docs/tasks/VM176-STORAGE-MODEL-LAYOUT-PLANNING-INCREMENT-1-2026-09-22.md,ARCHIVE_ONLY,"Preserve immutable TaskContract, report, review/control evidence chain in control-plane archive; retain source commit and blob identity."
suncaifeng/comfyui-minimax-h3,refs/heads/codex/vm176-v100-power-hbm-thermal-characterization,b3911fa5c6fd1c4597a6c08a9c85d57afd2bed59,refs/heads/codex/vm176-v100-power-hbm-thermal-characterization,docs/tasks/VM176-V100-POWER-HBM-THERMAL-CHARACTERIZATION-2026-10-08.md,281479d2dd3dbc05222f94d7d6d020d6b4784412,suncaifeng/DevSopByAi,archive/comfyui-minimax-h3/docs/tasks/VM176-V100-POWER-HBM-THERMAL-CHARACTERIZATION-2026-10-08.md,ARCHIVE_ONLY,Preserve TaskContract/report/evidence source identity in the control-plane archive; no physical migration is executed.
suncaifeng/comfyui-minimax-h3,refs/heads/main,644d7ff2a7a00e04db94ab347a85ed61488d5a76,refs/heads/codex/codexc-model-asset-acquisition-publish;refs/heads/codex/codexc-pinkcherry-ltx23-q6kv-refresh;refs/heads/codex/h3-ltx-director-console-v2-corrective-delta-01;refs/heads/codex/h3-ltx-director-console-v2-holiday-codeb;refs/heads/codex/h3storyboard-director-console-v2-holiday-codeb;refs/heads/codex/holiday-onecat-native-benchmark-campaign;refs/heads/codex/holiday-relay-supervisor-codec;refs/heads/codex/onecat-native-v150-awq-vlk-quality-c64-corrective-delta;refs/heads/codex/onecat-native-v150-awq-vlk-quality-c64-delta;refs/heads/codex/onecat-native-v150-awq-vlk-recovery;refs/heads/codex/onecat-native-v150-c64-canonical-readiness;refs/heads/codex/onecat-native-v150-preflight;refs/heads/codex/onecat-qwen38-gguf-loader-patch;refs/heads/codex/task2.1-offline-harness;refs/heads/codex/task2.2-canonical-benchmark-input-freeze;refs/heads/codex/task2.3-kvmem-harness-sync;refs/heads/codex/task2.4-prebenchmark-offline-readiness;refs/heads/codex/three-runtime-c64-canonical-transport-remediation;refs/heads/codex/three-runtime-c64-cross-runtime-calibration;refs/heads/codex/three-runtime-c64-quality-gate-policy-corrective-delta;refs/heads/codex/three-runtime-c64-quality-gate-policy-freeze;refs/heads/codex/vm176-v100-power-hbm-thermal-characterization;refs/heads/control/holiday-codea-to-codeb-relay;refs/heads/main,docs/v100-local-ai-service-playbook.md,18b1646f316375b08f21f1f09a796ee1c3630798,suncaifeng/DevSopByAi,archive/comfyui-minimax-h3/docs/v100-local-ai-service-playbook.md,ARCHIVE_ONLY,Repository notes and decision history are archival provenance until independently mapped.
suncaifeng/comfyui-minimax-h3,refs/heads/main,644d7ff2a7a00e04db94ab347a85ed61488d5a76,refs/heads/codex/codexc-model-asset-acquisition-publish;refs/heads/codex/codexc-pinkcherry-ltx23-q6kv-refresh;refs/heads/codex/h3-ltx-director-console-v2-corrective-delta-01;refs/heads/codex/h3-ltx-director-console-v2-holiday-codeb;refs/heads/codex/h3storyboard-director-console-v2-holiday-codeb;refs/heads/codex/holiday-onecat-native-benchmark-campaign;refs/heads/codex/holiday-relay-supervisor-codec;refs/heads/codex/onecat-native-v150-awq-vlk-quality-c64-corrective-delta;refs/heads/codex/onecat-native-v150-awq-vlk-quality-c64-delta;refs/heads/codex/onecat-native-v150-awq-vlk-recovery;refs/heads/codex/onecat-native-v150-c64-canonical-readiness;refs/heads/codex/onecat-native-v150-preflight;refs/heads/codex/onecat-qwen38-gguf-loader-patch;refs/heads/codex/task2.1-offline-harness;refs/heads/codex/task2.2-canonical-benchmark-input-freeze;refs/heads/codex/task2.3-kvmem-harness-sync;refs/heads/codex/task2.4-prebenchmark-offline-readiness;refs/heads/codex/three-runtime-c64-canonical-transport-remediation;refs/heads/codex/three-runtime-c64-cross-runtime-calibration;refs/heads/codex/three-runtime-c64-quality-gate-policy-corrective-delta;refs/heads/codex/three-runtime-c64-quality-gate-policy-freeze;refs/heads/codex/vm176-v100-power-hbm-thermal-characterization;refs/heads/control/holiday-codea-to-codeb-relay;refs/heads/main,docs/vm176-cuda128-driver-preflight.md,f86749b43947c2aba1a8674744aa71b0a7632f02,suncaifeng/DevSopByAi,archive/comfyui-minimax-h3/docs/vm176-cuda128-driver-preflight.md,ARCHIVE_ONLY,Repository notes and decision history are archival provenance until independently mapped.
suncaifeng/comfyui-minimax-h3,refs/heads/main,644d7ff2a7a00e04db94ab347a85ed61488d5a76,refs/heads/codex/codexc-model-asset-acquisition-publish;refs/heads/codex/codexc-pinkcherry-ltx23-q6kv-refresh;refs/heads/codex/h3-ltx-director-console-v2-corrective-delta-01;refs/heads/codex/h3-ltx-director-console-v2-holiday-codeb;refs/heads/codex/h3storyboard-director-console-v2-holiday-codeb;refs/heads/codex/holiday-onecat-native-benchmark-campaign;refs/heads/codex/holiday-relay-supervisor-codec;refs/heads/codex/onecat-native-v150-awq-vlk-quality-c64-corrective-delta;refs/heads/codex/onecat-native-v150-awq-vlk-quality-c64-delta;refs/heads/codex/onecat-native-v150-awq-vlk-recovery;refs/heads/codex/onecat-native-v150-c64-canonical-readiness;refs/heads/codex/onecat-native-v150-preflight;refs/heads/codex/onecat-qwen38-gguf-loader-patch;refs/heads/codex/task2.1-offline-harness;refs/heads/codex/task2.2-canonical-benchmark-input-freeze;refs/heads/codex/task2.3-kvmem-harness-sync;refs/heads/codex/task2.4-prebenchmark-offline-readiness;refs/heads/codex/three-runtime-c64-canonical-transport-remediation;refs/heads/codex/three-runtime-c64-cross-runtime-calibration;refs/heads/codex/three-runtime-c64-quality-gate-policy-corrective-delta;refs/heads/codex/three-runtime-c64-quality-gate-policy-freeze;refs/heads/codex/vm176-v100-power-hbm-thermal-characterization;refs/heads/control/holiday-codea-to-codeb-relay;refs/heads/main,docs/vm176-environment.md,60fac5fd8f172c1bbf512690e185eb9b5204f4e9,suncaifeng/DevSopByAi,archive/comfyui-minimax-h3/docs/vm176-environment.md,ARCHIVE_ONLY,Repository notes and decision history are archival provenance until independently mapped.
suncaifeng/comfyui-minimax-h3,refs/heads/main,644d7ff2a7a00e04db94ab347a85ed61488d5a76,refs/heads/codex/codexc-model-asset-acquisition-publish;refs/heads/codex/codexc-pinkcherry-ltx23-q6kv-refresh;refs/heads/codex/h3-ltx-director-console-v2-corrective-delta-01;refs/heads/codex/h3-ltx-director-console-v2-holiday-codeb;refs/heads/codex/h3storyboard-director-console-v2-holiday-codeb;refs/heads/codex/holiday-onecat-native-benchmark-campaign;refs/heads/codex/holiday-relay-supervisor-codec;refs/heads/codex/onecat-native-v150-awq-vlk-quality-c64-corrective-delta;refs/heads/codex/onecat-native-v150-awq-vlk-quality-c64-delta;refs/heads/codex/onecat-native-v150-awq-vlk-recovery;refs/heads/codex/onecat-native-v150-c64-canonical-readiness;refs/heads/codex/onecat-native-v150-preflight;refs/heads/codex/onecat-qwen38-gguf-loader-patch;refs/heads/codex/task2.1-offline-harness;refs/heads/codex/task2.2-canonical-benchmark-input-freeze;refs/heads/codex/task2.3-kvmem-harness-sync;refs/heads/codex/task2.4-prebenchmark-offline-readiness;refs/heads/codex/three-runtime-c64-canonical-transport-remediation;refs/heads/codex/three-runtime-c64-cross-runtime-calibration;refs/heads/codex/three-runtime-c64-quality-gate-policy-corrective-delta;refs/heads/codex/three-runtime-c64-quality-gate-policy-freeze;refs/heads/codex/vm176-v100-power-hbm-thermal-characterization;refs/heads/control/holiday-codea-to-codeb-relay;refs/heads/main,docs/vm176-runtime-baseline-2026-09.md,26f32c824e54d7c877a2eaeab5ca2aaae2e12161,suncaifeng/DevSopByAi,archive/comfyui-minimax-h3/docs/vm176-runtime-baseline-2026-09.md,ARCHIVE_ONLY,Repository notes and decision history are archival provenance until independently mapped.
suncaifeng/comfyui-minimax-h3,refs/heads/main,644d7ff2a7a00e04db94ab347a85ed61488d5a76,refs/heads/codex/codexc-model-asset-acquisition-publish;refs/heads/codex/codexc-pinkcherry-ltx23-q6kv-refresh;refs/heads/codex/h3-ltx-director-console-v2-corrective-delta-01;refs/heads/codex/h3-ltx-director-console-v2-holiday-codeb;refs/heads/codex/h3storyboard-director-console-v2-holiday-codeb;refs/heads/codex/holiday-onecat-native-benchmark-campaign;refs/heads/codex/holiday-relay-supervisor-codec;refs/heads/codex/onecat-native-v150-awq-vlk-quality-c64-corrective-delta;refs/heads/codex/onecat-native-v150-awq-vlk-quality-c64-delta;refs/heads/codex/onecat-native-v150-awq-vlk-recovery;refs/heads/codex/onecat-native-v150-c64-canonical-readiness;refs/heads/codex/onecat-native-v150-preflight;refs/heads/codex/onecat-qwen38-gguf-loader-patch;refs/heads/codex/task2.1-offline-harness;refs/heads/codex/task2.2-canonical-benchmark-input-freeze;refs/heads/codex/task2.3-kvmem-harness-sync;refs/heads/codex/task2.4-prebenchmark-offline-readiness;refs/heads/codex/three-runtime-c64-canonical-transport-remediation;refs/heads/codex/three-runtime-c64-cross-runtime-calibration;refs/heads/codex/three-runtime-c64-quality-gate-policy-corrective-delta;refs/heads/codex/three-runtime-c64-quality-gate-policy-freeze;refs/heads/codex/vm176-v100-power-hbm-thermal-characterization;refs/heads/control/holiday-codea-to-codeb-relay;refs/heads/main,docs/vm176-runtime-layout.md,06181b7516f7da4c1ded94d91a87e27b11db51b7,suncaifeng/DevSopByAi,archive/comfyui-minimax-h3/docs/vm176-runtime-layout.md,ARCHIVE_ONLY,Repository notes and decision history are archival provenance until independently mapped.
suncaifeng/comfyui-minimax-h3,refs/heads/main,644d7ff2a7a00e04db94ab347a85ed61488d5a76,refs/heads/codex/codexc-model-asset-acquisition-publish;refs/heads/codex/codexc-pinkcherry-ltx23-q6kv-refresh;refs/heads/codex/h3-ltx-director-console-v2-corrective-delta-01;refs/heads/codex/h3-ltx-director-console-v2-holiday-codeb;refs/heads/codex/h3storyboard-director-console-v2-holiday-codeb;refs/heads/codex/holiday-onecat-native-benchmark-campaign;refs/heads/codex/holiday-relay-supervisor-codec;refs/heads/codex/onecat-native-v150-awq-vlk-quality-c64-corrective-delta;refs/heads/codex/onecat-native-v150-awq-vlk-quality-c64-delta;refs/heads/codex/onecat-native-v150-awq-vlk-recovery;refs/heads/codex/onecat-native-v150-c64-canonical-readiness;refs/heads/codex/onecat-native-v150-preflight;refs/heads/codex/onecat-qwen38-gguf-loader-patch;refs/heads/codex/task2.1-offline-harness;refs/heads/codex/task2.2-canonical-benchmark-input-freeze;refs/heads/codex/task2.3-kvmem-harness-sync;refs/heads/codex/task2.4-prebenchmark-offline-readiness;refs/heads/codex/three-runtime-c64-canonical-transport-remediation;refs/heads/codex/three-runtime-c64-cross-runtime-calibration;refs/heads/codex/three-runtime-c64-quality-gate-policy-corrective-delta;refs/heads/codex/three-runtime-c64-quality-gate-policy-freeze;refs/heads/codex/vm176-v100-power-hbm-thermal-characterization;refs/heads/control/holiday-codea-to-codeb-relay;refs/heads/main,ops/llm-control-console/README.md,8eea8615217c01f2da703e368f08161816bcc465,suncaifeng/llm-inference,ops/llm-control-console/README.md,KEEP,"LLM runtime, policy, tokenizer, benchmark corpus, fixture or engine-specific integration."
suncaifeng/comfyui-minimax-h3,refs/heads/main,644d7ff2a7a00e04db94ab347a85ed61488d5a76,refs/heads/codex/codexc-model-asset-acquisition-publish;refs/heads/codex/codexc-pinkcherry-ltx23-q6kv-refresh;refs/heads/codex/h3-ltx-director-console-v2-corrective-delta-01;refs/heads/codex/h3-ltx-director-console-v2-holiday-codeb;refs/heads/codex/h3storyboard-director-console-v2-holiday-codeb;refs/heads/codex/holiday-onecat-native-benchmark-campaign;refs/heads/codex/holiday-relay-supervisor-codec;refs/heads/codex/onecat-native-v150-awq-vlk-quality-c64-corrective-delta;refs/heads/codex/onecat-native-v150-awq-vlk-quality-c64-delta;refs/heads/codex/onecat-native-v150-awq-vlk-recovery;refs/heads/codex/onecat-native-v150-c64-canonical-readiness;refs/heads/codex/onecat-native-v150-preflight;refs/heads/codex/onecat-qwen38-gguf-loader-patch;refs/heads/codex/task2.1-offline-harness;refs/heads/codex/task2.2-canonical-benchmark-input-freeze;refs/heads/codex/task2.3-kvmem-harness-sync;refs/heads/codex/task2.4-prebenchmark-offline-readiness;refs/heads/codex/three-runtime-c64-canonical-transport-remediation;refs/heads/codex/three-runtime-c64-cross-runtime-calibration;refs/heads/codex/three-runtime-c64-quality-gate-policy-corrective-delta;refs/heads/codex/three-runtime-c64-quality-gate-policy-freeze;refs/heads/codex/vm176-v100-power-hbm-thermal-characterization;refs/heads/control/holiday-codea-to-codeb-relay;refs/heads/main,ops/llm-control-console/index.html,9a7e6ad48d5a7e73a09bd9f5b818f2432647845e,suncaifeng/llm-inference,ops/llm-control-console/index.html,KEEP,"LLM runtime, policy, tokenizer, benchmark corpus, fixture or engine-specific integration."
suncaifeng/comfyui-minimax-h3,refs/heads/main,644d7ff2a7a00e04db94ab347a85ed61488d5a76,refs/heads/codex/codexc-model-asset-acquisition-publish;refs/heads/codex/codexc-pinkcherry-ltx23-q6kv-refresh;refs/heads/codex/h3-ltx-director-console-v2-corrective-delta-01;refs/heads/codex/h3-ltx-director-console-v2-holiday-codeb;refs/heads/codex/h3storyboard-director-console-v2-holiday-codeb;refs/heads/codex/holiday-onecat-native-benchmark-campaign;refs/heads/codex/holiday-relay-supervisor-codec;refs/heads/codex/onecat-native-v150-awq-vlk-quality-c64-corrective-delta;refs/heads/codex/onecat-native-v150-awq-vlk-quality-c64-delta;refs/heads/codex/onecat-native-v150-awq-vlk-recovery;refs/heads/codex/onecat-native-v150-c64-canonical-readiness;refs/heads/codex/onecat-native-v150-preflight;refs/heads/codex/onecat-qwen38-gguf-loader-patch;refs/heads/codex/task2.1-offline-harness;refs/heads/codex/task2.2-canonical-benchmark-input-freeze;refs/heads/codex/task2.3-kvmem-harness-sync;refs/heads/codex/task2.4-prebenchmark-offline-readiness;refs/heads/codex/three-runtime-c64-canonical-transport-remediation;refs/heads/codex/three-runtime-c64-cross-runtime-calibration;refs/heads/codex/three-runtime-c64-quality-gate-policy-corrective-delta;refs/heads/codex/three-runtime-c64-quality-gate-policy-freeze;refs/heads/codex/vm176-v100-power-hbm-thermal-characterization;refs/heads/control/holiday-codea-to-codeb-relay;refs/heads/main,ops/llm-control-console/llm-control-console.service,9136253dc4d9e744f8e1cecaeb5a311c4587b263,suncaifeng/llm-inference,ops/llm-control-console/llm-control-console.service,KEEP,"LLM runtime, policy, tokenizer, benchmark corpus, fixture or engine-specific integration."
suncaifeng/comfyui-minimax-h3,refs/heads/main,644d7ff2a7a00e04db94ab347a85ed61488d5a76,refs/heads/codex/codexc-model-asset-acquisition-publish;refs/heads/codex/codexc-pinkcherry-ltx23-q6kv-refresh;refs/heads/codex/h3-ltx-director-console-v2-corrective-delta-01;refs/heads/codex/h3-ltx-director-console-v2-holiday-codeb;refs/heads/codex/h3storyboard-director-console-v2-holiday-codeb;refs/heads/codex/holiday-onecat-native-benchmark-campaign;refs/heads/codex/holiday-relay-supervisor-codec;refs/heads/codex/onecat-native-v150-awq-vlk-quality-c64-corrective-delta;refs/heads/codex/onecat-native-v150-awq-vlk-quality-c64-delta;refs/heads/codex/onecat-native-v150-awq-vlk-recovery;refs/heads/codex/onecat-native-v150-c64-canonical-readiness;refs/heads/codex/onecat-native-v150-preflight;refs/heads/codex/onecat-qwen38-gguf-loader-patch;refs/heads/codex/task2.1-offline-harness;refs/heads/codex/task2.2-canonical-benchmark-input-freeze;refs/heads/codex/task2.3-kvmem-harness-sync;refs/heads/codex/task2.4-prebenchmark-offline-readiness;refs/heads/codex/three-runtime-c64-canonical-transport-remediation;refs/heads/codex/three-runtime-c64-cross-runtime-calibration;refs/heads/codex/three-runtime-c64-quality-gate-policy-corrective-delta;refs/heads/codex/three-runtime-c64-quality-gate-policy-freeze;refs/heads/codex/vm176-v100-power-hbm-thermal-characterization;refs/heads/control/holiday-codea-to-codeb-relay;refs/heads/main,ops/llm-control-console/qwen36-architect.service,965f8892237a2e296b6a09718a565b57b2da4f7f,suncaifeng/llm-inference,ops/llm-control-console/qwen36-architect.service,KEEP,"LLM runtime, policy, tokenizer, benchmark corpus, fixture or engine-specific integration."
suncaifeng/comfyui-minimax-h3,refs/heads/main,644d7ff2a7a00e04db94ab347a85ed61488d5a76,refs/heads/codex/codexc-model-asset-acquisition-publish;refs/heads/codex/codexc-pinkcherry-ltx23-q6kv-refresh;refs/heads/codex/h3-ltx-director-console-v2-corrective-delta-01;refs/heads/codex/h3-ltx-director-console-v2-holiday-codeb;refs/heads/codex/h3storyboard-director-console-v2-holiday-codeb;refs/heads/codex/holiday-onecat-native-benchmark-campaign;refs/heads/codex/holiday-relay-supervisor-codec;refs/heads/codex/onecat-native-v150-awq-vlk-quality-c64-corrective-delta;refs/heads/codex/onecat-native-v150-awq-vlk-quality-c64-delta;refs/heads/codex/onecat-native-v150-awq-vlk-recovery;refs/heads/codex/onecat-native-v150-c64-canonical-readiness;refs/heads/codex/onecat-native-v150-preflight;refs/heads/codex/onecat-qwen38-gguf-loader-patch;refs/heads/codex/task2.1-offline-harness;refs/heads/codex/task2.2-canonical-benchmark-input-freeze;refs/heads/codex/task2.3-kvmem-harness-sync;refs/heads/codex/task2.4-prebenchmark-offline-readiness;refs/heads/codex/three-runtime-c64-canonical-transport-remediation;refs/heads/codex/three-runtime-c64-cross-runtime-calibration;refs/heads/codex/three-runtime-c64-quality-gate-policy-corrective-delta;refs/heads/codex/three-runtime-c64-quality-gate-policy-freeze;refs/heads/codex/vm176-v100-power-hbm-thermal-characterization;refs/heads/control/holiday-codea-to-codeb-relay;refs/heads/main,ops/llm-control-console/qwen36-dflash.service,1d194b762a48bfbb51e27df2ce57e2ea20d2ccbf,suncaifeng/llm-inference,ops/llm-control-console/qwen36-dflash.service,KEEP,"LLM runtime, policy, tokenizer, benchmark corpus, fixture or engine-specific integration."
suncaifeng/comfyui-minimax-h3,refs/heads/main,644d7ff2a7a00e04db94ab347a85ed61488d5a76,refs/heads/codex/codexc-model-asset-acquisition-publish;refs/heads/codex/codexc-pinkcherry-ltx23-q6kv-refresh;refs/heads/codex/h3-ltx-director-console-v2-corrective-delta-01;refs/heads/codex/h3-ltx-director-console-v2-holiday-codeb;refs/heads/codex/h3storyboard-director-console-v2-holiday-codeb;refs/heads/codex/holiday-onecat-native-benchmark-campaign;refs/heads/codex/holiday-relay-supervisor-codec;refs/heads/codex/onecat-native-v150-awq-vlk-quality-c64-corrective-delta;refs/heads/codex/onecat-native-v150-awq-vlk-quality-c64-delta;refs/heads/codex/onecat-native-v150-awq-vlk-recovery;refs/heads/codex/onecat-native-v150-c64-canonical-readiness;refs/heads/codex/onecat-native-v150-preflight;refs/heads/codex/onecat-qwen38-gguf-loader-patch;refs/heads/codex/task2.1-offline-harness;refs/heads/codex/task2.2-canonical-benchmark-input-freeze;refs/heads/codex/task2.3-kvmem-harness-sync;refs/heads/codex/task2.4-prebenchmark-offline-readiness;refs/heads/codex/three-runtime-c64-canonical-transport-remediation;refs/heads/codex/three-runtime-c64-cross-runtime-calibration;refs/heads/codex/three-runtime-c64-quality-gate-policy-corrective-delta;refs/heads/codex/three-runtime-c64-quality-gate-policy-freeze;refs/heads/codex/vm176-v100-power-hbm-thermal-characterization;refs/heads/control/holiday-codea-to-codeb-relay;refs/heads/main,ops/llm-control-console/server.py,6bf2808a9a786a2f0382c82b2eb63ebe396e2f52,suncaifeng/llm-inference,ops/llm-control-console/server.py,KEEP,"LLM runtime, policy, tokenizer, benchmark corpus, fixture or engine-specific integration."
suncaifeng/comfyui-minimax-h3,refs/heads/main,644d7ff2a7a00e04db94ab347a85ed61488d5a76,refs/heads/codex/codexc-model-asset-acquisition-publish;refs/heads/codex/codexc-pinkcherry-ltx23-q6kv-refresh;refs/heads/codex/h3-ltx-director-console-v2-corrective-delta-01;refs/heads/codex/h3-ltx-director-console-v2-holiday-codeb;refs/heads/codex/h3storyboard-director-console-v2-holiday-codeb;refs/heads/codex/holiday-onecat-native-benchmark-campaign;refs/heads/codex/holiday-relay-supervisor-codec;refs/heads/codex/onecat-native-v150-awq-vlk-quality-c64-corrective-delta;refs/heads/codex/onecat-native-v150-awq-vlk-quality-c64-delta;refs/heads/codex/onecat-native-v150-awq-vlk-recovery;refs/heads/codex/onecat-native-v150-c64-canonical-readiness;refs/heads/codex/onecat-native-v150-preflight;refs/heads/codex/onecat-qwen38-gguf-loader-patch;refs/heads/codex/task2.1-offline-harness;refs/heads/codex/task2.2-canonical-benchmark-input-freeze;refs/heads/codex/task2.3-kvmem-harness-sync;refs/heads/codex/task2.4-prebenchmark-offline-readiness;refs/heads/codex/three-runtime-c64-canonical-transport-remediation;refs/heads/codex/three-runtime-c64-cross-runtime-calibration;refs/heads/codex/three-runtime-c64-quality-gate-policy-corrective-delta;refs/heads/codex/three-runtime-c64-quality-gate-policy-freeze;refs/heads/codex/vm176-v100-power-hbm-thermal-characterization;refs/heads/control/holiday-codea-to-codeb-relay;refs/heads/main,ops/llm-control-console/start_qwen36_agent.sh,1909ea1bff7f32d4a782737eaaedf6ab4ba33802,suncaifeng/llm-inference,ops/llm-control-console/start_qwen36_agent.sh,KEEP,"LLM runtime, policy, tokenizer, benchmark corpus, fixture or engine-specific integration."
suncaifeng/comfyui-minimax-h3,refs/heads/main,644d7ff2a7a00e04db94ab347a85ed61488d5a76,refs/heads/codex/codexc-model-asset-acquisition-publish;refs/heads/codex/codexc-pinkcherry-ltx23-q6kv-refresh;refs/heads/codex/h3-ltx-director-console-v2-corrective-delta-01;refs/heads/codex/h3-ltx-director-console-v2-holiday-codeb;refs/heads/codex/h3storyboard-director-console-v2-holiday-codeb;refs/heads/codex/holiday-onecat-native-benchmark-campaign;refs/heads/codex/holiday-relay-supervisor-codec;refs/heads/codex/onecat-native-v150-awq-vlk-quality-c64-corrective-delta;refs/heads/codex/onecat-native-v150-awq-vlk-quality-c64-delta;refs/heads/codex/onecat-native-v150-awq-vlk-recovery;refs/heads/codex/onecat-native-v150-c64-canonical-readiness;refs/heads/codex/onecat-native-v150-preflight;refs/heads/codex/onecat-qwen38-gguf-loader-patch;refs/heads/codex/task2.1-offline-harness;refs/heads/codex/task2.2-canonical-benchmark-input-freeze;refs/heads/codex/task2.3-kvmem-harness-sync;refs/heads/codex/task2.4-prebenchmark-offline-readiness;refs/heads/codex/three-runtime-c64-canonical-transport-remediation;refs/heads/codex/three-runtime-c64-cross-runtime-calibration;refs/heads/codex/three-runtime-c64-quality-gate-policy-corrective-delta;refs/heads/codex/three-runtime-c64-quality-gate-policy-freeze;refs/heads/codex/vm176-v100-power-hbm-thermal-characterization;refs/heads/control/holiday-codea-to-codeb-relay;refs/heads/main,ops/llm-control-console/start_qwen36_architect.sh,a9082d40067522e148e18f37dd45554e88aa28d4,suncaifeng/llm-inference,ops/llm-control-console/start_qwen36_architect.sh,KEEP,"LLM runtime, policy, tokenizer, benchmark corpus, fixture or engine-specific integration."
suncaifeng/comfyui-minimax-h3,refs/heads/codex/holiday-relay-supervisor-codec,afe6311af8586336ef240a14fc4395569547d57e,refs/heads/codex/holiday-relay-supervisor-codec,ops/vm176-holiday-relay/README.md,1bd2dd955d4f291c9acaf066fa9133ac632d22b3,suncaifeng/gpu-compute + suncaifeng/DevSopByAi + domain adapter,split:ops/vm176-holiday-relay/README.md,SPLIT_REQUIRED,"Relay spans GPU lease ownership, immutable control-plane contracts, H3 readiness and LLM launch; define narrow signed interfaces first."
suncaifeng/comfyui-minimax-h3,refs/heads/codex/holiday-relay-supervisor-codec,afe6311af8586336ef240a14fc4395569547d57e,refs/heads/codex/holiday-relay-supervisor-codec,ops/vm176-holiday-relay/install.sh,463fcf2026f5e8f546c176155a1d454cf6b15f21,suncaifeng/gpu-compute + suncaifeng/DevSopByAi + domain adapter,split:ops/vm176-holiday-relay/install.sh,SPLIT_REQUIRED,"Relay spans GPU lease ownership, immutable control-plane contracts, H3 readiness and LLM launch; define narrow signed interfaces first."
suncaifeng/comfyui-minimax-h3,refs/heads/codex/holiday-relay-supervisor-codec,afe6311af8586336ef240a14fc4395569547d57e,refs/heads/codex/holiday-relay-supervisor-codec,ops/vm176-holiday-relay/launcher-blocked.json,30482070af236a94e6a313a3893d32ea862d64d3,suncaifeng/gpu-compute + suncaifeng/DevSopByAi + domain adapter,split:ops/vm176-holiday-relay/launcher-blocked.json,SPLIT_REQUIRED,"Relay spans GPU lease ownership, immutable control-plane contracts, H3 readiness and LLM launch; define narrow signed interfaces first."
suncaifeng/comfyui-minimax-h3,refs/heads/codex/holiday-relay-supervisor-codec,afe6311af8586336ef240a14fc4395569547d57e,refs/heads/codex/holiday-relay-supervisor-codec,ops/vm176-holiday-relay/supervisor.py,e6159d03d6cb99a5a58d93dc79de9d0857b927e2,suncaifeng/gpu-compute + suncaifeng/DevSopByAi + domain adapter,split:ops/vm176-holiday-relay/supervisor.py,SPLIT_REQUIRED,"Relay spans GPU lease ownership, immutable control-plane contracts, H3 readiness and LLM launch; define narrow signed interfaces first."
suncaifeng/comfyui-minimax-h3,refs/heads/codex/holiday-relay-supervisor-codec,afe6311af8586336ef240a14fc4395569547d57e,refs/heads/codex/holiday-relay-supervisor-codec,ops/vm176-holiday-relay/tests/test_supervisor.py,5cb1d5e7f507bda765e2b799dd70c078c0b6f4b4,suncaifeng/gpu-compute + suncaifeng/DevSopByAi + domain adapter,split:ops/vm176-holiday-relay/tests/test_supervisor.py,SPLIT_REQUIRED,"Relay spans GPU lease ownership, immutable control-plane contracts, H3 readiness and LLM launch; define narrow signed interfaces first."
suncaifeng/comfyui-minimax-h3,refs/heads/codex/holiday-relay-supervisor-codec,afe6311af8586336ef240a14fc4395569547d57e,refs/heads/codex/holiday-relay-supervisor-codec,ops/vm176-holiday-relay/vm176-holiday-relay.service,bb3238349a7204d3bbdb62d375615c6698f87f94,suncaifeng/gpu-compute + suncaifeng/DevSopByAi + domain adapter,split:ops/vm176-holiday-relay/vm176-holiday-relay.service,SPLIT_REQUIRED,"Relay spans GPU lease ownership, immutable control-plane contracts, H3 readiness and LLM launch; define narrow signed interfaces first."
suncaifeng/comfyui-minimax-h3,refs/heads/codex/onecat-qwen38-gguf-loader-patch,26af29a8672112f2b780a1deab3ea1bf7c4d1570,refs/heads/codex/onecat-qwen38-gguf-loader-patch,patches/onecat/qwen38-gguf-conv1d-shape-357d07b-v4.manifest.txt,afc1c7150dd2e8788f447c15bc405d82533db0a5,suncaifeng/llm-inference,patches/onecat/qwen38-gguf-conv1d-shape-357d07b-v4.manifest.txt,KEEP,"LLM runtime, policy, tokenizer, benchmark corpus, fixture or engine-specific integration."
suncaifeng/comfyui-minimax-h3,refs/heads/codex/onecat-qwen38-gguf-loader-patch,26af29a8672112f2b780a1deab3ea1bf7c4d1570,refs/heads/codex/onecat-qwen38-gguf-loader-patch,patches/onecat/qwen38-gguf-conv1d-shape-357d07b-v4.patch,0e1382c38a4fa673ef1bbdc4d3214401cb4f21f3,suncaifeng/llm-inference,patches/onecat/qwen38-gguf-conv1d-shape-357d07b-v4.patch,KEEP,"LLM runtime, policy, tokenizer, benchmark corpus, fixture or engine-specific integration."
suncaifeng/comfyui-minimax-h3,refs/heads/codex/onecat-qwen38-gguf-loader-patch,26af29a8672112f2b780a1deab3ea1bf7c4d1570,refs/heads/codex/onecat-qwen38-gguf-loader-patch,patches/onecat/qwen38-gguf-loader-357d07b-v2.manifest.txt,8164772511be1480e08449b0a9131e91f2ccb428,suncaifeng/llm-inference,patches/onecat/qwen38-gguf-loader-357d07b-v2.manifest.txt,KEEP,"LLM runtime, policy, tokenizer, benchmark corpus, fixture or engine-specific integration."
suncaifeng/comfyui-minimax-h3,refs/heads/codex/onecat-qwen38-gguf-loader-patch,26af29a8672112f2b780a1deab3ea1bf7c4d1570,refs/heads/codex/onecat-qwen38-gguf-loader-patch,patches/onecat/qwen38-gguf-loader-357d07b-v2.patch,ebdcf897037ae22df23e128f764a8bd619b70bc7,suncaifeng/llm-inference,patches/onecat/qwen38-gguf-loader-357d07b-v2.patch,KEEP,"LLM runtime, policy, tokenizer, benchmark corpus, fixture or engine-specific integration."
suncaifeng/comfyui-minimax-h3,refs/heads/codex/onecat-qwen38-gguf-loader-patch,26af29a8672112f2b780a1deab3ea1bf7c4d1570,refs/heads/codex/onecat-qwen38-gguf-loader-patch,patches/onecat/qwen38-gguf-loader-357d07b.manifest.txt,090b81fbdefe5df4bd6e56912c6de14ccbb60692,suncaifeng/llm-inference,patches/onecat/qwen38-gguf-loader-357d07b.manifest.txt,KEEP,"LLM runtime, policy, tokenizer, benchmark corpus, fixture or engine-specific integration."
suncaifeng/comfyui-minimax-h3,refs/heads/codex/onecat-qwen38-gguf-loader-patch,26af29a8672112f2b780a1deab3ea1bf7c4d1570,refs/heads/codex/onecat-qwen38-gguf-loader-patch,patches/onecat/qwen38-gguf-loader-357d07b.patch,00ea6fb4097201af88b26bdff372ec27b456911e,suncaifeng/llm-inference,patches/onecat/qwen38-gguf-loader-357d07b.patch,KEEP,"LLM runtime, policy, tokenizer, benchmark corpus, fixture or engine-specific integration."
suncaifeng/comfyui-minimax-h3,refs/heads/codex/onecat-qwen38-gguf-loader-patch,26af29a8672112f2b780a1deab3ea1bf7c4d1570,refs/heads/codex/onecat-qwen38-gguf-loader-patch,patches/onecat/qwen38-gguf-multi-index-shard-357d07b-v3.manifest.txt,fa9fe004827d8bf22c04e2f16d8c4a8567ea6220,suncaifeng/llm-inference,patches/onecat/qwen38-gguf-multi-index-shard-357d07b-v3.manifest.txt,KEEP,"LLM runtime, policy, tokenizer, benchmark corpus, fixture or engine-specific integration."
suncaifeng/comfyui-minimax-h3,refs/heads/codex/onecat-qwen38-gguf-loader-patch,26af29a8672112f2b780a1deab3ea1bf7c4d1570,refs/heads/codex/onecat-qwen38-gguf-loader-patch,patches/onecat/qwen38-gguf-multi-index-shard-357d07b-v3.patch,659f401f25232623968f90076a89067a55092e77,suncaifeng/llm-inference,patches/onecat/qwen38-gguf-multi-index-shard-357d07b-v3.patch,KEEP,"LLM runtime, policy, tokenizer, benchmark corpus, fixture or engine-specific integration."
suncaifeng/comfyui-minimax-h3,refs/heads/codex/h3-ltx-director-console-v2-corrective-delta-01,3968742392a8967325c4a9a2c3f6c81776e00c02,refs/heads/codex/h3-ltx-director-console-v2-corrective-delta-01,reports/H3-LTX-DIRECTOR-CONSOLE-V2-CORRECTIVE-DELTA-01-2026-10-08.md,6a8bde6cdcf4f431c07920d14628705b76cac1dc,suncaifeng/DevSopByAi,archive/comfyui-minimax-h3/reports/H3-LTX-DIRECTOR-CONSOLE-V2-CORRECTIVE-DELTA-01-2026-10-08.md,ARCHIVE_ONLY,"Preserve immutable TaskContract, report, review/control evidence chain in control-plane archive; retain source commit and blob identity."
suncaifeng/comfyui-minimax-h3,refs/heads/codex/h3-ltx-director-console-v2-corrective-delta-01,3968742392a8967325c4a9a2c3f6c81776e00c02,refs/heads/codex/h3-ltx-director-console-v2-corrective-delta-01;refs/heads/codex/h3-ltx-director-console-v2-holiday-codeb,reports/H3-LTX-DIRECTOR-CONSOLE-V2-HOLIDAY-CAMPAIGN-2026-10-02.md,cd82efd1c0f17cc794024d9d36ca5350b8a1bb6b,suncaifeng/DevSopByAi,archive/comfyui-minimax-h3/reports/H3-LTX-DIRECTOR-CONSOLE-V2-HOLIDAY-CAMPAIGN-2026-10-02.md,ARCHIVE_ONLY,"Preserve immutable TaskContract, report, review/control evidence chain in control-plane archive; retain source commit and blob identity."
suncaifeng/comfyui-minimax-h3,refs/heads/main,644d7ff2a7a00e04db94ab347a85ed61488d5a76,refs/heads/codex/codexc-model-asset-acquisition-publish;refs/heads/codex/codexc-pinkcherry-ltx23-q6kv-refresh;refs/heads/codex/h3-ltx-director-console-v2-corrective-delta-01;refs/heads/codex/h3-ltx-director-console-v2-holiday-codeb;refs/heads/codex/h3storyboard-director-console-v2-holiday-codeb;refs/heads/codex/holiday-onecat-native-benchmark-campaign;refs/heads/codex/holiday-relay-supervisor-codec;refs/heads/codex/onecat-native-v150-awq-vlk-quality-c64-corrective-delta;refs/heads/codex/onecat-native-v150-awq-vlk-quality-c64-delta;refs/heads/codex/onecat-native-v150-awq-vlk-recovery;refs/heads/codex/onecat-native-v150-c64-canonical-readiness;refs/heads/codex/onecat-native-v150-preflight;refs/heads/codex/onecat-qwen38-gguf-loader-patch;refs/heads/codex/task2.1-offline-harness;refs/heads/codex/task2.2-canonical-benchmark-input-freeze;refs/heads/codex/task2.3-kvmem-harness-sync;refs/heads/codex/task2.4-prebenchmark-offline-readiness;refs/heads/codex/three-runtime-c64-canonical-transport-remediation;refs/heads/codex/three-runtime-c64-cross-runtime-calibration;refs/heads/codex/three-runtime-c64-quality-gate-policy-corrective-delta;refs/heads/codex/three-runtime-c64-quality-gate-policy-freeze;refs/heads/codex/vm176-v100-power-hbm-thermal-characterization;refs/heads/control/holiday-codea-to-codeb-relay;refs/heads/main,reports/PVE75-INDEPENDENT-CONTROL-PATH-2026-09-22.md,2f47ac9ee7be76e596f5545de49500b4d36a6cab,suncaifeng/DevSopByAi,archive/comfyui-minimax-h3/reports/PVE75-INDEPENDENT-CONTROL-PATH-2026-09-22.md,ARCHIVE_ONLY,"Preserve immutable TaskContract, report, review/control evidence chain in control-plane archive; retain source commit and blob identity."
suncaifeng/comfyui-minimax-h3,refs/heads/main,644d7ff2a7a00e04db94ab347a85ed61488d5a76,refs/heads/codex/codexc-model-asset-acquisition-publish;refs/heads/codex/codexc-pinkcherry-ltx23-q6kv-refresh;refs/heads/codex/h3-ltx-director-console-v2-corrective-delta-01;refs/heads/codex/h3-ltx-director-console-v2-holiday-codeb;refs/heads/codex/h3storyboard-director-console-v2-holiday-codeb;refs/heads/codex/holiday-onecat-native-benchmark-campaign;refs/heads/codex/holiday-relay-supervisor-codec;refs/heads/codex/onecat-native-v150-awq-vlk-quality-c64-corrective-delta;refs/heads/codex/onecat-native-v150-awq-vlk-quality-c64-delta;refs/heads/codex/onecat-native-v150-awq-vlk-recovery;refs/heads/codex/onecat-native-v150-c64-canonical-readiness;refs/heads/codex/onecat-native-v150-preflight;refs/heads/codex/onecat-qwen38-gguf-loader-patch;refs/heads/codex/task2.1-offline-harness;refs/heads/codex/task2.2-canonical-benchmark-input-freeze;refs/heads/codex/task2.3-kvmem-harness-sync;refs/heads/codex/task2.4-prebenchmark-offline-readiness;refs/heads/codex/three-runtime-c64-canonical-transport-remediation;refs/heads/codex/three-runtime-c64-cross-runtime-calibration;refs/heads/codex/three-runtime-c64-quality-gate-policy-corrective-delta;refs/heads/codex/three-runtime-c64-quality-gate-policy-freeze;refs/heads/codex/vm176-v100-power-hbm-thermal-characterization;refs/heads/control/holiday-codea-to-codeb-relay;refs/heads/main,reports/PVE75-VFIO-STORAGE-RECOVERY-2026-09.md,9d7ff80254abd3f2a7cfff848fb7e73c37e79c1b,suncaifeng/DevSopByAi,archive/comfyui-minimax-h3/reports/PVE75-VFIO-STORAGE-RECOVERY-2026-09.md,ARCHIVE_ONLY,"Preserve immutable TaskContract, report, review/control evidence chain in control-plane archive; retain source commit and blob identity."
suncaifeng/comfyui-minimax-h3,refs/heads/codex/codexc-model-asset-acquisition-publish,ed0abf46b1733e9e0e4dd60e91379000880f6950,refs/heads/codex/codexc-model-asset-acquisition-publish;refs/heads/codex/codexc-pinkcherry-ltx23-q6kv-refresh,reports/VM176-CODEXC-MODEL-ASSET-ACQUISITION-2026-09-29.md,2b164434fdf023d7fc3d3a62c93ff490dc8cca3c,suncaifeng/DevSopByAi,archive/comfyui-minimax-h3/reports/VM176-CODEXC-MODEL-ASSET-ACQUISITION-2026-09-29.md,ARCHIVE_ONLY,"Preserve immutable TaskContract, report, review/control evidence chain in control-plane archive; retain source commit and blob identity."
suncaifeng/comfyui-minimax-h3,refs/heads/codex/codexc-pinkcherry-ltx23-q6kv-refresh,a1976cfcc4a5f93fd8d02b8e50a9873a4aba8e49,refs/heads/codex/codexc-pinkcherry-ltx23-q6kv-refresh,reports/VM176-CODEXC-PINKCHERRY-LTX23-Q6KV-REFRESH-AND-ACQUISITION-2026-09-30.md,cf158c69cbcdef785ba2be2082b9a2d03b611052,suncaifeng/DevSopByAi,archive/comfyui-minimax-h3/reports/VM176-CODEXC-PINKCHERRY-LTX23-Q6KV-REFRESH-AND-ACQUISITION-2026-09-30.md,ARCHIVE_ONLY,"Preserve immutable TaskContract, report, review/control evidence chain in control-plane archive; retain source commit and blob identity."
suncaifeng/comfyui-minimax-h3,refs/heads/main,644d7ff2a7a00e04db94ab347a85ed61488d5a76,refs/heads/codex/codexc-model-asset-acquisition-publish;refs/heads/codex/codexc-pinkcherry-ltx23-q6kv-refresh;refs/heads/codex/h3-ltx-director-console-v2-corrective-delta-01;refs/heads/codex/h3-ltx-director-console-v2-holiday-codeb;refs/heads/codex/h3storyboard-director-console-v2-holiday-codeb;refs/heads/codex/holiday-onecat-native-benchmark-campaign;refs/heads/codex/holiday-relay-supervisor-codec;refs/heads/codex/onecat-native-v150-awq-vlk-quality-c64-corrective-delta;refs/heads/codex/onecat-native-v150-awq-vlk-quality-c64-delta;refs/heads/codex/onecat-native-v150-awq-vlk-recovery;refs/heads/codex/onecat-native-v150-c64-canonical-readiness;refs/heads/codex/onecat-native-v150-preflight;refs/heads/codex/onecat-qwen38-gguf-loader-patch;refs/heads/codex/task2.1-offline-harness;refs/heads/codex/task2.2-canonical-benchmark-input-freeze;refs/heads/codex/task2.3-kvmem-harness-sync;refs/heads/codex/task2.4-prebenchmark-offline-readiness;refs/heads/codex/three-runtime-c64-canonical-transport-remediation;refs/heads/codex/three-runtime-c64-cross-runtime-calibration;refs/heads/codex/three-runtime-c64-quality-gate-policy-corrective-delta;refs/heads/codex/three-runtime-c64-quality-gate-policy-freeze;refs/heads/codex/vm176-v100-power-hbm-thermal-characterization;refs/heads/control/holiday-codea-to-codeb-relay;refs/heads/main,reports/VM176-GPU-NODE-RESOURCE-DISCOVERY-2026-09-22.md,9eff53e008c4d26a26f48e0038b26814e3f32f02,suncaifeng/DevSopByAi,archive/comfyui-minimax-h3/reports/VM176-GPU-NODE-RESOURCE-DISCOVERY-2026-09-22.md,ARCHIVE_ONLY,"Preserve immutable TaskContract, report, review/control evidence chain in control-plane archive; retain source commit and blob identity."
suncaifeng/comfyui-minimax-h3,refs/heads/main,644d7ff2a7a00e04db94ab347a85ed61488d5a76,refs/heads/codex/codexc-model-asset-acquisition-publish;refs/heads/codex/codexc-pinkcherry-ltx23-q6kv-refresh;refs/heads/codex/h3-ltx-director-console-v2-corrective-delta-01;refs/heads/codex/h3-ltx-director-console-v2-holiday-codeb;refs/heads/codex/h3storyboard-director-console-v2-holiday-codeb;refs/heads/codex/holiday-onecat-native-benchmark-campaign;refs/heads/codex/holiday-relay-supervisor-codec;refs/heads/codex/onecat-native-v150-awq-vlk-quality-c64-corrective-delta;refs/heads/codex/onecat-native-v150-awq-vlk-quality-c64-delta;refs/heads/codex/onecat-native-v150-awq-vlk-recovery;refs/heads/codex/onecat-native-v150-c64-canonical-readiness;refs/heads/codex/onecat-native-v150-preflight;refs/heads/codex/onecat-qwen38-gguf-loader-patch;refs/heads/codex/task2.1-offline-harness;refs/heads/codex/task2.2-canonical-benchmark-input-freeze;refs/heads/codex/task2.3-kvmem-harness-sync;refs/heads/codex/task2.4-prebenchmark-offline-readiness;refs/heads/codex/three-runtime-c64-canonical-transport-remediation;refs/heads/codex/three-runtime-c64-cross-runtime-calibration;refs/heads/codex/three-runtime-c64-quality-gate-policy-corrective-delta;refs/heads/codex/three-runtime-c64-quality-gate-policy-freeze;refs/heads/codex/vm176-v100-power-hbm-thermal-characterization;refs/heads/control/holiday-codea-to-codeb-relay;refs/heads/main,reports/VM176-HASHCAT-REMOVAL-2026-09-23.md,be39ac52ff2f51395c95d8f29244419bbfaf2c26,suncaifeng/DevSopByAi,archive/comfyui-minimax-h3/reports/VM176-HASHCAT-REMOVAL-2026-09-23.md,ARCHIVE_ONLY,"Preserve immutable TaskContract, report, review/control evidence chain in control-plane archive; retain source commit and blob identity."
suncaifeng/comfyui-minimax-h3,refs/heads/main,644d7ff2a7a00e04db94ab347a85ed61488d5a76,refs/heads/codex/codexc-model-asset-acquisition-publish;refs/heads/codex/codexc-pinkcherry-ltx23-q6kv-refresh;refs/heads/codex/h3-ltx-director-console-v2-corrective-delta-01;refs/heads/codex/h3-ltx-director-console-v2-holiday-codeb;refs/heads/codex/h3storyboard-director-console-v2-holiday-codeb;refs/heads/codex/holiday-onecat-native-benchmark-campaign;refs/heads/codex/holiday-relay-supervisor-codec;refs/heads/codex/onecat-native-v150-awq-vlk-quality-c64-corrective-delta;refs/heads/codex/onecat-native-v150-awq-vlk-quality-c64-delta;refs/heads/codex/onecat-native-v150-awq-vlk-recovery;refs/heads/codex/onecat-native-v150-c64-canonical-readiness;refs/heads/codex/onecat-native-v150-preflight;refs/heads/codex/onecat-qwen38-gguf-loader-patch;refs/heads/codex/task2.1-offline-harness;refs/heads/codex/task2.2-canonical-benchmark-input-freeze;refs/heads/codex/task2.3-kvmem-harness-sync;refs/heads/codex/task2.4-prebenchmark-offline-readiness;refs/heads/codex/three-runtime-c64-canonical-transport-remediation;refs/heads/codex/three-runtime-c64-cross-runtime-calibration;refs/heads/codex/three-runtime-c64-quality-gate-policy-corrective-delta;refs/heads/codex/three-runtime-c64-quality-gate-policy-freeze;refs/heads/codex/vm176-v100-power-hbm-thermal-characterization;refs/heads/control/holiday-codea-to-codeb-relay;refs/heads/main,reports/VM176-HASHCAT-USAGE-AND-REMOVAL-PREFLIGHT-2026-09-23.md,b6c8e8a32f76b4f4a8f981876d83c47f28667aaa,suncaifeng/DevSopByAi,archive/comfyui-minimax-h3/reports/VM176-HASHCAT-USAGE-AND-REMOVAL-PREFLIGHT-2026-09-23.md,ARCHIVE_ONLY,"Preserve immutable TaskContract, report, review/control evidence chain in control-plane archive; retain source commit and blob identity."
suncaifeng/comfyui-minimax-h3,refs/heads/codex/h3-ltx-director-console-v2-corrective-delta-01,3968742392a8967325c4a9a2c3f6c81776e00c02,refs/heads/codex/h3-ltx-director-console-v2-corrective-delta-01;refs/heads/codex/h3-ltx-director-console-v2-holiday-codeb;refs/heads/codex/h3storyboard-director-console-v2-holiday-codeb;refs/heads/codex/holiday-onecat-native-benchmark-campaign;refs/heads/codex/holiday-relay-supervisor-codec;refs/heads/codex/onecat-native-v150-awq-vlk-quality-c64-corrective-delta;refs/heads/codex/onecat-native-v150-awq-vlk-quality-c64-delta;refs/heads/codex/onecat-native-v150-awq-vlk-recovery;refs/heads/codex/onecat-native-v150-c64-canonical-readiness;refs/heads/codex/three-runtime-c64-canonical-transport-remediation;refs/heads/codex/three-runtime-c64-cross-runtime-calibration;refs/heads/codex/three-runtime-c64-quality-gate-policy-corrective-delta;refs/heads/codex/three-runtime-c64-quality-gate-policy-freeze;refs/heads/control/holiday-codea-to-codeb-relay,reports/VM176-HOLIDAY-CODEXB-ONECAT-NATIVE-TO-FORMAL-BENCHMARK-CAMPAIGN-2026-09-30.md,deb6e7adc89f27aa613470916d3f51adcb0e45d3,suncaifeng/DevSopByAi,archive/comfyui-minimax-h3/reports/VM176-HOLIDAY-CODEXB-ONECAT-NATIVE-TO-FORMAL-BENCHMARK-CAMPAIGN-2026-09-30.md,ARCHIVE_ONLY,"Preserve immutable TaskContract, report, review/control evidence chain in control-plane archive; retain source commit and blob identity."
suncaifeng/comfyui-minimax-h3,refs/heads/codex/holiday-relay-supervisor-codec,afe6311af8586336ef240a14fc4395569547d57e,refs/heads/codex/holiday-relay-supervisor-codec,reports/VM176-HOLIDAY-CODEXC-RELAY-SUPERVISOR-DEPLOYMENT-2026-10-02.md,efb44cf05539ace3aa3a14e875ccbef42b8e89a6,suncaifeng/DevSopByAi,archive/comfyui-minimax-h3/reports/VM176-HOLIDAY-CODEXC-RELAY-SUPERVISOR-DEPLOYMENT-2026-10-02.md,ARCHIVE_ONLY,"Preserve immutable TaskContract, report, review/control evidence chain in control-plane archive; retain source commit and blob identity."
suncaifeng/comfyui-minimax-h3,refs/heads/main,644d7ff2a7a00e04db94ab347a85ed61488d5a76,refs/heads/codex/codexc-model-asset-acquisition-publish;refs/heads/codex/codexc-pinkcherry-ltx23-q6kv-refresh;refs/heads/codex/h3-ltx-director-console-v2-corrective-delta-01;refs/heads/codex/h3-ltx-director-console-v2-holiday-codeb;refs/heads/codex/h3storyboard-director-console-v2-holiday-codeb;refs/heads/codex/holiday-onecat-native-benchmark-campaign;refs/heads/codex/holiday-relay-supervisor-codec;refs/heads/codex/onecat-native-v150-awq-vlk-quality-c64-corrective-delta;refs/heads/codex/onecat-native-v150-awq-vlk-quality-c64-delta;refs/heads/codex/onecat-native-v150-awq-vlk-recovery;refs/heads/codex/onecat-native-v150-c64-canonical-readiness;refs/heads/codex/onecat-native-v150-preflight;refs/heads/codex/onecat-qwen38-gguf-loader-patch;refs/heads/codex/task2.1-offline-harness;refs/heads/codex/task2.2-canonical-benchmark-input-freeze;refs/heads/codex/task2.3-kvmem-harness-sync;refs/heads/codex/task2.4-prebenchmark-offline-readiness;refs/heads/codex/three-runtime-c64-canonical-transport-remediation;refs/heads/codex/three-runtime-c64-cross-runtime-calibration;refs/heads/codex/three-runtime-c64-quality-gate-policy-corrective-delta;refs/heads/codex/three-runtime-c64-quality-gate-policy-freeze;refs/heads/codex/vm176-v100-power-hbm-thermal-characterization;refs/heads/control/holiday-codea-to-codeb-relay;refs/heads/main,reports/VM176-LLM-RUNTIME-FOUNDATION-GATE-A-DRIVER-CUDA128-PREFLIGHT-2026-09-23.md,ec6996aabab0dfade6c8a9ed5d7ded98f11cc929,suncaifeng/DevSopByAi,archive/comfyui-minimax-h3/reports/VM176-LLM-RUNTIME-FOUNDATION-GATE-A-DRIVER-CUDA128-PREFLIGHT-2026-09-23.md,ARCHIVE_ONLY,"Preserve immutable TaskContract, report, review/control evidence chain in control-plane archive; retain source commit and blob identity."
suncaifeng/comfyui-minimax-h3,refs/heads/main,644d7ff2a7a00e04db94ab347a85ed61488d5a76,refs/heads/codex/codexc-model-asset-acquisition-publish;refs/heads/codex/codexc-pinkcherry-ltx23-q6kv-refresh;refs/heads/codex/h3-ltx-director-console-v2-corrective-delta-01;refs/heads/codex/h3-ltx-director-console-v2-holiday-codeb;refs/heads/codex/h3storyboard-director-console-v2-holiday-codeb;refs/heads/codex/holiday-onecat-native-benchmark-campaign;refs/heads/codex/holiday-relay-supervisor-codec;refs/heads/codex/onecat-native-v150-awq-vlk-quality-c64-corrective-delta;refs/heads/codex/onecat-native-v150-awq-vlk-quality-c64-delta;refs/heads/codex/onecat-native-v150-awq-vlk-recovery;refs/heads/codex/onecat-native-v150-c64-canonical-readiness;refs/heads/codex/onecat-native-v150-preflight;refs/heads/codex/onecat-qwen38-gguf-loader-patch;refs/heads/codex/task2.1-offline-harness;refs/heads/codex/task2.2-canonical-benchmark-input-freeze;refs/heads/codex/task2.3-kvmem-harness-sync;refs/heads/codex/task2.4-prebenchmark-offline-readiness;refs/heads/codex/three-runtime-c64-canonical-transport-remediation;refs/heads/codex/three-runtime-c64-cross-runtime-calibration;refs/heads/codex/three-runtime-c64-quality-gate-policy-corrective-delta;refs/heads/codex/three-runtime-c64-quality-gate-policy-freeze;refs/heads/codex/vm176-v100-power-hbm-thermal-characterization;refs/heads/control/holiday-codea-to-codeb-relay;refs/heads/main,reports/VM176-LLM-RUNTIME-FOUNDATION-GATE-B-TOOLCHAIN-INSTALL-PLAN-2026-09-23.md,35f16e00a135d36f52fdd2017528db4e288cf12e,suncaifeng/DevSopByAi,archive/comfyui-minimax-h3/reports/VM176-LLM-RUNTIME-FOUNDATION-GATE-B-TOOLCHAIN-INSTALL-PLAN-2026-09-23.md,ARCHIVE_ONLY,"Preserve immutable TaskContract, report, review/control evidence chain in control-plane archive; retain source commit and blob identity."
suncaifeng/comfyui-minimax-h3,refs/heads/main,644d7ff2a7a00e04db94ab347a85ed61488d5a76,refs/heads/codex/codexc-model-asset-acquisition-publish;refs/heads/codex/codexc-pinkcherry-ltx23-q6kv-refresh;refs/heads/codex/h3-ltx-director-console-v2-corrective-delta-01;refs/heads/codex/h3-ltx-director-console-v2-holiday-codeb;refs/heads/codex/h3storyboard-director-console-v2-holiday-codeb;refs/heads/codex/holiday-onecat-native-benchmark-campaign;refs/heads/codex/holiday-relay-supervisor-codec;refs/heads/codex/onecat-native-v150-awq-vlk-quality-c64-corrective-delta;refs/heads/codex/onecat-native-v150-awq-vlk-quality-c64-delta;refs/heads/codex/onecat-native-v150-awq-vlk-recovery;refs/heads/codex/onecat-native-v150-c64-canonical-readiness;refs/heads/codex/onecat-native-v150-preflight;refs/heads/codex/onecat-qwen38-gguf-loader-patch;refs/heads/codex/task2.1-offline-harness;refs/heads/codex/task2.2-canonical-benchmark-input-freeze;refs/heads/codex/task2.3-kvmem-harness-sync;refs/heads/codex/task2.4-prebenchmark-offline-readiness;refs/heads/codex/three-runtime-c64-canonical-transport-remediation;refs/heads/codex/three-runtime-c64-cross-runtime-calibration;refs/heads/codex/three-runtime-c64-quality-gate-policy-corrective-delta;refs/heads/codex/three-runtime-c64-quality-gate-policy-freeze;refs/heads/codex/vm176-v100-power-hbm-thermal-characterization;refs/heads/control/holiday-codea-to-codeb-relay;refs/heads/main,reports/VM176-LLM-RUNTIME-FOUNDATION-GATE-C-H3-ROLLBACK-SNAPSHOT-2026-09-23.md,fc9d3cf27d54e6e8b8d21d14e80bf48dc3fdd5d7,suncaifeng/DevSopByAi,archive/comfyui-minimax-h3/reports/VM176-LLM-RUNTIME-FOUNDATION-GATE-C-H3-ROLLBACK-SNAPSHOT-2026-09-23.md,ARCHIVE_ONLY,"Preserve immutable TaskContract, report, review/control evidence chain in control-plane archive; retain source commit and blob identity."
suncaifeng/comfyui-minimax-h3,refs/heads/main,644d7ff2a7a00e04db94ab347a85ed61488d5a76,refs/heads/codex/codexc-model-asset-acquisition-publish;refs/heads/codex/codexc-pinkcherry-ltx23-q6kv-refresh;refs/heads/codex/h3-ltx-director-console-v2-corrective-delta-01;refs/heads/codex/h3-ltx-director-console-v2-holiday-codeb;refs/heads/codex/h3storyboard-director-console-v2-holiday-codeb;refs/heads/codex/holiday-onecat-native-benchmark-campaign;refs/heads/codex/holiday-relay-supervisor-codec;refs/heads/codex/onecat-native-v150-awq-vlk-quality-c64-corrective-delta;refs/heads/codex/onecat-native-v150-awq-vlk-quality-c64-delta;refs/heads/codex/onecat-native-v150-awq-vlk-recovery;refs/heads/codex/onecat-native-v150-c64-canonical-readiness;refs/heads/codex/onecat-native-v150-preflight;refs/heads/codex/onecat-qwen38-gguf-loader-patch;refs/heads/codex/task2.1-offline-harness;refs/heads/codex/task2.2-canonical-benchmark-input-freeze;refs/heads/codex/task2.3-kvmem-harness-sync;refs/heads/codex/task2.4-prebenchmark-offline-readiness;refs/heads/codex/three-runtime-c64-canonical-transport-remediation;refs/heads/codex/three-runtime-c64-cross-runtime-calibration;refs/heads/codex/three-runtime-c64-quality-gate-policy-corrective-delta;refs/heads/codex/three-runtime-c64-quality-gate-policy-freeze;refs/heads/codex/vm176-v100-power-hbm-thermal-characterization;refs/heads/control/holiday-codea-to-codeb-relay;refs/heads/main,reports/VM176-LLM-RUNTIME-FOUNDATION-GATE-D-RUNTIME-SPECIFIC-PREFLIGHT-2026-09-23.md,6b58aa91f59e4d85a21c234de39ca7668f1c6802,suncaifeng/DevSopByAi,archive/comfyui-minimax-h3/reports/VM176-LLM-RUNTIME-FOUNDATION-GATE-D-RUNTIME-SPECIFIC-PREFLIGHT-2026-09-23.md,ARCHIVE_ONLY,"Preserve immutable TaskContract, report, review/control evidence chain in control-plane archive; retain source commit and blob identity."
suncaifeng/comfyui-minimax-h3,refs/heads/main,644d7ff2a7a00e04db94ab347a85ed61488d5a76,refs/heads/codex/codexc-model-asset-acquisition-publish;refs/heads/codex/codexc-pinkcherry-ltx23-q6kv-refresh;refs/heads/codex/h3-ltx-director-console-v2-corrective-delta-01;refs/heads/codex/h3-ltx-director-console-v2-holiday-codeb;refs/heads/codex/h3storyboard-director-console-v2-holiday-codeb;refs/heads/codex/holiday-onecat-native-benchmark-campaign;refs/heads/codex/holiday-relay-supervisor-codec;refs/heads/codex/onecat-native-v150-awq-vlk-quality-c64-corrective-delta;refs/heads/codex/onecat-native-v150-awq-vlk-quality-c64-delta;refs/heads/codex/onecat-native-v150-awq-vlk-recovery;refs/heads/codex/onecat-native-v150-c64-canonical-readiness;refs/heads/codex/onecat-native-v150-preflight;refs/heads/codex/onecat-qwen38-gguf-loader-patch;refs/heads/codex/task2.1-offline-harness;refs/heads/codex/task2.2-canonical-benchmark-input-freeze;refs/heads/codex/task2.3-kvmem-harness-sync;refs/heads/codex/task2.4-prebenchmark-offline-readiness;refs/heads/codex/three-runtime-c64-canonical-transport-remediation;refs/heads/codex/three-runtime-c64-cross-runtime-calibration;refs/heads/codex/three-runtime-c64-quality-gate-policy-corrective-delta;refs/heads/codex/three-runtime-c64-quality-gate-policy-freeze;refs/heads/codex/vm176-v100-power-hbm-thermal-characterization;refs/heads/control/holiday-codea-to-codeb-relay;refs/heads/main,reports/VM176-LLM-RUNTIME-READINESS-COMPLETION-2026-09-23.md,86cf35e1494e7697733e9dd45aebc580522e7263,suncaifeng/DevSopByAi,archive/comfyui-minimax-h3/reports/VM176-LLM-RUNTIME-READINESS-COMPLETION-2026-09-23.md,ARCHIVE_ONLY,"Preserve immutable TaskContract, report, review/control evidence chain in control-plane archive; retain source commit and blob identity."
suncaifeng/comfyui-minimax-h3,refs/heads/main,644d7ff2a7a00e04db94ab347a85ed61488d5a76,refs/heads/codex/codexc-model-asset-acquisition-publish;refs/heads/codex/codexc-pinkcherry-ltx23-q6kv-refresh;refs/heads/codex/h3-ltx-director-console-v2-corrective-delta-01;refs/heads/codex/h3-ltx-director-console-v2-holiday-codeb;refs/heads/codex/h3storyboard-director-console-v2-holiday-codeb;refs/heads/codex/holiday-onecat-native-benchmark-campaign;refs/heads/codex/holiday-relay-supervisor-codec;refs/heads/codex/onecat-native-v150-awq-vlk-quality-c64-corrective-delta;refs/heads/codex/onecat-native-v150-awq-vlk-quality-c64-delta;refs/heads/codex/onecat-native-v150-awq-vlk-recovery;refs/heads/codex/onecat-native-v150-c64-canonical-readiness;refs/heads/codex/onecat-native-v150-preflight;refs/heads/codex/onecat-qwen38-gguf-loader-patch;refs/heads/codex/task2.1-offline-harness;refs/heads/codex/task2.2-canonical-benchmark-input-freeze;refs/heads/codex/task2.3-kvmem-harness-sync;refs/heads/codex/task2.4-prebenchmark-offline-readiness;refs/heads/codex/three-runtime-c64-canonical-transport-remediation;refs/heads/codex/three-runtime-c64-cross-runtime-calibration;refs/heads/codex/three-runtime-c64-quality-gate-policy-corrective-delta;refs/heads/codex/three-runtime-c64-quality-gate-policy-freeze;refs/heads/codex/vm176-v100-power-hbm-thermal-characterization;refs/heads/control/holiday-codea-to-codeb-relay;refs/heads/main,reports/VM176-OVERNIGHT-STAGE5-RUNTIME-FOUNDATION-AND-ARTIFACT-PIPELINE-2026-09-23.md,3cd67fec1d13390565591ef35cb31508877557ed,suncaifeng/DevSopByAi,archive/comfyui-minimax-h3/reports/VM176-OVERNIGHT-STAGE5-RUNTIME-FOUNDATION-AND-ARTIFACT-PIPELINE-2026-09-23.md,ARCHIVE_ONLY,"Preserve immutable TaskContract, report, review/control evidence chain in control-plane archive; retain source commit and blob identity."
suncaifeng/comfyui-minimax-h3,refs/heads/main,644d7ff2a7a00e04db94ab347a85ed61488d5a76,refs/heads/codex/codexc-model-asset-acquisition-publish;refs/heads/codex/codexc-pinkcherry-ltx23-q6kv-refresh;refs/heads/codex/h3-ltx-director-console-v2-corrective-delta-01;refs/heads/codex/h3-ltx-director-console-v2-holiday-codeb;refs/heads/codex/h3storyboard-director-console-v2-holiday-codeb;refs/heads/codex/holiday-onecat-native-benchmark-campaign;refs/heads/codex/holiday-relay-supervisor-codec;refs/heads/codex/onecat-native-v150-awq-vlk-quality-c64-corrective-delta;refs/heads/codex/onecat-native-v150-awq-vlk-quality-c64-delta;refs/heads/codex/onecat-native-v150-awq-vlk-recovery;refs/heads/codex/onecat-native-v150-c64-canonical-readiness;refs/heads/codex/onecat-native-v150-preflight;refs/heads/codex/onecat-qwen38-gguf-loader-patch;refs/heads/codex/task2.1-offline-harness;refs/heads/codex/task2.2-canonical-benchmark-input-freeze;refs/heads/codex/task2.3-kvmem-harness-sync;refs/heads/codex/task2.4-prebenchmark-offline-readiness;refs/heads/codex/three-runtime-c64-canonical-transport-remediation;refs/heads/codex/three-runtime-c64-cross-runtime-calibration;refs/heads/codex/three-runtime-c64-quality-gate-policy-corrective-delta;refs/heads/codex/three-runtime-c64-quality-gate-policy-freeze;refs/heads/codex/vm176-v100-power-hbm-thermal-characterization;refs/heads/control/holiday-codea-to-codeb-relay;refs/heads/main,reports/VM176-PHASE1-REPORT.md,6976558f0b877794d508f4c29eb62d019e547726,suncaifeng/DevSopByAi,archive/comfyui-minimax-h3/reports/VM176-PHASE1-REPORT.md,ARCHIVE_ONLY,"Preserve immutable TaskContract, report, review/control evidence chain in control-plane archive; retain source commit and blob identity."
suncaifeng/comfyui-minimax-h3,refs/heads/main,644d7ff2a7a00e04db94ab347a85ed61488d5a76,refs/heads/codex/codexc-model-asset-acquisition-publish;refs/heads/codex/codexc-pinkcherry-ltx23-q6kv-refresh;refs/heads/codex/h3-ltx-director-console-v2-corrective-delta-01;refs/heads/codex/h3-ltx-director-console-v2-holiday-codeb;refs/heads/codex/h3storyboard-director-console-v2-holiday-codeb;refs/heads/codex/holiday-onecat-native-benchmark-campaign;refs/heads/codex/holiday-relay-supervisor-codec;refs/heads/codex/onecat-native-v150-awq-vlk-quality-c64-corrective-delta;refs/heads/codex/onecat-native-v150-awq-vlk-quality-c64-delta;refs/heads/codex/onecat-native-v150-awq-vlk-recovery;refs/heads/codex/onecat-native-v150-c64-canonical-readiness;refs/heads/codex/onecat-native-v150-preflight;refs/heads/codex/onecat-qwen38-gguf-loader-patch;refs/heads/codex/task2.1-offline-harness;refs/heads/codex/task2.2-canonical-benchmark-input-freeze;refs/heads/codex/task2.3-kvmem-harness-sync;refs/heads/codex/task2.4-prebenchmark-offline-readiness;refs/heads/codex/three-runtime-c64-canonical-transport-remediation;refs/heads/codex/three-runtime-c64-cross-runtime-calibration;refs/heads/codex/three-runtime-c64-quality-gate-policy-corrective-delta;refs/heads/codex/three-runtime-c64-quality-gate-policy-freeze;refs/heads/codex/vm176-v100-power-hbm-thermal-characterization;refs/heads/control/holiday-codea-to-codeb-relay;refs/heads/main,reports/VM176-PHASE1B-H3-API-prompt.json,50d7c193a3e751d88bc7f424ea6653c86bfef3b7,suncaifeng/DevSopByAi,archive/comfyui-minimax-h3/reports/VM176-PHASE1B-H3-API-prompt.json,ARCHIVE_ONLY,"Preserve immutable TaskContract, report, review/control evidence chain in control-plane archive; retain source commit and blob identity."
suncaifeng/comfyui-minimax-h3,refs/heads/main,644d7ff2a7a00e04db94ab347a85ed61488d5a76,refs/heads/codex/codexc-model-asset-acquisition-publish;refs/heads/codex/codexc-pinkcherry-ltx23-q6kv-refresh;refs/heads/codex/h3-ltx-director-console-v2-corrective-delta-01;refs/heads/codex/h3-ltx-director-console-v2-holiday-codeb;refs/heads/codex/h3storyboard-director-console-v2-holiday-codeb;refs/heads/codex/holiday-onecat-native-benchmark-campaign;refs/heads/codex/holiday-relay-supervisor-codec;refs/heads/codex/onecat-native-v150-awq-vlk-quality-c64-corrective-delta;refs/heads/codex/onecat-native-v150-awq-vlk-quality-c64-delta;refs/heads/codex/onecat-native-v150-awq-vlk-recovery;refs/heads/codex/onecat-native-v150-c64-canonical-readiness;refs/heads/codex/onecat-native-v150-preflight;refs/heads/codex/onecat-qwen38-gguf-loader-patch;refs/heads/codex/task2.1-offline-harness;refs/heads/codex/task2.2-canonical-benchmark-input-freeze;refs/heads/codex/task2.3-kvmem-harness-sync;refs/heads/codex/task2.4-prebenchmark-offline-readiness;refs/heads/codex/three-runtime-c64-canonical-transport-remediation;refs/heads/codex/three-runtime-c64-cross-runtime-calibration;refs/heads/codex/three-runtime-c64-quality-gate-policy-corrective-delta;refs/heads/codex/three-runtime-c64-quality-gate-policy-freeze;refs/heads/codex/vm176-v100-power-hbm-thermal-characterization;refs/heads/control/holiday-codea-to-codeb-relay;refs/heads/main,reports/VM176-PHASE1C-FL2VA-FBC-API-prompt.json,df194cb43d85e42f5e8e032b464669841e23a04a,suncaifeng/DevSopByAi,archive/comfyui-minimax-h3/reports/VM176-PHASE1C-FL2VA-FBC-API-prompt.json,ARCHIVE_ONLY,"Preserve immutable TaskContract, report, review/control evidence chain in control-plane archive; retain source commit and blob identity."
suncaifeng/comfyui-minimax-h3,refs/heads/main,644d7ff2a7a00e04db94ab347a85ed61488d5a76,refs/heads/codex/codexc-model-asset-acquisition-publish;refs/heads/codex/codexc-pinkcherry-ltx23-q6kv-refresh;refs/heads/codex/h3-ltx-director-console-v2-corrective-delta-01;refs/heads/codex/h3-ltx-director-console-v2-holiday-codeb;refs/heads/codex/h3storyboard-director-console-v2-holiday-codeb;refs/heads/codex/holiday-onecat-native-benchmark-campaign;refs/heads/codex/holiday-relay-supervisor-codec;refs/heads/codex/onecat-native-v150-awq-vlk-quality-c64-corrective-delta;refs/heads/codex/onecat-native-v150-awq-vlk-quality-c64-delta;refs/heads/codex/onecat-native-v150-awq-vlk-recovery;refs/heads/codex/onecat-native-v150-c64-canonical-readiness;refs/heads/codex/onecat-native-v150-preflight;refs/heads/codex/onecat-qwen38-gguf-loader-patch;refs/heads/codex/task2.1-offline-harness;refs/heads/codex/task2.2-canonical-benchmark-input-freeze;refs/heads/codex/task2.3-kvmem-harness-sync;refs/heads/codex/task2.4-prebenchmark-offline-readiness;refs/heads/codex/three-runtime-c64-canonical-transport-remediation;refs/heads/codex/three-runtime-c64-cross-runtime-calibration;refs/heads/codex/three-runtime-c64-quality-gate-policy-corrective-delta;refs/heads/codex/three-runtime-c64-quality-gate-policy-freeze;refs/heads/codex/vm176-v100-power-hbm-thermal-characterization;refs/heads/control/holiday-codea-to-codeb-relay;refs/heads/main,reports/VM176-PHASE1C-FL2VA-FBC-SHORT-API-prompt.json,510451175c868e84c04cae819fb97b863ee4f4a5,suncaifeng/DevSopByAi,archive/comfyui-minimax-h3/reports/VM176-PHASE1C-FL2VA-FBC-SHORT-API-prompt.json,ARCHIVE_ONLY,"Preserve immutable TaskContract, report, review/control evidence chain in control-plane archive; retain source commit and blob identity."
suncaifeng/comfyui-minimax-h3,refs/heads/main,644d7ff2a7a00e04db94ab347a85ed61488d5a76,refs/heads/codex/codexc-model-asset-acquisition-publish;refs/heads/codex/codexc-pinkcherry-ltx23-q6kv-refresh;refs/heads/codex/h3-ltx-director-console-v2-corrective-delta-01;refs/heads/codex/h3-ltx-director-console-v2-holiday-codeb;refs/heads/codex/h3storyboard-director-console-v2-holiday-codeb;refs/heads/codex/holiday-onecat-native-benchmark-campaign;refs/heads/codex/holiday-relay-supervisor-codec;refs/heads/codex/onecat-native-v150-awq-vlk-quality-c64-corrective-delta;refs/heads/codex/onecat-native-v150-awq-vlk-quality-c64-delta;refs/heads/codex/onecat-native-v150-awq-vlk-recovery;refs/heads/codex/onecat-native-v150-c64-canonical-readiness;refs/heads/codex/onecat-native-v150-preflight;refs/heads/codex/onecat-qwen38-gguf-loader-patch;refs/heads/codex/task2.1-offline-harness;refs/heads/codex/task2.2-canonical-benchmark-input-freeze;refs/heads/codex/task2.3-kvmem-harness-sync;refs/heads/codex/task2.4-prebenchmark-offline-readiness;refs/heads/codex/three-runtime-c64-canonical-transport-remediation;refs/heads/codex/three-runtime-c64-cross-runtime-calibration;refs/heads/codex/three-runtime-c64-quality-gate-policy-corrective-delta;refs/heads/codex/three-runtime-c64-quality-gate-policy-freeze;refs/heads/codex/vm176-v100-power-hbm-thermal-characterization;refs/heads/control/holiday-codea-to-codeb-relay;refs/heads/main,reports/VM176-PHASE1C-H3-FUNCTIONAL.md,4d66eeed673f3e6c6610fc69245d58538a474cdf,suncaifeng/DevSopByAi,archive/comfyui-minimax-h3/reports/VM176-PHASE1C-H3-FUNCTIONAL.md,ARCHIVE_ONLY,"Preserve immutable TaskContract, report, review/control evidence chain in control-plane archive; retain source commit and blob identity."
suncaifeng/comfyui-minimax-h3,refs/heads/main,644d7ff2a7a00e04db94ab347a85ed61488d5a76,refs/heads/codex/codexc-model-asset-acquisition-publish;refs/heads/codex/codexc-pinkcherry-ltx23-q6kv-refresh;refs/heads/codex/h3-ltx-director-console-v2-corrective-delta-01;refs/heads/codex/h3-ltx-director-console-v2-holiday-codeb;refs/heads/codex/h3storyboard-director-console-v2-holiday-codeb;refs/heads/codex/holiday-onecat-native-benchmark-campaign;refs/heads/codex/holiday-relay-supervisor-codec;refs/heads/codex/onecat-native-v150-awq-vlk-quality-c64-corrective-delta;refs/heads/codex/onecat-native-v150-awq-vlk-quality-c64-delta;refs/heads/codex/onecat-native-v150-awq-vlk-recovery;refs/heads/codex/onecat-native-v150-c64-canonical-readiness;refs/heads/codex/onecat-native-v150-preflight;refs/heads/codex/onecat-qwen38-gguf-loader-patch;refs/heads/codex/task2.1-offline-harness;refs/heads/codex/task2.2-canonical-benchmark-input-freeze;refs/heads/codex/task2.3-kvmem-harness-sync;refs/heads/codex/task2.4-prebenchmark-offline-readiness;refs/heads/codex/three-runtime-c64-canonical-transport-remediation;refs/heads/codex/three-runtime-c64-cross-runtime-calibration;refs/heads/codex/three-runtime-c64-quality-gate-policy-corrective-delta;refs/heads/codex/three-runtime-c64-quality-gate-policy-freeze;refs/heads/codex/vm176-v100-power-hbm-thermal-characterization;refs/heads/control/holiday-codea-to-codeb-relay;refs/heads/main,reports/VM176-PHASE1C-REF2VA-API-prompt.json,2e64f9a7fbcf3fd2976b7f14c718a648b377479d,suncaifeng/DevSopByAi,archive/comfyui-minimax-h3/reports/VM176-PHASE1C-REF2VA-API-prompt.json,ARCHIVE_ONLY,"Preserve immutable TaskContract, report, review/control evidence chain in control-plane archive; retain source commit and blob identity."
suncaifeng/comfyui-minimax-h3,refs/heads/main,644d7ff2a7a00e04db94ab347a85ed61488d5a76,refs/heads/codex/codexc-model-asset-acquisition-publish;refs/heads/codex/codexc-pinkcherry-ltx23-q6kv-refresh;refs/heads/codex/h3-ltx-director-console-v2-corrective-delta-01;refs/heads/codex/h3-ltx-director-console-v2-holiday-codeb;refs/heads/codex/h3storyboard-director-console-v2-holiday-codeb;refs/heads/codex/holiday-onecat-native-benchmark-campaign;refs/heads/codex/holiday-relay-supervisor-codec;refs/heads/codex/onecat-native-v150-awq-vlk-quality-c64-corrective-delta;refs/heads/codex/onecat-native-v150-awq-vlk-quality-c64-delta;refs/heads/codex/onecat-native-v150-awq-vlk-recovery;refs/heads/codex/onecat-native-v150-c64-canonical-readiness;refs/heads/codex/onecat-native-v150-preflight;refs/heads/codex/onecat-qwen38-gguf-loader-patch;refs/heads/codex/task2.1-offline-harness;refs/heads/codex/task2.2-canonical-benchmark-input-freeze;refs/heads/codex/task2.3-kvmem-harness-sync;refs/heads/codex/task2.4-prebenchmark-offline-readiness;refs/heads/codex/three-runtime-c64-canonical-transport-remediation;refs/heads/codex/three-runtime-c64-cross-runtime-calibration;refs/heads/codex/three-runtime-c64-quality-gate-policy-corrective-delta;refs/heads/codex/three-runtime-c64-quality-gate-policy-freeze;refs/heads/codex/vm176-v100-power-hbm-thermal-characterization;refs/heads/control/holiday-codea-to-codeb-relay;refs/heads/main,reports/VM176-PHASE1C-REF2VA-SHORT-API-prompt.json,219f6702b6d4f985c435c0f89c547af235c19d2f,suncaifeng/DevSopByAi,archive/comfyui-minimax-h3/reports/VM176-PHASE1C-REF2VA-SHORT-API-prompt.json,ARCHIVE_ONLY,"Preserve immutable TaskContract, report, review/control evidence chain in control-plane archive; retain source commit and blob identity."
suncaifeng/comfyui-minimax-h3,refs/heads/main,644d7ff2a7a00e04db94ab347a85ed61488d5a76,refs/heads/codex/codexc-model-asset-acquisition-publish;refs/heads/codex/codexc-pinkcherry-ltx23-q6kv-refresh;refs/heads/codex/h3-ltx-director-console-v2-corrective-delta-01;refs/heads/codex/h3-ltx-director-console-v2-holiday-codeb;refs/heads/codex/h3storyboard-director-console-v2-holiday-codeb;refs/heads/codex/holiday-onecat-native-benchmark-campaign;refs/heads/codex/holiday-relay-supervisor-codec;refs/heads/codex/onecat-native-v150-awq-vlk-quality-c64-corrective-delta;refs/heads/codex/onecat-native-v150-awq-vlk-quality-c64-delta;refs/heads/codex/onecat-native-v150-awq-vlk-recovery;refs/heads/codex/onecat-native-v150-c64-canonical-readiness;refs/heads/codex/onecat-native-v150-preflight;refs/heads/codex/onecat-qwen38-gguf-loader-patch;refs/heads/codex/task2.1-offline-harness;refs/heads/codex/task2.2-canonical-benchmark-input-freeze;refs/heads/codex/task2.3-kvmem-harness-sync;refs/heads/codex/task2.4-prebenchmark-offline-readiness;refs/heads/codex/three-runtime-c64-canonical-transport-remediation;refs/heads/codex/three-runtime-c64-cross-runtime-calibration;refs/heads/codex/three-runtime-c64-quality-gate-policy-corrective-delta;refs/heads/codex/three-runtime-c64-quality-gate-policy-freeze;refs/heads/codex/vm176-v100-power-hbm-thermal-characterization;refs/heads/control/holiday-codea-to-codeb-relay;refs/heads/main,reports/VM176-PHASE2A0-H3-TURBO-COMPATIBILITY-AUDIT.md,31f77187f2f3d17d54c9890f036ba19003d76dbd,suncaifeng/DevSopByAi,archive/comfyui-minimax-h3/reports/VM176-PHASE2A0-H3-TURBO-COMPATIBILITY-AUDIT.md,ARCHIVE_ONLY,"Preserve immutable TaskContract, report, review/control evidence chain in control-plane archive; retain source commit and blob identity."
suncaifeng/comfyui-minimax-h3,refs/heads/main,644d7ff2a7a00e04db94ab347a85ed61488d5a76,refs/heads/codex/codexc-model-asset-acquisition-publish;refs/heads/codex/codexc-pinkcherry-ltx23-q6kv-refresh;refs/heads/codex/h3-ltx-director-console-v2-corrective-delta-01;refs/heads/codex/h3-ltx-director-console-v2-holiday-codeb;refs/heads/codex/h3storyboard-director-console-v2-holiday-codeb;refs/heads/codex/holiday-onecat-native-benchmark-campaign;refs/heads/codex/holiday-relay-supervisor-codec;refs/heads/codex/onecat-native-v150-awq-vlk-quality-c64-corrective-delta;refs/heads/codex/onecat-native-v150-awq-vlk-quality-c64-delta;refs/heads/codex/onecat-native-v150-awq-vlk-recovery;refs/heads/codex/onecat-native-v150-c64-canonical-readiness;refs/heads/codex/onecat-native-v150-preflight;refs/heads/codex/onecat-qwen38-gguf-loader-patch;refs/heads/codex/task2.1-offline-harness;refs/heads/codex/task2.2-canonical-benchmark-input-freeze;refs/heads/codex/task2.3-kvmem-harness-sync;refs/heads/codex/task2.4-prebenchmark-offline-readiness;refs/heads/codex/three-runtime-c64-canonical-transport-remediation;refs/heads/codex/three-runtime-c64-cross-runtime-calibration;refs/heads/codex/three-runtime-c64-quality-gate-policy-corrective-delta;refs/heads/codex/three-runtime-c64-quality-gate-policy-freeze;refs/heads/codex/vm176-v100-power-hbm-thermal-characterization;refs/heads/control/holiday-codea-to-codeb-relay;refs/heads/main,reports/VM176-PHASE2A1-TURBO-PROPOSED-API-prompt.json,48f36ffaeacf52fb5f5ef258d8863be84346fc07,suncaifeng/DevSopByAi,archive/comfyui-minimax-h3/reports/VM176-PHASE2A1-TURBO-PROPOSED-API-prompt.json,ARCHIVE_ONLY,"Preserve immutable TaskContract, report, review/control evidence chain in control-plane archive; retain source commit and blob identity."
suncaifeng/comfyui-minimax-h3,refs/heads/main,644d7ff2a7a00e04db94ab347a85ed61488d5a76,refs/heads/codex/codexc-model-asset-acquisition-publish;refs/heads/codex/codexc-pinkcherry-ltx23-q6kv-refresh;refs/heads/codex/h3-ltx-director-console-v2-corrective-delta-01;refs/heads/codex/h3-ltx-director-console-v2-holiday-codeb;refs/heads/codex/h3storyboard-director-console-v2-holiday-codeb;refs/heads/codex/holiday-onecat-native-benchmark-campaign;refs/heads/codex/holiday-relay-supervisor-codec;refs/heads/codex/onecat-native-v150-awq-vlk-quality-c64-corrective-delta;refs/heads/codex/onecat-native-v150-awq-vlk-quality-c64-delta;refs/heads/codex/onecat-native-v150-awq-vlk-recovery;refs/heads/codex/onecat-native-v150-c64-canonical-readiness;refs/heads/codex/onecat-native-v150-preflight;refs/heads/codex/onecat-qwen38-gguf-loader-patch;refs/heads/codex/task2.1-offline-harness;refs/heads/codex/task2.2-canonical-benchmark-input-freeze;refs/heads/codex/task2.3-kvmem-harness-sync;refs/heads/codex/task2.4-prebenchmark-offline-readiness;refs/heads/codex/three-runtime-c64-canonical-transport-remediation;refs/heads/codex/three-runtime-c64-cross-runtime-calibration;refs/heads/codex/three-runtime-c64-quality-gate-policy-corrective-delta;refs/heads/codex/three-runtime-c64-quality-gate-policy-freeze;refs/heads/codex/vm176-v100-power-hbm-thermal-characterization;refs/heads/control/holiday-codea-to-codeb-relay;refs/heads/main,reports/VM176-QWEN38-ARTIFACT-ACQUISITION-2026-09-22.md,a22d934e1c57c3d7ebbc66c7f4ecb69aaf98e111,suncaifeng/DevSopByAi,archive/comfyui-minimax-h3/reports/VM176-QWEN38-ARTIFACT-ACQUISITION-2026-09-22.md,ARCHIVE_ONLY,"Preserve immutable TaskContract, report, review/control evidence chain in control-plane archive; retain source commit and blob identity."
suncaifeng/comfyui-minimax-h3,refs/heads/main,644d7ff2a7a00e04db94ab347a85ed61488d5a76,refs/heads/codex/codexc-model-asset-acquisition-publish;refs/heads/codex/codexc-pinkcherry-ltx23-q6kv-refresh;refs/heads/codex/h3-ltx-director-console-v2-corrective-delta-01;refs/heads/codex/h3-ltx-director-console-v2-holiday-codeb;refs/heads/codex/h3storyboard-director-console-v2-holiday-codeb;refs/heads/codex/holiday-onecat-native-benchmark-campaign;refs/heads/codex/holiday-relay-supervisor-codec;refs/heads/codex/onecat-native-v150-awq-vlk-quality-c64-corrective-delta;refs/heads/codex/onecat-native-v150-awq-vlk-quality-c64-delta;refs/heads/codex/onecat-native-v150-awq-vlk-recovery;refs/heads/codex/onecat-native-v150-c64-canonical-readiness;refs/heads/codex/onecat-native-v150-preflight;refs/heads/codex/onecat-qwen38-gguf-loader-patch;refs/heads/codex/task2.1-offline-harness;refs/heads/codex/task2.2-canonical-benchmark-input-freeze;refs/heads/codex/task2.3-kvmem-harness-sync;refs/heads/codex/task2.4-prebenchmark-offline-readiness;refs/heads/codex/three-runtime-c64-canonical-transport-remediation;refs/heads/codex/three-runtime-c64-cross-runtime-calibration;refs/heads/codex/three-runtime-c64-quality-gate-policy-corrective-delta;refs/heads/codex/three-runtime-c64-quality-gate-policy-freeze;refs/heads/codex/vm176-v100-power-hbm-thermal-characterization;refs/heads/control/holiday-codea-to-codeb-relay;refs/heads/main,reports/VM176-R580-ROLLBACK-SHA256SUMS-42-2026-09-23.txt,bb68680edfd496631868d35361a4ea00c62bf694,suncaifeng/DevSopByAi,archive/comfyui-minimax-h3/reports/VM176-R580-ROLLBACK-SHA256SUMS-42-2026-09-23.txt,ARCHIVE_ONLY,"Preserve immutable TaskContract, report, review/control evidence chain in control-plane archive; retain source commit and blob identity."
suncaifeng/comfyui-minimax-h3,refs/heads/main,644d7ff2a7a00e04db94ab347a85ed61488d5a76,refs/heads/codex/codexc-model-asset-acquisition-publish;refs/heads/codex/codexc-pinkcherry-ltx23-q6kv-refresh;refs/heads/codex/h3-ltx-director-console-v2-corrective-delta-01;refs/heads/codex/h3-ltx-director-console-v2-holiday-codeb;refs/heads/codex/h3storyboard-director-console-v2-holiday-codeb;refs/heads/codex/holiday-onecat-native-benchmark-campaign;refs/heads/codex/holiday-relay-supervisor-codec;refs/heads/codex/onecat-native-v150-awq-vlk-quality-c64-corrective-delta;refs/heads/codex/onecat-native-v150-awq-vlk-quality-c64-delta;refs/heads/codex/onecat-native-v150-awq-vlk-recovery;refs/heads/codex/onecat-native-v150-c64-canonical-readiness;refs/heads/codex/onecat-native-v150-preflight;refs/heads/codex/onecat-qwen38-gguf-loader-patch;refs/heads/codex/task2.1-offline-harness;refs/heads/codex/task2.2-canonical-benchmark-input-freeze;refs/heads/codex/task2.3-kvmem-harness-sync;refs/heads/codex/task2.4-prebenchmark-offline-readiness;refs/heads/codex/three-runtime-c64-canonical-transport-remediation;refs/heads/codex/three-runtime-c64-cross-runtime-calibration;refs/heads/codex/three-runtime-c64-quality-gate-policy-corrective-delta;refs/heads/codex/three-runtime-c64-quality-gate-policy-freeze;refs/heads/codex/vm176-v100-power-hbm-thermal-characterization;refs/heads/control/holiday-codea-to-codeb-relay;refs/heads/main,reports/VM176-ROOT-DISK-EXPANSION-TO-256G-2026-09-24.md,ced595cab19a024ab6d9c339299194190106cc6a,suncaifeng/DevSopByAi,archive/comfyui-minimax-h3/reports/VM176-ROOT-DISK-EXPANSION-TO-256G-2026-09-24.md,ARCHIVE_ONLY,"Preserve immutable TaskContract, report, review/control evidence chain in control-plane archive; retain source commit and blob identity."
suncaifeng/comfyui-minimax-h3,refs/heads/main,644d7ff2a7a00e04db94ab347a85ed61488d5a76,refs/heads/codex/codexc-model-asset-acquisition-publish;refs/heads/codex/codexc-pinkcherry-ltx23-q6kv-refresh;refs/heads/codex/h3-ltx-director-console-v2-corrective-delta-01;refs/heads/codex/h3-ltx-director-console-v2-holiday-codeb;refs/heads/codex/h3storyboard-director-console-v2-holiday-codeb;refs/heads/codex/holiday-onecat-native-benchmark-campaign;refs/heads/codex/holiday-relay-supervisor-codec;refs/heads/codex/onecat-native-v150-awq-vlk-quality-c64-corrective-delta;refs/heads/codex/onecat-native-v150-awq-vlk-quality-c64-delta;refs/heads/codex/onecat-native-v150-awq-vlk-recovery;refs/heads/codex/onecat-native-v150-c64-canonical-readiness;refs/heads/codex/onecat-native-v150-preflight;refs/heads/codex/onecat-qwen38-gguf-loader-patch;refs/heads/codex/task2.1-offline-harness;refs/heads/codex/task2.2-canonical-benchmark-input-freeze;refs/heads/codex/task2.3-kvmem-harness-sync;refs/heads/codex/task2.4-prebenchmark-offline-readiness;refs/heads/codex/three-runtime-c64-canonical-transport-remediation;refs/heads/codex/three-runtime-c64-cross-runtime-calibration;refs/heads/codex/three-runtime-c64-quality-gate-policy-corrective-delta;refs/heads/codex/three-runtime-c64-quality-gate-policy-freeze;refs/heads/codex/vm176-v100-power-hbm-thermal-characterization;refs/heads/control/holiday-codea-to-codeb-relay;refs/heads/main,reports/VM176-ROOT-STORAGE-RECONCILIATION-RUNTIME-PLACEMENT-2026-09-24.md,1c35510c4f61ca20ee5e98111b21d16464c456f5,suncaifeng/DevSopByAi,archive/comfyui-minimax-h3/reports/VM176-ROOT-STORAGE-RECONCILIATION-RUNTIME-PLACEMENT-2026-09-24.md,ARCHIVE_ONLY,"Preserve immutable TaskContract, report, review/control evidence chain in control-plane archive; retain source commit and blob identity."
suncaifeng/comfyui-minimax-h3,refs/heads/codex/onecat-qwen38-gguf-loader-patch,26af29a8672112f2b780a1deab3ea1bf7c4d1570,refs/heads/codex/onecat-qwen38-gguf-loader-patch,reports/VM176-STAGE5-CODEXA-ONECAT-EAGER-RUNTIME-BENCH-READY-2026-09-30.md,33d54b73651958056848677415d2e110728e7738,suncaifeng/DevSopByAi,archive/comfyui-minimax-h3/reports/VM176-STAGE5-CODEXA-ONECAT-EAGER-RUNTIME-BENCH-READY-2026-09-30.md,ARCHIVE_ONLY,"Preserve immutable TaskContract, report, review/control evidence chain in control-plane archive; retain source commit and blob identity."
suncaifeng/comfyui-minimax-h3,refs/heads/codex/onecat-qwen38-gguf-loader-patch,26af29a8672112f2b780a1deab3ea1bf7c4d1570,refs/heads/codex/onecat-qwen38-gguf-loader-patch,reports/VM176-STAGE5-CODEXA-ONECAT-GGUF-MULTI-INDEX-SHARD-LOADING-SUPPORT-2026-09-29.md,0972b5b8eb7fe27b5a3e55551803242dc12871ec,suncaifeng/DevSopByAi,archive/comfyui-minimax-h3/reports/VM176-STAGE5-CODEXA-ONECAT-GGUF-MULTI-INDEX-SHARD-LOADING-SUPPORT-2026-09-29.md,ARCHIVE_ONLY,"Preserve immutable TaskContract, report, review/control evidence chain in control-plane archive; retain source commit and blob identity."
suncaifeng/comfyui-minimax-h3,refs/heads/codex/onecat-qwen38-gguf-loader-patch,26af29a8672112f2b780a1deab3ea1bf7c4d1570,refs/heads/codex/onecat-qwen38-gguf-loader-patch,reports/VM176-STAGE5-CODEXA-ONECAT-GGUF-TRITON-VLK-FINAL-CLOSURE-2026-09-30.md,e6aa98a23333954c2c88900d06c4c36dcb21da79,suncaifeng/DevSopByAi,archive/comfyui-minimax-h3/reports/VM176-STAGE5-CODEXA-ONECAT-GGUF-TRITON-VLK-FINAL-CLOSURE-2026-09-30.md,ARCHIVE_ONLY,"Preserve immutable TaskContract, report, review/control evidence chain in control-plane archive; retain source commit and blob identity."
suncaifeng/comfyui-minimax-h3,refs/heads/codex/h3-ltx-director-console-v2-corrective-delta-01,3968742392a8967325c4a9a2c3f6c81776e00c02,refs/heads/codex/h3-ltx-director-console-v2-corrective-delta-01;refs/heads/codex/h3-ltx-director-console-v2-holiday-codeb;refs/heads/codex/h3storyboard-director-console-v2-holiday-codeb;refs/heads/codex/holiday-relay-supervisor-codec;refs/heads/codex/onecat-native-v150-awq-vlk-quality-c64-corrective-delta;refs/heads/codex/onecat-native-v150-c64-canonical-readiness;refs/heads/codex/three-runtime-c64-canonical-transport-remediation;refs/heads/codex/three-runtime-c64-cross-runtime-calibration;refs/heads/codex/three-runtime-c64-quality-gate-policy-corrective-delta;refs/heads/codex/three-runtime-c64-quality-gate-policy-freeze;refs/heads/control/holiday-codea-to-codeb-relay,reports/VM176-STAGE5-CODEXA-ONECAT-NATIVE-V150-AWQ-VLK-QUALITY-C64-CORRECTIVE-DELTA-2026-10-02.md,a367d86343e379c1a0cd6b47525af8ca0cd2d6f5,suncaifeng/DevSopByAi,archive/comfyui-minimax-h3/reports/VM176-STAGE5-CODEXA-ONECAT-NATIVE-V150-AWQ-VLK-QUALITY-C64-CORRECTIVE-DELTA-2026-10-02.md,ARCHIVE_ONLY,"Preserve immutable TaskContract, report, review/control evidence chain in control-plane archive; retain source commit and blob identity."
suncaifeng/comfyui-minimax-h3,refs/heads/codex/h3-ltx-director-console-v2-corrective-delta-01,3968742392a8967325c4a9a2c3f6c81776e00c02,refs/heads/codex/h3-ltx-director-console-v2-corrective-delta-01;refs/heads/codex/h3-ltx-director-console-v2-holiday-codeb;refs/heads/codex/h3storyboard-director-console-v2-holiday-codeb;refs/heads/codex/holiday-relay-supervisor-codec;refs/heads/codex/onecat-native-v150-awq-vlk-quality-c64-corrective-delta;refs/heads/codex/onecat-native-v150-awq-vlk-quality-c64-delta;refs/heads/codex/onecat-native-v150-c64-canonical-readiness;refs/heads/codex/three-runtime-c64-canonical-transport-remediation;refs/heads/codex/three-runtime-c64-cross-runtime-calibration;refs/heads/codex/three-runtime-c64-quality-gate-policy-corrective-delta;refs/heads/codex/three-runtime-c64-quality-gate-policy-freeze;refs/heads/control/holiday-codea-to-codeb-relay,reports/VM176-STAGE5-CODEXA-ONECAT-NATIVE-V150-AWQ-VLK-QUALITY-C64-DELTA-2026-10-02.md,2b18f4abb4689c5b791cea0e43beb631f776622c,suncaifeng/DevSopByAi,archive/comfyui-minimax-h3/reports/VM176-STAGE5-CODEXA-ONECAT-NATIVE-V150-AWQ-VLK-QUALITY-C64-DELTA-2026-10-02.md,ARCHIVE_ONLY,"Preserve immutable TaskContract, report, review/control evidence chain in control-plane archive; retain source commit and blob identity."
suncaifeng/comfyui-minimax-h3,refs/heads/codex/h3-ltx-director-console-v2-corrective-delta-01,3968742392a8967325c4a9a2c3f6c81776e00c02,refs/heads/codex/h3-ltx-director-console-v2-corrective-delta-01;refs/heads/codex/h3-ltx-director-console-v2-holiday-codeb;refs/heads/codex/h3storyboard-director-console-v2-holiday-codeb;refs/heads/codex/holiday-relay-supervisor-codec;refs/heads/codex/onecat-native-v150-awq-vlk-quality-c64-corrective-delta;refs/heads/codex/onecat-native-v150-awq-vlk-quality-c64-delta;refs/heads/codex/onecat-native-v150-awq-vlk-recovery;refs/heads/codex/onecat-native-v150-c64-canonical-readiness;refs/heads/codex/three-runtime-c64-canonical-transport-remediation;refs/heads/codex/three-runtime-c64-cross-runtime-calibration;refs/heads/codex/three-runtime-c64-quality-gate-policy-corrective-delta;refs/heads/codex/three-runtime-c64-quality-gate-policy-freeze;refs/heads/control/holiday-codea-to-codeb-relay,reports/VM176-STAGE5-CODEXA-ONECAT-NATIVE-V150-AWQ-VLK-RECOVERY-2026-10-02.md,b858da5747d89e3ff6111fd6a2cccaf80c8f7c5c,suncaifeng/DevSopByAi,archive/comfyui-minimax-h3/reports/VM176-STAGE5-CODEXA-ONECAT-NATIVE-V150-AWQ-VLK-RECOVERY-2026-10-02.md,ARCHIVE_ONLY,"Preserve immutable TaskContract, report, review/control evidence chain in control-plane archive; retain source commit and blob identity."
suncaifeng/comfyui-minimax-h3,refs/heads/codex/h3-ltx-director-console-v2-corrective-delta-01,3968742392a8967325c4a9a2c3f6c81776e00c02,refs/heads/codex/h3-ltx-director-console-v2-corrective-delta-01;refs/heads/codex/h3-ltx-director-console-v2-holiday-codeb;refs/heads/codex/h3storyboard-director-console-v2-holiday-codeb;refs/heads/codex/holiday-relay-supervisor-codec;refs/heads/codex/onecat-native-v150-c64-canonical-readiness;refs/heads/codex/three-runtime-c64-canonical-transport-remediation;refs/heads/codex/three-runtime-c64-cross-runtime-calibration;refs/heads/codex/three-runtime-c64-quality-gate-policy-corrective-delta;refs/heads/codex/three-runtime-c64-quality-gate-policy-freeze;refs/heads/control/holiday-codea-to-codeb-relay,reports/VM176-STAGE5-CODEXA-ONECAT-NATIVE-V150-C64-CANONICAL-READINESS-2026-10-02.md,840db8476546e0340eae80d4fa4a9997d578ccb1,suncaifeng/DevSopByAi,archive/comfyui-minimax-h3/reports/VM176-STAGE5-CODEXA-ONECAT-NATIVE-V150-C64-CANONICAL-READINESS-2026-10-02.md,ARCHIVE_ONLY,"Preserve immutable TaskContract, report, review/control evidence chain in control-plane archive; retain source commit and blob identity."
suncaifeng/comfyui-minimax-h3,refs/heads/codex/onecat-qwen38-gguf-loader-patch,26af29a8672112f2b780a1deab3ea1bf7c4d1570,refs/heads/codex/onecat-qwen38-gguf-loader-patch,reports/VM176-STAGE5-CODEXA-ONECAT-QWEN35-GGUF-CONV1D-SHAPE-COMPATIBILITY-2026-09-30.md,f984096a6b523fd4999b7db55dc75c0d9bfd26b6,suncaifeng/DevSopByAi,archive/comfyui-minimax-h3/reports/VM176-STAGE5-CODEXA-ONECAT-QWEN35-GGUF-CONV1D-SHAPE-COMPATIBILITY-2026-09-30.md,ARCHIVE_ONLY,"Preserve immutable TaskContract, report, review/control evidence chain in control-plane archive; retain source commit and blob identity."
suncaifeng/comfyui-minimax-h3,refs/heads/codex/onecat-qwen38-gguf-loader-patch,26af29a8672112f2b780a1deab3ea1bf7c4d1570,refs/heads/codex/onecat-qwen38-gguf-loader-patch,reports/VM176-STAGE5-CODEXA-ONECAT-QWEN38-GGUF-LOADER-PATCH-2026-09-29.md,7d4802e6674b746724763f46af071b58f9c6e862,suncaifeng/DevSopByAi,archive/comfyui-minimax-h3/reports/VM176-STAGE5-CODEXA-ONECAT-QWEN38-GGUF-LOADER-PATCH-2026-09-29.md,ARCHIVE_ONLY,"Preserve immutable TaskContract, report, review/control evidence chain in control-plane archive; retain source commit and blob identity."
suncaifeng/comfyui-minimax-h3,refs/heads/codex/onecat-qwen38-gguf-loader-patch,26af29a8672112f2b780a1deab3ea1bf7c4d1570,refs/heads/codex/onecat-qwen38-gguf-loader-patch,reports/VM176-STAGE5-CODEXA-ONECAT-QWEN38-LINEAR-ATTN-GGUF-MAP-CORRECTION-2026-09-29.md,b1c0575d3423db2144fd340225a22d65735a743e,suncaifeng/DevSopByAi,archive/comfyui-minimax-h3/reports/VM176-STAGE5-CODEXA-ONECAT-QWEN38-LINEAR-ATTN-GGUF-MAP-CORRECTION-2026-09-29.md,ARCHIVE_ONLY,"Preserve immutable TaskContract, report, review/control evidence chain in control-plane archive; retain source commit and blob identity."
suncaifeng/comfyui-minimax-h3,refs/heads/main,644d7ff2a7a00e04db94ab347a85ed61488d5a76,refs/heads/codex/codexc-model-asset-acquisition-publish;refs/heads/codex/codexc-pinkcherry-ltx23-q6kv-refresh;refs/heads/codex/onecat-native-v150-preflight;refs/heads/codex/onecat-qwen38-gguf-loader-patch;refs/heads/codex/vm176-v100-power-hbm-thermal-characterization;refs/heads/main,reports/VM176-STAGE5-CODEXA-ONECAT-QWEN38-SUPPORT-ADOPTION-2026-09-28.md,9799c505817ecd0c22cf3ab98e96cf57e6e88dfd,suncaifeng/DevSopByAi,archive/comfyui-minimax-h3/reports/VM176-STAGE5-CODEXA-ONECAT-QWEN38-SUPPORT-ADOPTION-2026-09-28.md,ARCHIVE_ONLY,"Preserve immutable TaskContract, report, review/control evidence chain in control-plane archive; retain source commit and blob identity."
suncaifeng/comfyui-minimax-h3,refs/heads/codex/onecat-qwen38-gguf-loader-patch,26af29a8672112f2b780a1deab3ea1bf7c4d1570,refs/heads/codex/onecat-qwen38-gguf-loader-patch,reports/VM176-STAGE5-CODEXA-ONECAT-SM70-FLASHQLA-VLK-PREFILL-BENCH-READY-2026-09-30.md,a9b10d9b8f4ebdf1b017fca9557435a17a1ecc7a,suncaifeng/DevSopByAi,archive/comfyui-minimax-h3/reports/VM176-STAGE5-CODEXA-ONECAT-SM70-FLASHQLA-VLK-PREFILL-BENCH-READY-2026-09-30.md,ARCHIVE_ONLY,"Preserve immutable TaskContract, report, review/control evidence chain in control-plane archive; retain source commit and blob identity."
suncaifeng/comfyui-minimax-h3,refs/heads/codex/onecat-native-v150-preflight,bd78b9c1f494af95108a0220a523a980e0b9b9a9,refs/heads/codex/onecat-native-v150-preflight,reports/VM176-STAGE5-CODEXB-ONECAT-NATIVE-V150-SM70-PREFLIGHT-2026-09-30.md,462f99775431fcca23a0bda1ba5badad7183519c,suncaifeng/DevSopByAi,archive/comfyui-minimax-h3/reports/VM176-STAGE5-CODEXB-ONECAT-NATIVE-V150-SM70-PREFLIGHT-2026-09-30.md,ARCHIVE_ONLY,"Preserve immutable TaskContract, report, review/control evidence chain in control-plane archive; retain source commit and blob identity."
suncaifeng/comfyui-minimax-h3,refs/heads/codex/h3-ltx-director-console-v2-corrective-delta-01,3968742392a8967325c4a9a2c3f6c81776e00c02,refs/heads/codex/h3-ltx-director-console-v2-corrective-delta-01;refs/heads/codex/h3-ltx-director-console-v2-holiday-codeb;refs/heads/codex/h3storyboard-director-console-v2-holiday-codeb;refs/heads/codex/holiday-onecat-native-benchmark-campaign;refs/heads/codex/holiday-relay-supervisor-codec;refs/heads/codex/onecat-native-v150-awq-vlk-quality-c64-corrective-delta;refs/heads/codex/onecat-native-v150-awq-vlk-quality-c64-delta;refs/heads/codex/onecat-native-v150-awq-vlk-recovery;refs/heads/codex/onecat-native-v150-c64-canonical-readiness;refs/heads/codex/task2.1-offline-harness;refs/heads/codex/task2.2-canonical-benchmark-input-freeze;refs/heads/codex/task2.3-kvmem-harness-sync;refs/heads/codex/task2.4-prebenchmark-offline-readiness;refs/heads/codex/three-runtime-c64-canonical-transport-remediation;refs/heads/codex/three-runtime-c64-cross-runtime-calibration;refs/heads/codex/three-runtime-c64-quality-gate-policy-corrective-delta;refs/heads/codex/three-runtime-c64-quality-gate-policy-freeze;refs/heads/control/holiday-codea-to-codeb-relay,reports/VM176-STAGE5-CODEXB-TASK2.1-CLOSURE-MERGE-READINESS-2026-09-28.md,43f524250a40172c0301889eb2718e181d69830a,suncaifeng/DevSopByAi,archive/comfyui-minimax-h3/reports/VM176-STAGE5-CODEXB-TASK2.1-CLOSURE-MERGE-READINESS-2026-09-28.md,ARCHIVE_ONLY,"Preserve immutable TaskContract, report, review/control evidence chain in control-plane archive; retain source commit and blob identity."
suncaifeng/comfyui-minimax-h3,refs/heads/codex/h3-ltx-director-console-v2-corrective-delta-01,3968742392a8967325c4a9a2c3f6c81776e00c02,refs/heads/codex/h3-ltx-director-console-v2-corrective-delta-01;refs/heads/codex/h3-ltx-director-console-v2-holiday-codeb;refs/heads/codex/h3storyboard-director-console-v2-holiday-codeb;refs/heads/codex/holiday-onecat-native-benchmark-campaign;refs/heads/codex/holiday-relay-supervisor-codec;refs/heads/codex/onecat-native-v150-awq-vlk-quality-c64-corrective-delta;refs/heads/codex/onecat-native-v150-awq-vlk-quality-c64-delta;refs/heads/codex/onecat-native-v150-awq-vlk-recovery;refs/heads/codex/onecat-native-v150-c64-canonical-readiness;refs/heads/codex/task2.1-offline-harness;refs/heads/codex/task2.2-canonical-benchmark-input-freeze;refs/heads/codex/task2.3-kvmem-harness-sync;refs/heads/codex/task2.4-prebenchmark-offline-readiness;refs/heads/codex/three-runtime-c64-canonical-transport-remediation;refs/heads/codex/three-runtime-c64-cross-runtime-calibration;refs/heads/codex/three-runtime-c64-quality-gate-policy-corrective-delta;refs/heads/codex/three-runtime-c64-quality-gate-policy-freeze;refs/heads/control/holiday-codea-to-codeb-relay,reports/VM176-STAGE5-CODEXB-TASK2.1-MATRIX-SEMANTICS-EVIDENCE-FINAL-CORRECTION-2026-09-28.md,dbc199f4777ac77b7a33f1ffb77a37fb590e0a7e,suncaifeng/DevSopByAi,archive/comfyui-minimax-h3/reports/VM176-STAGE5-CODEXB-TASK2.1-MATRIX-SEMANTICS-EVIDENCE-FINAL-CORRECTION-2026-09-28.md,ARCHIVE_ONLY,"Preserve immutable TaskContract, report, review/control evidence chain in control-plane archive; retain source commit and blob identity."
suncaifeng/comfyui-minimax-h3,refs/heads/codex/h3-ltx-director-console-v2-corrective-delta-01,3968742392a8967325c4a9a2c3f6c81776e00c02,refs/heads/codex/h3-ltx-director-console-v2-corrective-delta-01;refs/heads/codex/h3-ltx-director-console-v2-holiday-codeb;refs/heads/codex/h3storyboard-director-console-v2-holiday-codeb;refs/heads/codex/holiday-onecat-native-benchmark-campaign;refs/heads/codex/holiday-relay-supervisor-codec;refs/heads/codex/onecat-native-v150-awq-vlk-quality-c64-corrective-delta;refs/heads/codex/onecat-native-v150-awq-vlk-quality-c64-delta;refs/heads/codex/onecat-native-v150-awq-vlk-recovery;refs/heads/codex/onecat-native-v150-c64-canonical-readiness;refs/heads/codex/task2.1-offline-harness;refs/heads/codex/task2.2-canonical-benchmark-input-freeze;refs/heads/codex/task2.3-kvmem-harness-sync;refs/heads/codex/task2.4-prebenchmark-offline-readiness;refs/heads/codex/three-runtime-c64-canonical-transport-remediation;refs/heads/codex/three-runtime-c64-cross-runtime-calibration;refs/heads/codex/three-runtime-c64-quality-gate-policy-corrective-delta;refs/heads/codex/three-runtime-c64-quality-gate-policy-freeze;refs/heads/control/holiday-codea-to-codeb-relay,reports/VM176-STAGE5-CODEXB-TASK2.1-OFFLINE-HARNESS-FINAL-COMPLETION-2026-09-28.md,f85bd0f04771921ca9d00bbcb0e340b8e52fe0f9,suncaifeng/DevSopByAi,archive/comfyui-minimax-h3/reports/VM176-STAGE5-CODEXB-TASK2.1-OFFLINE-HARNESS-FINAL-COMPLETION-2026-09-28.md,ARCHIVE_ONLY,"Preserve immutable TaskContract, report, review/control evidence chain in control-plane archive; retain source commit and blob identity."
suncaifeng/comfyui-minimax-h3,refs/heads/codex/h3-ltx-director-console-v2-corrective-delta-01,3968742392a8967325c4a9a2c3f6c81776e00c02,refs/heads/codex/h3-ltx-director-console-v2-corrective-delta-01;refs/heads/codex/h3-ltx-director-console-v2-holiday-codeb;refs/heads/codex/h3storyboard-director-console-v2-holiday-codeb;refs/heads/codex/holiday-onecat-native-benchmark-campaign;refs/heads/codex/holiday-relay-supervisor-codec;refs/heads/codex/onecat-native-v150-awq-vlk-quality-c64-corrective-delta;refs/heads/codex/onecat-native-v150-awq-vlk-quality-c64-delta;refs/heads/codex/onecat-native-v150-awq-vlk-recovery;refs/heads/codex/onecat-native-v150-c64-canonical-readiness;refs/heads/codex/task2.2-canonical-benchmark-input-freeze;refs/heads/codex/task2.3-kvmem-harness-sync;refs/heads/codex/task2.4-prebenchmark-offline-readiness;refs/heads/codex/three-runtime-c64-canonical-transport-remediation;refs/heads/codex/three-runtime-c64-cross-runtime-calibration;refs/heads/codex/three-runtime-c64-quality-gate-policy-corrective-delta;refs/heads/codex/three-runtime-c64-quality-gate-policy-freeze;refs/heads/control/holiday-codea-to-codeb-relay,reports/VM176-STAGE5-CODEXB-TASK2.2-CANONICAL-BENCHMARK-INPUT-FREEZE-2026-09-28.md,a740305562a610150941959c16cc6cdc3e6ac293,suncaifeng/DevSopByAi,archive/comfyui-minimax-h3/reports/VM176-STAGE5-CODEXB-TASK2.2-CANONICAL-BENCHMARK-INPUT-FREEZE-2026-09-28.md,ARCHIVE_ONLY,"Preserve immutable TaskContract, report, review/control evidence chain in control-plane archive; retain source commit and blob identity."
suncaifeng/comfyui-minimax-h3,refs/heads/codex/h3-ltx-director-console-v2-corrective-delta-01,3968742392a8967325c4a9a2c3f6c81776e00c02,refs/heads/codex/h3-ltx-director-console-v2-corrective-delta-01;refs/heads/codex/h3-ltx-director-console-v2-holiday-codeb;refs/heads/codex/h3storyboard-director-console-v2-holiday-codeb;refs/heads/codex/holiday-onecat-native-benchmark-campaign;refs/heads/codex/holiday-relay-supervisor-codec;refs/heads/codex/onecat-native-v150-awq-vlk-quality-c64-corrective-delta;refs/heads/codex/onecat-native-v150-awq-vlk-quality-c64-delta;refs/heads/codex/onecat-native-v150-awq-vlk-recovery;refs/heads/codex/onecat-native-v150-c64-canonical-readiness;refs/heads/codex/task2.3-kvmem-harness-sync;refs/heads/codex/task2.4-prebenchmark-offline-readiness;refs/heads/codex/three-runtime-c64-canonical-transport-remediation;refs/heads/codex/three-runtime-c64-cross-runtime-calibration;refs/heads/codex/three-runtime-c64-quality-gate-policy-corrective-delta;refs/heads/codex/three-runtime-c64-quality-gate-policy-freeze;refs/heads/control/holiday-codea-to-codeb-relay,reports/VM176-STAGE5-CODEXB-TASK2.3-KVMEM-HARNESS-SYNCHRONIZATION-2026-09-29.md,ed5390946bd8e988057bce2381a049f4ee575000,suncaifeng/DevSopByAi,archive/comfyui-minimax-h3/reports/VM176-STAGE5-CODEXB-TASK2.3-KVMEM-HARNESS-SYNCHRONIZATION-2026-09-29.md,ARCHIVE_ONLY,"Preserve immutable TaskContract, report, review/control evidence chain in control-plane archive; retain source commit and blob identity."
suncaifeng/comfyui-minimax-h3,refs/heads/codex/h3-ltx-director-console-v2-corrective-delta-01,3968742392a8967325c4a9a2c3f6c81776e00c02,refs/heads/codex/h3-ltx-director-console-v2-corrective-delta-01;refs/heads/codex/h3-ltx-director-console-v2-holiday-codeb;refs/heads/codex/h3storyboard-director-console-v2-holiday-codeb;refs/heads/codex/holiday-onecat-native-benchmark-campaign;refs/heads/codex/holiday-relay-supervisor-codec;refs/heads/codex/onecat-native-v150-awq-vlk-quality-c64-corrective-delta;refs/heads/codex/onecat-native-v150-awq-vlk-quality-c64-delta;refs/heads/codex/onecat-native-v150-awq-vlk-recovery;refs/heads/codex/onecat-native-v150-c64-canonical-readiness;refs/heads/codex/task2.3-kvmem-harness-sync;refs/heads/codex/task2.4-prebenchmark-offline-readiness;refs/heads/codex/three-runtime-c64-canonical-transport-remediation;refs/heads/codex/three-runtime-c64-cross-runtime-calibration;refs/heads/codex/three-runtime-c64-quality-gate-policy-corrective-delta;refs/heads/codex/three-runtime-c64-quality-gate-policy-freeze;refs/heads/control/holiday-codea-to-codeb-relay,reports/VM176-STAGE5-CODEXB-TASK2.3-KVMEM-MATRIX-PREREQUISITE-IDENTITY-CORRECTION-2026-09-29.md,2d0d64b4cd41d445a9d46eed5a313277afd9bbd2,suncaifeng/DevSopByAi,archive/comfyui-minimax-h3/reports/VM176-STAGE5-CODEXB-TASK2.3-KVMEM-MATRIX-PREREQUISITE-IDENTITY-CORRECTION-2026-09-29.md,ARCHIVE_ONLY,"Preserve immutable TaskContract, report, review/control evidence chain in control-plane archive; retain source commit and blob identity."
suncaifeng/comfyui-minimax-h3,refs/heads/codex/h3-ltx-director-console-v2-corrective-delta-01,3968742392a8967325c4a9a2c3f6c81776e00c02,refs/heads/codex/h3-ltx-director-console-v2-corrective-delta-01;refs/heads/codex/h3-ltx-director-console-v2-holiday-codeb;refs/heads/codex/h3storyboard-director-console-v2-holiday-codeb;refs/heads/codex/holiday-onecat-native-benchmark-campaign;refs/heads/codex/holiday-relay-supervisor-codec;refs/heads/codex/onecat-native-v150-awq-vlk-quality-c64-corrective-delta;refs/heads/codex/onecat-native-v150-awq-vlk-quality-c64-delta;refs/heads/codex/onecat-native-v150-awq-vlk-recovery;refs/heads/codex/onecat-native-v150-c64-canonical-readiness;refs/heads/codex/task2.4-prebenchmark-offline-readiness;refs/heads/codex/three-runtime-c64-canonical-transport-remediation;refs/heads/codex/three-runtime-c64-cross-runtime-calibration;refs/heads/codex/three-runtime-c64-quality-gate-policy-corrective-delta;refs/heads/codex/three-runtime-c64-quality-gate-policy-freeze;refs/heads/control/holiday-codea-to-codeb-relay,reports/VM176-STAGE5-CODEXB-TASK2.4-PREBENCH-OFFLINE-READINESS-LAUNCH-BUNDLE-2026-09-29.md,a63c3eed33f53d030496b370b49c830fa1e38e97,suncaifeng/DevSopByAi,archive/comfyui-minimax-h3/reports/VM176-STAGE5-CODEXB-TASK2.4-PREBENCH-OFFLINE-READINESS-LAUNCH-BUNDLE-2026-09-29.md,ARCHIVE_ONLY,"Preserve immutable TaskContract, report, review/control evidence chain in control-plane archive; retain source commit and blob identity."
suncaifeng/comfyui-minimax-h3,refs/heads/main,644d7ff2a7a00e04db94ab347a85ed61488d5a76,refs/heads/codex/codexc-model-asset-acquisition-publish;refs/heads/codex/codexc-pinkcherry-ltx23-q6kv-refresh;refs/heads/codex/h3-ltx-director-console-v2-corrective-delta-01;refs/heads/codex/h3-ltx-director-console-v2-holiday-codeb;refs/heads/codex/h3storyboard-director-console-v2-holiday-codeb;refs/heads/codex/holiday-onecat-native-benchmark-campaign;refs/heads/codex/holiday-relay-supervisor-codec;refs/heads/codex/onecat-native-v150-awq-vlk-quality-c64-corrective-delta;refs/heads/codex/onecat-native-v150-awq-vlk-quality-c64-delta;refs/heads/codex/onecat-native-v150-awq-vlk-recovery;refs/heads/codex/onecat-native-v150-c64-canonical-readiness;refs/heads/codex/onecat-native-v150-preflight;refs/heads/codex/onecat-qwen38-gguf-loader-patch;refs/heads/codex/task2.1-offline-harness;refs/heads/codex/task2.2-canonical-benchmark-input-freeze;refs/heads/codex/task2.3-kvmem-harness-sync;refs/heads/codex/task2.4-prebenchmark-offline-readiness;refs/heads/codex/three-runtime-c64-canonical-transport-remediation;refs/heads/codex/three-runtime-c64-cross-runtime-calibration;refs/heads/codex/three-runtime-c64-quality-gate-policy-corrective-delta;refs/heads/codex/three-runtime-c64-quality-gate-policy-freeze;refs/heads/codex/vm176-v100-power-hbm-thermal-characterization;refs/heads/control/holiday-codea-to-codeb-relay;refs/heads/main,reports/VM176-STAGE5-CUDA128-HOST-COMPATIBILITY-RESOLUTION-2026-09-24.md,a9ee86fc8344b550be226386652140c132e9b166,suncaifeng/DevSopByAi,archive/comfyui-minimax-h3/reports/VM176-STAGE5-CUDA128-HOST-COMPATIBILITY-RESOLUTION-2026-09-24.md,ARCHIVE_ONLY,"Preserve immutable TaskContract, report, review/control evidence chain in control-plane archive; retain source commit and blob identity."
suncaifeng/comfyui-minimax-h3,refs/heads/main,644d7ff2a7a00e04db94ab347a85ed61488d5a76,refs/heads/codex/codexc-model-asset-acquisition-publish;refs/heads/codex/codexc-pinkcherry-ltx23-q6kv-refresh;refs/heads/codex/h3-ltx-director-console-v2-corrective-delta-01;refs/heads/codex/h3-ltx-director-console-v2-holiday-codeb;refs/heads/codex/h3storyboard-director-console-v2-holiday-codeb;refs/heads/codex/holiday-onecat-native-benchmark-campaign;refs/heads/codex/holiday-relay-supervisor-codec;refs/heads/codex/onecat-native-v150-awq-vlk-quality-c64-corrective-delta;refs/heads/codex/onecat-native-v150-awq-vlk-quality-c64-delta;refs/heads/codex/onecat-native-v150-awq-vlk-recovery;refs/heads/codex/onecat-native-v150-c64-canonical-readiness;refs/heads/codex/onecat-native-v150-preflight;refs/heads/codex/onecat-qwen38-gguf-loader-patch;refs/heads/codex/task2.1-offline-harness;refs/heads/codex/task2.2-canonical-benchmark-input-freeze;refs/heads/codex/task2.3-kvmem-harness-sync;refs/heads/codex/task2.4-prebenchmark-offline-readiness;refs/heads/codex/three-runtime-c64-canonical-transport-remediation;refs/heads/codex/three-runtime-c64-cross-runtime-calibration;refs/heads/codex/three-runtime-c64-quality-gate-policy-corrective-delta;refs/heads/codex/three-runtime-c64-quality-gate-policy-freeze;refs/heads/codex/vm176-v100-power-hbm-thermal-characterization;refs/heads/control/holiday-codea-to-codeb-relay;refs/heads/main,reports/VM176-STAGE5-CUDA128-SHARED-FOUNDATION-EXECUTION-2026-09-23.md,668fd70bc32423d432ce2436e8d803b537794c7c,suncaifeng/DevSopByAi,archive/comfyui-minimax-h3/reports/VM176-STAGE5-CUDA128-SHARED-FOUNDATION-EXECUTION-2026-09-23.md,ARCHIVE_ONLY,"Preserve immutable TaskContract, report, review/control evidence chain in control-plane archive; retain source commit and blob identity."
suncaifeng/comfyui-minimax-h3,refs/heads/main,644d7ff2a7a00e04db94ab347a85ed61488d5a76,refs/heads/codex/codexc-model-asset-acquisition-publish;refs/heads/codex/codexc-pinkcherry-ltx23-q6kv-refresh;refs/heads/codex/h3-ltx-director-console-v2-corrective-delta-01;refs/heads/codex/h3-ltx-director-console-v2-holiday-codeb;refs/heads/codex/h3storyboard-director-console-v2-holiday-codeb;refs/heads/codex/holiday-onecat-native-benchmark-campaign;refs/heads/codex/holiday-relay-supervisor-codec;refs/heads/codex/onecat-native-v150-awq-vlk-quality-c64-corrective-delta;refs/heads/codex/onecat-native-v150-awq-vlk-quality-c64-delta;refs/heads/codex/onecat-native-v150-awq-vlk-recovery;refs/heads/codex/onecat-native-v150-c64-canonical-readiness;refs/heads/codex/onecat-native-v150-preflight;refs/heads/codex/onecat-qwen38-gguf-loader-patch;refs/heads/codex/task2.1-offline-harness;refs/heads/codex/task2.2-canonical-benchmark-input-freeze;refs/heads/codex/task2.3-kvmem-harness-sync;refs/heads/codex/task2.4-prebenchmark-offline-readiness;refs/heads/codex/three-runtime-c64-canonical-transport-remediation;refs/heads/codex/three-runtime-c64-cross-runtime-calibration;refs/heads/codex/three-runtime-c64-quality-gate-policy-corrective-delta;refs/heads/codex/three-runtime-c64-quality-gate-policy-freeze;refs/heads/codex/vm176-v100-power-hbm-thermal-characterization;refs/heads/control/holiday-codea-to-codeb-relay;refs/heads/main,reports/VM176-STAGE5-LLAMA-SM70-BUILD-2026-09-23.md,a33a0d54ea829c81cbbab23822c5bb62953e8ec8,suncaifeng/DevSopByAi,archive/comfyui-minimax-h3/reports/VM176-STAGE5-LLAMA-SM70-BUILD-2026-09-23.md,ARCHIVE_ONLY,"Preserve immutable TaskContract, report, review/control evidence chain in control-plane archive; retain source commit and blob identity."
suncaifeng/comfyui-minimax-h3,refs/heads/main,644d7ff2a7a00e04db94ab347a85ed61488d5a76,refs/heads/codex/codexc-model-asset-acquisition-publish;refs/heads/codex/codexc-pinkcherry-ltx23-q6kv-refresh;refs/heads/codex/h3-ltx-director-console-v2-corrective-delta-01;refs/heads/codex/h3-ltx-director-console-v2-holiday-codeb;refs/heads/codex/h3storyboard-director-console-v2-holiday-codeb;refs/heads/codex/holiday-onecat-native-benchmark-campaign;refs/heads/codex/holiday-relay-supervisor-codec;refs/heads/codex/onecat-native-v150-awq-vlk-quality-c64-corrective-delta;refs/heads/codex/onecat-native-v150-awq-vlk-quality-c64-delta;refs/heads/codex/onecat-native-v150-awq-vlk-recovery;refs/heads/codex/onecat-native-v150-c64-canonical-readiness;refs/heads/codex/onecat-native-v150-preflight;refs/heads/codex/onecat-qwen38-gguf-loader-patch;refs/heads/codex/task2.1-offline-harness;refs/heads/codex/task2.2-canonical-benchmark-input-freeze;refs/heads/codex/task2.3-kvmem-harness-sync;refs/heads/codex/task2.4-prebenchmark-offline-readiness;refs/heads/codex/three-runtime-c64-canonical-transport-remediation;refs/heads/codex/three-runtime-c64-cross-runtime-calibration;refs/heads/codex/three-runtime-c64-quality-gate-policy-corrective-delta;refs/heads/codex/three-runtime-c64-quality-gate-policy-freeze;refs/heads/codex/vm176-v100-power-hbm-thermal-characterization;refs/heads/control/holiday-codea-to-codeb-relay;refs/heads/main,reports/VM176-STAGE5-LLAMA-SOURCE-SUPPORT-RESOLUTION-2026-09-23.md,fb9356c4e01e8ff32bdb6ff78a9027ca679432da,suncaifeng/DevSopByAi,archive/comfyui-minimax-h3/reports/VM176-STAGE5-LLAMA-SOURCE-SUPPORT-RESOLUTION-2026-09-23.md,ARCHIVE_ONLY,"Preserve immutable TaskContract, report, review/control evidence chain in control-plane archive; retain source commit and blob identity."
suncaifeng/comfyui-minimax-h3,refs/heads/main,644d7ff2a7a00e04db94ab347a85ed61488d5a76,refs/heads/codex/codexc-model-asset-acquisition-publish;refs/heads/codex/codexc-pinkcherry-ltx23-q6kv-refresh;refs/heads/codex/h3-ltx-director-console-v2-corrective-delta-01;refs/heads/codex/h3-ltx-director-console-v2-holiday-codeb;refs/heads/codex/h3storyboard-director-console-v2-holiday-codeb;refs/heads/codex/holiday-onecat-native-benchmark-campaign;refs/heads/codex/holiday-relay-supervisor-codec;refs/heads/codex/onecat-native-v150-awq-vlk-quality-c64-corrective-delta;refs/heads/codex/onecat-native-v150-awq-vlk-quality-c64-delta;refs/heads/codex/onecat-native-v150-awq-vlk-recovery;refs/heads/codex/onecat-native-v150-c64-canonical-readiness;refs/heads/codex/onecat-native-v150-preflight;refs/heads/codex/onecat-qwen38-gguf-loader-patch;refs/heads/codex/task2.1-offline-harness;refs/heads/codex/task2.2-canonical-benchmark-input-freeze;refs/heads/codex/task2.3-kvmem-harness-sync;refs/heads/codex/task2.4-prebenchmark-offline-readiness;refs/heads/codex/three-runtime-c64-canonical-transport-remediation;refs/heads/codex/three-runtime-c64-cross-runtime-calibration;refs/heads/codex/three-runtime-c64-quality-gate-policy-corrective-delta;refs/heads/codex/three-runtime-c64-quality-gate-policy-freeze;refs/heads/codex/vm176-v100-power-hbm-thermal-characterization;refs/heads/control/holiday-codea-to-codeb-relay;refs/heads/main,reports/VM176-STAGE5-NINFER-ARTIFACT-MATERIALIZATION-RESOLUTION-2026-09-23.md,01cd5387b1bfa9dac11a78c9661f3725ced4f379,suncaifeng/DevSopByAi,archive/comfyui-minimax-h3/reports/VM176-STAGE5-NINFER-ARTIFACT-MATERIALIZATION-RESOLUTION-2026-09-23.md,ARCHIVE_ONLY,"Preserve immutable TaskContract, report, review/control evidence chain in control-plane archive; retain source commit and blob identity."
suncaifeng/comfyui-minimax-h3,refs/heads/main,644d7ff2a7a00e04db94ab347a85ed61488d5a76,refs/heads/codex/codexc-model-asset-acquisition-publish;refs/heads/codex/codexc-pinkcherry-ltx23-q6kv-refresh;refs/heads/codex/h3-ltx-director-console-v2-corrective-delta-01;refs/heads/codex/h3-ltx-director-console-v2-holiday-codeb;refs/heads/codex/h3storyboard-director-console-v2-holiday-codeb;refs/heads/codex/holiday-onecat-native-benchmark-campaign;refs/heads/codex/holiday-relay-supervisor-codec;refs/heads/codex/onecat-native-v150-awq-vlk-quality-c64-corrective-delta;refs/heads/codex/onecat-native-v150-awq-vlk-quality-c64-delta;refs/heads/codex/onecat-native-v150-awq-vlk-recovery;refs/heads/codex/onecat-native-v150-c64-canonical-readiness;refs/heads/codex/onecat-native-v150-preflight;refs/heads/codex/onecat-qwen38-gguf-loader-patch;refs/heads/codex/task2.1-offline-harness;refs/heads/codex/task2.2-canonical-benchmark-input-freeze;refs/heads/codex/task2.3-kvmem-harness-sync;refs/heads/codex/task2.4-prebenchmark-offline-readiness;refs/heads/codex/three-runtime-c64-canonical-transport-remediation;refs/heads/codex/three-runtime-c64-cross-runtime-calibration;refs/heads/codex/three-runtime-c64-quality-gate-policy-corrective-delta;refs/heads/codex/three-runtime-c64-quality-gate-policy-freeze;refs/heads/codex/vm176-v100-power-hbm-thermal-characterization;refs/heads/control/holiday-codea-to-codeb-relay;refs/heads/main,reports/VM176-STAGE5-ONECAT-ISOLATED-ENV-BRINGUP-2026-09-23.md,15e85bbd19b0280112ec7615c8cc39736fabf949,suncaifeng/DevSopByAi,archive/comfyui-minimax-h3/reports/VM176-STAGE5-ONECAT-ISOLATED-ENV-BRINGUP-2026-09-23.md,ARCHIVE_ONLY,"Preserve immutable TaskContract, report, review/control evidence chain in control-plane archive; retain source commit and blob identity."
suncaifeng/comfyui-minimax-h3,refs/heads/main,644d7ff2a7a00e04db94ab347a85ed61488d5a76,refs/heads/codex/codexc-model-asset-acquisition-publish;refs/heads/codex/codexc-pinkcherry-ltx23-q6kv-refresh;refs/heads/codex/h3-ltx-director-console-v2-corrective-delta-01;refs/heads/codex/h3-ltx-director-console-v2-holiday-codeb;refs/heads/codex/h3storyboard-director-console-v2-holiday-codeb;refs/heads/codex/holiday-onecat-native-benchmark-campaign;refs/heads/codex/holiday-relay-supervisor-codec;refs/heads/codex/onecat-native-v150-awq-vlk-quality-c64-corrective-delta;refs/heads/codex/onecat-native-v150-awq-vlk-quality-c64-delta;refs/heads/codex/onecat-native-v150-awq-vlk-recovery;refs/heads/codex/onecat-native-v150-c64-canonical-readiness;refs/heads/codex/onecat-native-v150-preflight;refs/heads/codex/onecat-qwen38-gguf-loader-patch;refs/heads/codex/task2.1-offline-harness;refs/heads/codex/task2.2-canonical-benchmark-input-freeze;refs/heads/codex/task2.3-kvmem-harness-sync;refs/heads/codex/task2.4-prebenchmark-offline-readiness;refs/heads/codex/three-runtime-c64-canonical-transport-remediation;refs/heads/codex/three-runtime-c64-cross-runtime-calibration;refs/heads/codex/three-runtime-c64-quality-gate-policy-corrective-delta;refs/heads/codex/three-runtime-c64-quality-gate-policy-freeze;refs/heads/codex/vm176-v100-power-hbm-thermal-characterization;refs/heads/control/holiday-codea-to-codeb-relay;refs/heads/main,reports/VM176-STAGE5-QWEN38-BF16-GGUF-CONVERSION-2026-09-23.md,4ae79082d719a3b29fc02c4c921ecdfb98b5bf2b,suncaifeng/DevSopByAi,archive/comfyui-minimax-h3/reports/VM176-STAGE5-QWEN38-BF16-GGUF-CONVERSION-2026-09-23.md,ARCHIVE_ONLY,"Preserve immutable TaskContract, report, review/control evidence chain in control-plane archive; retain source commit and blob identity."
suncaifeng/comfyui-minimax-h3,refs/heads/main,644d7ff2a7a00e04db94ab347a85ed61488d5a76,refs/heads/codex/codexc-model-asset-acquisition-publish;refs/heads/codex/codexc-pinkcherry-ltx23-q6kv-refresh;refs/heads/codex/h3-ltx-director-console-v2-corrective-delta-01;refs/heads/codex/h3-ltx-director-console-v2-holiday-codeb;refs/heads/codex/h3storyboard-director-console-v2-holiday-codeb;refs/heads/codex/holiday-onecat-native-benchmark-campaign;refs/heads/codex/holiday-relay-supervisor-codec;refs/heads/codex/onecat-native-v150-awq-vlk-quality-c64-corrective-delta;refs/heads/codex/onecat-native-v150-awq-vlk-quality-c64-delta;refs/heads/codex/onecat-native-v150-awq-vlk-recovery;refs/heads/codex/onecat-native-v150-c64-canonical-readiness;refs/heads/codex/onecat-native-v150-preflight;refs/heads/codex/onecat-qwen38-gguf-loader-patch;refs/heads/codex/task2.1-offline-harness;refs/heads/codex/task2.2-canonical-benchmark-input-freeze;refs/heads/codex/task2.3-kvmem-harness-sync;refs/heads/codex/task2.4-prebenchmark-offline-readiness;refs/heads/codex/three-runtime-c64-canonical-transport-remediation;refs/heads/codex/three-runtime-c64-cross-runtime-calibration;refs/heads/codex/three-runtime-c64-quality-gate-policy-corrective-delta;refs/heads/codex/three-runtime-c64-quality-gate-policy-freeze;refs/heads/codex/vm176-v100-power-hbm-thermal-characterization;refs/heads/control/holiday-codea-to-codeb-relay;refs/heads/main,reports/VM176-STAGE5-QWEN38-IQ4_XS-QUANTIZATION-2026-09-23.md,d37cf14886371d42fcf60d3403fdd3e184cd70a8,suncaifeng/DevSopByAi,archive/comfyui-minimax-h3/reports/VM176-STAGE5-QWEN38-IQ4_XS-QUANTIZATION-2026-09-23.md,ARCHIVE_ONLY,"Preserve immutable TaskContract, report, review/control evidence chain in control-plane archive; retain source commit and blob identity."
suncaifeng/comfyui-minimax-h3,refs/heads/main,644d7ff2a7a00e04db94ab347a85ed61488d5a76,refs/heads/codex/codexc-model-asset-acquisition-publish;refs/heads/codex/codexc-pinkcherry-ltx23-q6kv-refresh;refs/heads/codex/onecat-native-v150-preflight;refs/heads/codex/onecat-qwen38-gguf-loader-patch;refs/heads/codex/vm176-v100-power-hbm-thermal-characterization;refs/heads/main,reports/VM176-STAGE5-QWEN38-THREE-RUNTIME-BENCH-READY-PRECONDITIONS-2026-09-25.md,2764bc699a086ac018f76955c98facbe28811460,suncaifeng/DevSopByAi,archive/comfyui-minimax-h3/reports/VM176-STAGE5-QWEN38-THREE-RUNTIME-BENCH-READY-PRECONDITIONS-2026-09-25.md,ARCHIVE_ONLY,"Preserve immutable TaskContract, report, review/control evidence chain in control-plane archive; retain source commit and blob identity."
suncaifeng/comfyui-minimax-h3,refs/heads/main,644d7ff2a7a00e04db94ab347a85ed61488d5a76,refs/heads/codex/codexc-model-asset-acquisition-publish;refs/heads/codex/codexc-pinkcherry-ltx23-q6kv-refresh;refs/heads/codex/h3-ltx-director-console-v2-corrective-delta-01;refs/heads/codex/h3-ltx-director-console-v2-holiday-codeb;refs/heads/codex/h3storyboard-director-console-v2-holiday-codeb;refs/heads/codex/holiday-onecat-native-benchmark-campaign;refs/heads/codex/holiday-relay-supervisor-codec;refs/heads/codex/onecat-native-v150-awq-vlk-quality-c64-corrective-delta;refs/heads/codex/onecat-native-v150-awq-vlk-quality-c64-delta;refs/heads/codex/onecat-native-v150-awq-vlk-recovery;refs/heads/codex/onecat-native-v150-c64-canonical-readiness;refs/heads/codex/onecat-native-v150-preflight;refs/heads/codex/onecat-qwen38-gguf-loader-patch;refs/heads/codex/task2.1-offline-harness;refs/heads/codex/task2.2-canonical-benchmark-input-freeze;refs/heads/codex/task2.3-kvmem-harness-sync;refs/heads/codex/task2.4-prebenchmark-offline-readiness;refs/heads/codex/three-runtime-c64-canonical-transport-remediation;refs/heads/codex/three-runtime-c64-cross-runtime-calibration;refs/heads/codex/three-runtime-c64-quality-gate-policy-corrective-delta;refs/heads/codex/three-runtime-c64-quality-gate-policy-freeze;refs/heads/codex/vm176-v100-power-hbm-thermal-characterization;refs/heads/control/holiday-codea-to-codeb-relay;refs/heads/main,reports/VM176-STAGE5-R580-DEBIAN-PRE-INSTALL-GUARD-RESOLUTION-2026-09-23.md,52becfe3f7a228b4cbb688270cf7fca90b7b17d5,suncaifeng/DevSopByAi,archive/comfyui-minimax-h3/reports/VM176-STAGE5-R580-DEBIAN-PRE-INSTALL-GUARD-RESOLUTION-2026-09-23.md,ARCHIVE_ONLY,"Preserve immutable TaskContract, report, review/control evidence chain in control-plane archive; retain source commit and blob identity."
suncaifeng/comfyui-minimax-h3,refs/heads/main,644d7ff2a7a00e04db94ab347a85ed61488d5a76,refs/heads/codex/codexc-model-asset-acquisition-publish;refs/heads/codex/codexc-pinkcherry-ltx23-q6kv-refresh;refs/heads/codex/h3-ltx-director-console-v2-corrective-delta-01;refs/heads/codex/h3-ltx-director-console-v2-holiday-codeb;refs/heads/codex/h3storyboard-director-console-v2-holiday-codeb;refs/heads/codex/holiday-onecat-native-benchmark-campaign;refs/heads/codex/holiday-relay-supervisor-codec;refs/heads/codex/onecat-native-v150-awq-vlk-quality-c64-corrective-delta;refs/heads/codex/onecat-native-v150-awq-vlk-quality-c64-delta;refs/heads/codex/onecat-native-v150-awq-vlk-recovery;refs/heads/codex/onecat-native-v150-c64-canonical-readiness;refs/heads/codex/onecat-native-v150-preflight;refs/heads/codex/onecat-qwen38-gguf-loader-patch;refs/heads/codex/task2.1-offline-harness;refs/heads/codex/task2.2-canonical-benchmark-input-freeze;refs/heads/codex/task2.3-kvmem-harness-sync;refs/heads/codex/task2.4-prebenchmark-offline-readiness;refs/heads/codex/three-runtime-c64-canonical-transport-remediation;refs/heads/codex/three-runtime-c64-cross-runtime-calibration;refs/heads/codex/three-runtime-c64-quality-gate-policy-corrective-delta;refs/heads/codex/three-runtime-c64-quality-gate-policy-freeze;refs/heads/codex/vm176-v100-power-hbm-thermal-characterization;refs/heads/control/holiday-codea-to-codeb-relay;refs/heads/main,reports/VM176-STAGE5-R580-DRIVER-MAINTENANCE-2026-09-23.md,0ea684dba446e80088c5d8a32c9923df069864af,suncaifeng/DevSopByAi,archive/comfyui-minimax-h3/reports/VM176-STAGE5-R580-DRIVER-MAINTENANCE-2026-09-23.md,ARCHIVE_ONLY,"Preserve immutable TaskContract, report, review/control evidence chain in control-plane archive; retain source commit and blob identity."
suncaifeng/comfyui-minimax-h3,refs/heads/main,644d7ff2a7a00e04db94ab347a85ed61488d5a76,refs/heads/codex/codexc-model-asset-acquisition-publish;refs/heads/codex/codexc-pinkcherry-ltx23-q6kv-refresh;refs/heads/codex/h3-ltx-director-console-v2-corrective-delta-01;refs/heads/codex/h3-ltx-director-console-v2-holiday-codeb;refs/heads/codex/h3storyboard-director-console-v2-holiday-codeb;refs/heads/codex/holiday-onecat-native-benchmark-campaign;refs/heads/codex/holiday-relay-supervisor-codec;refs/heads/codex/onecat-native-v150-awq-vlk-quality-c64-corrective-delta;refs/heads/codex/onecat-native-v150-awq-vlk-quality-c64-delta;refs/heads/codex/onecat-native-v150-awq-vlk-recovery;refs/heads/codex/onecat-native-v150-c64-canonical-readiness;refs/heads/codex/onecat-native-v150-preflight;refs/heads/codex/onecat-qwen38-gguf-loader-patch;refs/heads/codex/task2.1-offline-harness;refs/heads/codex/task2.2-canonical-benchmark-input-freeze;refs/heads/codex/task2.3-kvmem-harness-sync;refs/heads/codex/task2.4-prebenchmark-offline-readiness;refs/heads/codex/three-runtime-c64-canonical-transport-remediation;refs/heads/codex/three-runtime-c64-cross-runtime-calibration;refs/heads/codex/three-runtime-c64-quality-gate-policy-corrective-delta;refs/heads/codex/three-runtime-c64-quality-gate-policy-freeze;refs/heads/codex/vm176-v100-power-hbm-thermal-characterization;refs/heads/control/holiday-codea-to-codeb-relay;refs/heads/main,reports/VM176-STAGE5-R580-DRIVER-MAINTENANCE-RETRY-2-2026-09-23.md,3548ec688ed0904726be3875d2f13c2f1c49778c,suncaifeng/DevSopByAi,archive/comfyui-minimax-h3/reports/VM176-STAGE5-R580-DRIVER-MAINTENANCE-RETRY-2-2026-09-23.md,ARCHIVE_ONLY,"Preserve immutable TaskContract, report, review/control evidence chain in control-plane archive; retain source commit and blob identity."
suncaifeng/comfyui-minimax-h3,refs/heads/main,644d7ff2a7a00e04db94ab347a85ed61488d5a76,refs/heads/codex/codexc-model-asset-acquisition-publish;refs/heads/codex/codexc-pinkcherry-ltx23-q6kv-refresh;refs/heads/codex/h3-ltx-director-console-v2-corrective-delta-01;refs/heads/codex/h3-ltx-director-console-v2-holiday-codeb;refs/heads/codex/h3storyboard-director-console-v2-holiday-codeb;refs/heads/codex/holiday-onecat-native-benchmark-campaign;refs/heads/codex/holiday-relay-supervisor-codec;refs/heads/codex/onecat-native-v150-awq-vlk-quality-c64-corrective-delta;refs/heads/codex/onecat-native-v150-awq-vlk-quality-c64-delta;refs/heads/codex/onecat-native-v150-awq-vlk-recovery;refs/heads/codex/onecat-native-v150-c64-canonical-readiness;refs/heads/codex/onecat-native-v150-preflight;refs/heads/codex/onecat-qwen38-gguf-loader-patch;refs/heads/codex/task2.1-offline-harness;refs/heads/codex/task2.2-canonical-benchmark-input-freeze;refs/heads/codex/task2.3-kvmem-harness-sync;refs/heads/codex/task2.4-prebenchmark-offline-readiness;refs/heads/codex/three-runtime-c64-canonical-transport-remediation;refs/heads/codex/three-runtime-c64-cross-runtime-calibration;refs/heads/codex/three-runtime-c64-quality-gate-policy-corrective-delta;refs/heads/codex/three-runtime-c64-quality-gate-policy-freeze;refs/heads/codex/vm176-v100-power-hbm-thermal-characterization;refs/heads/control/holiday-codea-to-codeb-relay;refs/heads/main,reports/VM176-STAGE5-R580-DRIVER-MAINTENANCE-RETRY-2026-09-23.md,cd90b87094de225ebde5a7484150f9dedc5cb744,suncaifeng/DevSopByAi,archive/comfyui-minimax-h3/reports/VM176-STAGE5-R580-DRIVER-MAINTENANCE-RETRY-2026-09-23.md,ARCHIVE_ONLY,"Preserve immutable TaskContract, report, review/control evidence chain in control-plane archive; retain source commit and blob identity."
suncaifeng/comfyui-minimax-h3,refs/heads/main,644d7ff2a7a00e04db94ab347a85ed61488d5a76,refs/heads/codex/codexc-model-asset-acquisition-publish;refs/heads/codex/codexc-pinkcherry-ltx23-q6kv-refresh;refs/heads/codex/h3-ltx-director-console-v2-corrective-delta-01;refs/heads/codex/h3-ltx-director-console-v2-holiday-codeb;refs/heads/codex/h3storyboard-director-console-v2-holiday-codeb;refs/heads/codex/holiday-onecat-native-benchmark-campaign;refs/heads/codex/holiday-relay-supervisor-codec;refs/heads/codex/onecat-native-v150-awq-vlk-quality-c64-corrective-delta;refs/heads/codex/onecat-native-v150-awq-vlk-quality-c64-delta;refs/heads/codex/onecat-native-v150-awq-vlk-recovery;refs/heads/codex/onecat-native-v150-c64-canonical-readiness;refs/heads/codex/onecat-native-v150-preflight;refs/heads/codex/onecat-qwen38-gguf-loader-patch;refs/heads/codex/task2.1-offline-harness;refs/heads/codex/task2.2-canonical-benchmark-input-freeze;refs/heads/codex/task2.3-kvmem-harness-sync;refs/heads/codex/task2.4-prebenchmark-offline-readiness;refs/heads/codex/three-runtime-c64-canonical-transport-remediation;refs/heads/codex/three-runtime-c64-cross-runtime-calibration;refs/heads/codex/three-runtime-c64-quality-gate-policy-corrective-delta;refs/heads/codex/three-runtime-c64-quality-gate-policy-freeze;refs/heads/codex/vm176-v100-power-hbm-thermal-characterization;refs/heads/control/holiday-codea-to-codeb-relay;refs/heads/main,reports/VM176-STAGE5-R580-FOUNDATION-MSI-EVIDENCE-CORRECTION-VERIFICATION-2026-09-23.md,b76e560b10df3fc32eb4f3ab566d5662d02a4075,suncaifeng/DevSopByAi,archive/comfyui-minimax-h3/reports/VM176-STAGE5-R580-FOUNDATION-MSI-EVIDENCE-CORRECTION-VERIFICATION-2026-09-23.md,ARCHIVE_ONLY,"Preserve immutable TaskContract, report, review/control evidence chain in control-plane archive; retain source commit and blob identity."
suncaifeng/comfyui-minimax-h3,refs/heads/main,644d7ff2a7a00e04db94ab347a85ed61488d5a76,refs/heads/codex/codexc-model-asset-acquisition-publish;refs/heads/codex/codexc-pinkcherry-ltx23-q6kv-refresh;refs/heads/codex/h3-ltx-director-console-v2-corrective-delta-01;refs/heads/codex/h3-ltx-director-console-v2-holiday-codeb;refs/heads/codex/h3storyboard-director-console-v2-holiday-codeb;refs/heads/codex/holiday-onecat-native-benchmark-campaign;refs/heads/codex/holiday-relay-supervisor-codec;refs/heads/codex/onecat-native-v150-awq-vlk-quality-c64-corrective-delta;refs/heads/codex/onecat-native-v150-awq-vlk-quality-c64-delta;refs/heads/codex/onecat-native-v150-awq-vlk-recovery;refs/heads/codex/onecat-native-v150-c64-canonical-readiness;refs/heads/codex/onecat-native-v150-preflight;refs/heads/codex/onecat-qwen38-gguf-loader-patch;refs/heads/codex/task2.1-offline-harness;refs/heads/codex/task2.2-canonical-benchmark-input-freeze;refs/heads/codex/task2.3-kvmem-harness-sync;refs/heads/codex/task2.4-prebenchmark-offline-readiness;refs/heads/codex/three-runtime-c64-canonical-transport-remediation;refs/heads/codex/three-runtime-c64-cross-runtime-calibration;refs/heads/codex/three-runtime-c64-quality-gate-policy-corrective-delta;refs/heads/codex/three-runtime-c64-quality-gate-policy-freeze;refs/heads/codex/vm176-v100-power-hbm-thermal-characterization;refs/heads/control/holiday-codea-to-codeb-relay;refs/heads/main,reports/VM176-STAGE5-R580-FOUNDATION-STATE-ADOPTION-VERIFICATION-2026-09-23.md,cde0e533d284bfcb3ac91bc8ab54d34f1eb4771e,suncaifeng/DevSopByAi,archive/comfyui-minimax-h3/reports/VM176-STAGE5-R580-FOUNDATION-STATE-ADOPTION-VERIFICATION-2026-09-23.md,ARCHIVE_ONLY,"Preserve immutable TaskContract, report, review/control evidence chain in control-plane archive; retain source commit and blob identity."
suncaifeng/comfyui-minimax-h3,refs/heads/main,644d7ff2a7a00e04db94ab347a85ed61488d5a76,refs/heads/codex/codexc-model-asset-acquisition-publish;refs/heads/codex/codexc-pinkcherry-ltx23-q6kv-refresh;refs/heads/codex/h3-ltx-director-console-v2-corrective-delta-01;refs/heads/codex/h3-ltx-director-console-v2-holiday-codeb;refs/heads/codex/h3storyboard-director-console-v2-holiday-codeb;refs/heads/codex/holiday-onecat-native-benchmark-campaign;refs/heads/codex/holiday-relay-supervisor-codec;refs/heads/codex/onecat-native-v150-awq-vlk-quality-c64-corrective-delta;refs/heads/codex/onecat-native-v150-awq-vlk-quality-c64-delta;refs/heads/codex/onecat-native-v150-awq-vlk-recovery;refs/heads/codex/onecat-native-v150-c64-canonical-readiness;refs/heads/codex/onecat-native-v150-preflight;refs/heads/codex/onecat-qwen38-gguf-loader-patch;refs/heads/codex/task2.1-offline-harness;refs/heads/codex/task2.2-canonical-benchmark-input-freeze;refs/heads/codex/task2.3-kvmem-harness-sync;refs/heads/codex/task2.4-prebenchmark-offline-readiness;refs/heads/codex/three-runtime-c64-canonical-transport-remediation;refs/heads/codex/three-runtime-c64-cross-runtime-calibration;refs/heads/codex/three-runtime-c64-quality-gate-policy-corrective-delta;refs/heads/codex/three-runtime-c64-quality-gate-policy-freeze;refs/heads/codex/vm176-v100-power-hbm-thermal-characterization;refs/heads/control/holiday-codea-to-codeb-relay;refs/heads/main,reports/VM176-STAGE5-R580-MSI-OOPS-COMPATIBILITY-INVESTIGATION-2026-09-23.md,5adfec64283c617932b2a839c305aa3cca501989,suncaifeng/DevSopByAi,archive/comfyui-minimax-h3/reports/VM176-STAGE5-R580-MSI-OOPS-COMPATIBILITY-INVESTIGATION-2026-09-23.md,ARCHIVE_ONLY,"Preserve immutable TaskContract, report, review/control evidence chain in control-plane archive; retain source commit and blob identity."
suncaifeng/comfyui-minimax-h3,refs/heads/main,644d7ff2a7a00e04db94ab347a85ed61488d5a76,refs/heads/codex/codexc-model-asset-acquisition-publish;refs/heads/codex/codexc-pinkcherry-ltx23-q6kv-refresh;refs/heads/codex/h3-ltx-director-console-v2-corrective-delta-01;refs/heads/codex/h3-ltx-director-console-v2-holiday-codeb;refs/heads/codex/h3storyboard-director-console-v2-holiday-codeb;refs/heads/codex/holiday-onecat-native-benchmark-campaign;refs/heads/codex/holiday-relay-supervisor-codec;refs/heads/codex/onecat-native-v150-awq-vlk-quality-c64-corrective-delta;refs/heads/codex/onecat-native-v150-awq-vlk-quality-c64-delta;refs/heads/codex/onecat-native-v150-awq-vlk-recovery;refs/heads/codex/onecat-native-v150-c64-canonical-readiness;refs/heads/codex/onecat-native-v150-preflight;refs/heads/codex/onecat-qwen38-gguf-loader-patch;refs/heads/codex/task2.1-offline-harness;refs/heads/codex/task2.2-canonical-benchmark-input-freeze;refs/heads/codex/task2.3-kvmem-harness-sync;refs/heads/codex/task2.4-prebenchmark-offline-readiness;refs/heads/codex/three-runtime-c64-canonical-transport-remediation;refs/heads/codex/three-runtime-c64-cross-runtime-calibration;refs/heads/codex/three-runtime-c64-quality-gate-policy-corrective-delta;refs/heads/codex/three-runtime-c64-quality-gate-policy-freeze;refs/heads/codex/vm176-v100-power-hbm-thermal-characterization;refs/heads/control/holiday-codea-to-codeb-relay;refs/heads/main,reports/VM176-STAGE5-R580-NOUVEAU-EARLY-PROBE-ISOLATION-EXPERIMENT-2026-09-23.md,b1c1a72e29d43e7a35d3599f40447acc93283e54,suncaifeng/DevSopByAi,archive/comfyui-minimax-h3/reports/VM176-STAGE5-R580-NOUVEAU-EARLY-PROBE-ISOLATION-EXPERIMENT-2026-09-23.md,ARCHIVE_ONLY,"Preserve immutable TaskContract, report, review/control evidence chain in control-plane archive; retain source commit and blob identity."
suncaifeng/comfyui-minimax-h3,refs/heads/main,644d7ff2a7a00e04db94ab347a85ed61488d5a76,refs/heads/codex/codexc-model-asset-acquisition-publish;refs/heads/codex/codexc-pinkcherry-ltx23-q6kv-refresh;refs/heads/codex/h3-ltx-director-console-v2-corrective-delta-01;refs/heads/codex/h3-ltx-director-console-v2-holiday-codeb;refs/heads/codex/h3storyboard-director-console-v2-holiday-codeb;refs/heads/codex/holiday-onecat-native-benchmark-campaign;refs/heads/codex/holiday-relay-supervisor-codec;refs/heads/codex/onecat-native-v150-awq-vlk-quality-c64-corrective-delta;refs/heads/codex/onecat-native-v150-awq-vlk-quality-c64-delta;refs/heads/codex/onecat-native-v150-awq-vlk-recovery;refs/heads/codex/onecat-native-v150-c64-canonical-readiness;refs/heads/codex/onecat-native-v150-preflight;refs/heads/codex/onecat-qwen38-gguf-loader-patch;refs/heads/codex/task2.1-offline-harness;refs/heads/codex/task2.2-canonical-benchmark-input-freeze;refs/heads/codex/task2.3-kvmem-harness-sync;refs/heads/codex/task2.4-prebenchmark-offline-readiness;refs/heads/codex/three-runtime-c64-canonical-transport-remediation;refs/heads/codex/three-runtime-c64-cross-runtime-calibration;refs/heads/codex/three-runtime-c64-quality-gate-policy-corrective-delta;refs/heads/codex/three-runtime-c64-quality-gate-policy-freeze;refs/heads/codex/vm176-v100-power-hbm-thermal-characterization;refs/heads/control/holiday-codea-to-codeb-relay;refs/heads/main,reports/VM176-STAGE5-R580-PACKAGE-OWNERSHIP-RESOLUTION-2026-09-23.md,13f7cf015fedfad6fdd07c2e5c255e2420f2f08e,suncaifeng/DevSopByAi,archive/comfyui-minimax-h3/reports/VM176-STAGE5-R580-PACKAGE-OWNERSHIP-RESOLUTION-2026-09-23.md,ARCHIVE_ONLY,"Preserve immutable TaskContract, report, review/control evidence chain in control-plane archive; retain source commit and blob identity."
suncaifeng/comfyui-minimax-h3,refs/heads/codex/h3-ltx-director-console-v2-corrective-delta-01,3968742392a8967325c4a9a2c3f6c81776e00c02,refs/heads/codex/h3-ltx-director-console-v2-corrective-delta-01;refs/heads/codex/h3-ltx-director-console-v2-holiday-codeb;refs/heads/codex/h3storyboard-director-console-v2-holiday-codeb;refs/heads/codex/holiday-onecat-native-benchmark-campaign;refs/heads/codex/holiday-relay-supervisor-codec;refs/heads/codex/onecat-native-v150-awq-vlk-quality-c64-corrective-delta;refs/heads/codex/onecat-native-v150-awq-vlk-quality-c64-delta;refs/heads/codex/onecat-native-v150-awq-vlk-recovery;refs/heads/codex/onecat-native-v150-c64-canonical-readiness;refs/heads/codex/task2.1-offline-harness;refs/heads/codex/task2.2-canonical-benchmark-input-freeze;refs/heads/codex/task2.3-kvmem-harness-sync;refs/heads/codex/task2.4-prebenchmark-offline-readiness;refs/heads/codex/three-runtime-c64-canonical-transport-remediation;refs/heads/codex/three-runtime-c64-cross-runtime-calibration;refs/heads/codex/three-runtime-c64-quality-gate-policy-corrective-delta;refs/heads/codex/three-runtime-c64-quality-gate-policy-freeze;refs/heads/control/holiday-codea-to-codeb-relay,reports/VM176-STAGE5-TASK2.1-CORRECTION-OFFLINE-HARNESS-CONTRACT-COMPLETION-2026-09-28.md,0160890ec945ab27b38e4834de82723476d855b8,suncaifeng/DevSopByAi,archive/comfyui-minimax-h3/reports/VM176-STAGE5-TASK2.1-CORRECTION-OFFLINE-HARNESS-CONTRACT-COMPLETION-2026-09-28.md,ARCHIVE_ONLY,"Preserve immutable TaskContract, report, review/control evidence chain in control-plane archive; retain source commit and blob identity."
suncaifeng/comfyui-minimax-h3,refs/heads/codex/h3-ltx-director-console-v2-corrective-delta-01,3968742392a8967325c4a9a2c3f6c81776e00c02,refs/heads/codex/h3-ltx-director-console-v2-corrective-delta-01;refs/heads/codex/h3-ltx-director-console-v2-holiday-codeb;refs/heads/codex/h3storyboard-director-console-v2-holiday-codeb;refs/heads/codex/holiday-onecat-native-benchmark-campaign;refs/heads/codex/holiday-relay-supervisor-codec;refs/heads/codex/onecat-native-v150-awq-vlk-quality-c64-corrective-delta;refs/heads/codex/onecat-native-v150-awq-vlk-quality-c64-delta;refs/heads/codex/onecat-native-v150-awq-vlk-recovery;refs/heads/codex/onecat-native-v150-c64-canonical-readiness;refs/heads/codex/task2.1-offline-harness;refs/heads/codex/task2.2-canonical-benchmark-input-freeze;refs/heads/codex/task2.3-kvmem-harness-sync;refs/heads/codex/task2.4-prebenchmark-offline-readiness;refs/heads/codex/three-runtime-c64-canonical-transport-remediation;refs/heads/codex/three-runtime-c64-cross-runtime-calibration;refs/heads/codex/three-runtime-c64-quality-gate-policy-corrective-delta;refs/heads/codex/three-runtime-c64-quality-gate-policy-freeze;refs/heads/control/holiday-codea-to-codeb-relay,reports/VM176-STAGE5-TASK2.1-OFFLINE-BENCHMARK-HARNESS-MATERIALIZATION-2026-09-28.md,4d2ce068257f0a705a26e49215a468db79129006,suncaifeng/DevSopByAi,archive/comfyui-minimax-h3/reports/VM176-STAGE5-TASK2.1-OFFLINE-BENCHMARK-HARNESS-MATERIALIZATION-2026-09-28.md,ARCHIVE_ONLY,"Preserve immutable TaskContract, report, review/control evidence chain in control-plane archive; retain source commit and blob identity."
suncaifeng/comfyui-minimax-h3,refs/heads/codex/three-runtime-c64-canonical-transport-remediation,ffc5c7418c3cd62bb0ae24ee8b5172893970a382,refs/heads/codex/three-runtime-c64-canonical-transport-remediation,reports/VM176-STAGE5-THREE-RUNTIME-C64-CANONICAL-TRANSPORT-REMEDIATION-2026-10-02.md,a3093b20351715998b01353e5dd1dc8d02625147,suncaifeng/DevSopByAi,archive/comfyui-minimax-h3/reports/VM176-STAGE5-THREE-RUNTIME-C64-CANONICAL-TRANSPORT-REMEDIATION-2026-10-02.md,ARCHIVE_ONLY,"Preserve immutable TaskContract, report, review/control evidence chain in control-plane archive; retain source commit and blob identity."
suncaifeng/comfyui-minimax-h3,refs/heads/codex/h3-ltx-director-console-v2-corrective-delta-01,3968742392a8967325c4a9a2c3f6c81776e00c02,refs/heads/codex/h3-ltx-director-console-v2-corrective-delta-01;refs/heads/codex/h3-ltx-director-console-v2-holiday-codeb;refs/heads/codex/h3storyboard-director-console-v2-holiday-codeb;refs/heads/codex/holiday-relay-supervisor-codec;refs/heads/codex/three-runtime-c64-canonical-transport-remediation;refs/heads/codex/three-runtime-c64-cross-runtime-calibration;refs/heads/control/holiday-codea-to-codeb-relay,reports/VM176-STAGE5-THREE-RUNTIME-C64-CROSS-RUNTIME-CALIBRATION-2026-10-02.md,5ac28aab1bac25d05cfea62f4e5076dda77f910f,suncaifeng/DevSopByAi,archive/comfyui-minimax-h3/reports/VM176-STAGE5-THREE-RUNTIME-C64-CROSS-RUNTIME-CALIBRATION-2026-10-02.md,ARCHIVE_ONLY,"Preserve immutable TaskContract, report, review/control evidence chain in control-plane archive; retain source commit and blob identity."
suncaifeng/comfyui-minimax-h3,refs/heads/codex/h3-ltx-director-console-v2-corrective-delta-01,3968742392a8967325c4a9a2c3f6c81776e00c02,refs/heads/codex/h3-ltx-director-console-v2-corrective-delta-01;refs/heads/codex/h3-ltx-director-console-v2-holiday-codeb;refs/heads/codex/h3storyboard-director-console-v2-holiday-codeb;refs/heads/codex/holiday-relay-supervisor-codec;refs/heads/codex/three-runtime-c64-canonical-transport-remediation;refs/heads/codex/three-runtime-c64-cross-runtime-calibration;refs/heads/codex/three-runtime-c64-quality-gate-policy-corrective-delta;refs/heads/control/holiday-codea-to-codeb-relay,reports/VM176-STAGE5-THREE-RUNTIME-C64-QUALITY-GATE-POLICY-CORRECTIVE-DELTA-2026-10-02.md,bd8b633e5ceb327f5078b46a30064727298f13d0,suncaifeng/DevSopByAi,archive/comfyui-minimax-h3/reports/VM176-STAGE5-THREE-RUNTIME-C64-QUALITY-GATE-POLICY-CORRECTIVE-DELTA-2026-10-02.md,ARCHIVE_ONLY,"Preserve immutable TaskContract, report, review/control evidence chain in control-plane archive; retain source commit and blob identity."
suncaifeng/comfyui-minimax-h3,refs/heads/codex/h3-ltx-director-console-v2-corrective-delta-01,3968742392a8967325c4a9a2c3f6c81776e00c02,refs/heads/codex/h3-ltx-director-console-v2-corrective-delta-01;refs/heads/codex/h3-ltx-director-console-v2-holiday-codeb;refs/heads/codex/h3storyboard-director-console-v2-holiday-codeb;refs/heads/codex/holiday-relay-supervisor-codec;refs/heads/codex/three-runtime-c64-canonical-transport-remediation;refs/heads/codex/three-runtime-c64-cross-runtime-calibration;refs/heads/codex/three-runtime-c64-quality-gate-policy-corrective-delta;refs/heads/codex/three-runtime-c64-quality-gate-policy-freeze;refs/heads/control/holiday-codea-to-codeb-relay,reports/VM176-STAGE5-THREE-RUNTIME-C64-QUALITY-GATE-POLICY-FREEZE-2026-10-02.md,5e9f3a076bcfdb82f22e222fc9d49783a0dba3d2,suncaifeng/DevSopByAi,archive/comfyui-minimax-h3/reports/VM176-STAGE5-THREE-RUNTIME-C64-QUALITY-GATE-POLICY-FREEZE-2026-10-02.md,ARCHIVE_ONLY,"Preserve immutable TaskContract, report, review/control evidence chain in control-plane archive; retain source commit and blob identity."
suncaifeng/comfyui-minimax-h3,refs/heads/main,644d7ff2a7a00e04db94ab347a85ed61488d5a76,refs/heads/codex/codexc-model-asset-acquisition-publish;refs/heads/codex/codexc-pinkcherry-ltx23-q6kv-refresh;refs/heads/codex/h3-ltx-director-console-v2-corrective-delta-01;refs/heads/codex/h3-ltx-director-console-v2-holiday-codeb;refs/heads/codex/h3storyboard-director-console-v2-holiday-codeb;refs/heads/codex/holiday-onecat-native-benchmark-campaign;refs/heads/codex/holiday-relay-supervisor-codec;refs/heads/codex/onecat-native-v150-awq-vlk-quality-c64-corrective-delta;refs/heads/codex/onecat-native-v150-awq-vlk-quality-c64-delta;refs/heads/codex/onecat-native-v150-awq-vlk-recovery;refs/heads/codex/onecat-native-v150-c64-canonical-readiness;refs/heads/codex/onecat-native-v150-preflight;refs/heads/codex/onecat-qwen38-gguf-loader-patch;refs/heads/codex/task2.1-offline-harness;refs/heads/codex/task2.2-canonical-benchmark-input-freeze;refs/heads/codex/task2.3-kvmem-harness-sync;refs/heads/codex/task2.4-prebenchmark-offline-readiness;refs/heads/codex/three-runtime-c64-canonical-transport-remediation;refs/heads/codex/three-runtime-c64-cross-runtime-calibration;refs/heads/codex/three-runtime-c64-quality-gate-policy-corrective-delta;refs/heads/codex/three-runtime-c64-quality-gate-policy-freeze;refs/heads/codex/vm176-v100-power-hbm-thermal-characterization;refs/heads/control/holiday-codea-to-codeb-relay;refs/heads/main,reports/VM176-STORAGE-LONGRUN-RECOVERY-RECONCILIATION-2026-09-22.md,83983c397ee2206530c4c0c645b0c96ae852b8b3,suncaifeng/DevSopByAi,archive/comfyui-minimax-h3/reports/VM176-STORAGE-LONGRUN-RECOVERY-RECONCILIATION-2026-09-22.md,ARCHIVE_ONLY,"Preserve immutable TaskContract, report, review/control evidence chain in control-plane archive; retain source commit and blob identity."
suncaifeng/comfyui-minimax-h3,refs/heads/main,644d7ff2a7a00e04db94ab347a85ed61488d5a76,refs/heads/codex/codexc-model-asset-acquisition-publish;refs/heads/codex/codexc-pinkcherry-ltx23-q6kv-refresh;refs/heads/codex/h3-ltx-director-console-v2-corrective-delta-01;refs/heads/codex/h3-ltx-director-console-v2-holiday-codeb;refs/heads/codex/h3storyboard-director-console-v2-holiday-codeb;refs/heads/codex/holiday-onecat-native-benchmark-campaign;refs/heads/codex/holiday-relay-supervisor-codec;refs/heads/codex/onecat-native-v150-awq-vlk-quality-c64-corrective-delta;refs/heads/codex/onecat-native-v150-awq-vlk-quality-c64-delta;refs/heads/codex/onecat-native-v150-awq-vlk-recovery;refs/heads/codex/onecat-native-v150-c64-canonical-readiness;refs/heads/codex/onecat-native-v150-preflight;refs/heads/codex/onecat-qwen38-gguf-loader-patch;refs/heads/codex/task2.1-offline-harness;refs/heads/codex/task2.2-canonical-benchmark-input-freeze;refs/heads/codex/task2.3-kvmem-harness-sync;refs/heads/codex/task2.4-prebenchmark-offline-readiness;refs/heads/codex/three-runtime-c64-canonical-transport-remediation;refs/heads/codex/three-runtime-c64-cross-runtime-calibration;refs/heads/codex/three-runtime-c64-quality-gate-policy-corrective-delta;refs/heads/codex/three-runtime-c64-quality-gate-policy-freeze;refs/heads/codex/vm176-v100-power-hbm-thermal-characterization;refs/heads/control/holiday-codea-to-codeb-relay;refs/heads/main,reports/VM176-STORAGE-MODEL-LAYOUT-IMPLEMENTATION-2026-09-22.md,94650cb5b592f6c6c4e456061c04a6008b610c8b,suncaifeng/DevSopByAi,archive/comfyui-minimax-h3/reports/VM176-STORAGE-MODEL-LAYOUT-IMPLEMENTATION-2026-09-22.md,ARCHIVE_ONLY,"Preserve immutable TaskContract, report, review/control evidence chain in control-plane archive; retain source commit and blob identity."
suncaifeng/comfyui-minimax-h3,refs/heads/codex/h3-ltx-director-console-v2-corrective-delta-01,3968742392a8967325c4a9a2c3f6c81776e00c02,refs/heads/codex/h3-ltx-director-console-v2-corrective-delta-01,reports/evidence/H3-LTX-DIRECTOR-CONSOLE-V2-CORRECTIVE-DELTA-01-2026-10-08.txt,d91c6c7bb5a1ed7d5cd8a14223f97233983d35cb,suncaifeng/DevSopByAi,archive/comfyui-minimax-h3/reports/evidence/H3-LTX-DIRECTOR-CONSOLE-V2-CORRECTIVE-DELTA-01-2026-10-08.txt,ARCHIVE_ONLY,"Preserve immutable TaskContract, report, review/control evidence chain in control-plane archive; retain source commit and blob identity."
suncaifeng/comfyui-minimax-h3,refs/heads/codex/h3-ltx-director-console-v2-corrective-delta-01,3968742392a8967325c4a9a2c3f6c81776e00c02,refs/heads/codex/h3-ltx-director-console-v2-corrective-delta-01;refs/heads/codex/h3-ltx-director-console-v2-holiday-codeb,reports/evidence/H3-LTX-DIRECTOR-CONSOLE-V2-HOLIDAY-CAMPAIGN-2026-10-02.txt,afbc3cca7495f014c73777bc316500a68a48af64,suncaifeng/DevSopByAi,archive/comfyui-minimax-h3/reports/evidence/H3-LTX-DIRECTOR-CONSOLE-V2-HOLIDAY-CAMPAIGN-2026-10-02.txt,ARCHIVE_ONLY,"Preserve immutable TaskContract, report, review/control evidence chain in control-plane archive; retain source commit and blob identity."
suncaifeng/comfyui-minimax-h3,refs/heads/main,644d7ff2a7a00e04db94ab347a85ed61488d5a76,refs/heads/codex/codexc-model-asset-acquisition-publish;refs/heads/codex/codexc-pinkcherry-ltx23-q6kv-refresh;refs/heads/codex/h3-ltx-director-console-v2-corrective-delta-01;refs/heads/codex/h3-ltx-director-console-v2-holiday-codeb;refs/heads/codex/h3storyboard-director-console-v2-holiday-codeb;refs/heads/codex/holiday-onecat-native-benchmark-campaign;refs/heads/codex/holiday-relay-supervisor-codec;refs/heads/codex/onecat-native-v150-awq-vlk-quality-c64-corrective-delta;refs/heads/codex/onecat-native-v150-awq-vlk-quality-c64-delta;refs/heads/codex/onecat-native-v150-awq-vlk-recovery;refs/heads/codex/onecat-native-v150-c64-canonical-readiness;refs/heads/codex/onecat-native-v150-preflight;refs/heads/codex/onecat-qwen38-gguf-loader-patch;refs/heads/codex/task2.1-offline-harness;refs/heads/codex/task2.2-canonical-benchmark-input-freeze;refs/heads/codex/task2.3-kvmem-harness-sync;refs/heads/codex/task2.4-prebenchmark-offline-readiness;refs/heads/codex/three-runtime-c64-canonical-transport-remediation;refs/heads/codex/three-runtime-c64-cross-runtime-calibration;refs/heads/codex/three-runtime-c64-quality-gate-policy-corrective-delta;refs/heads/codex/three-runtime-c64-quality-gate-policy-freeze;refs/heads/codex/vm176-v100-power-hbm-thermal-characterization;refs/heads/control/holiday-codea-to-codeb-relay;refs/heads/main,reports/evidence/VM176-535-CURRENT-PCI-IRQ-BASELINE-2026-09-23.txt,5516fb1fa45a41bc8be1642bfb3dd65f7e806324,suncaifeng/DevSopByAi,archive/comfyui-minimax-h3/reports/evidence/VM176-535-CURRENT-PCI-IRQ-BASELINE-2026-09-23.txt,ARCHIVE_ONLY,"Preserve immutable TaskContract, report, review/control evidence chain in control-plane archive; retain source commit and blob identity."
suncaifeng/comfyui-minimax-h3,refs/heads/main,644d7ff2a7a00e04db94ab347a85ed61488d5a76,refs/heads/codex/codexc-model-asset-acquisition-publish;refs/heads/codex/codexc-pinkcherry-ltx23-q6kv-refresh;refs/heads/codex/h3-ltx-director-console-v2-corrective-delta-01;refs/heads/codex/h3-ltx-director-console-v2-holiday-codeb;refs/heads/codex/h3storyboard-director-console-v2-holiday-codeb;refs/heads/codex/holiday-onecat-native-benchmark-campaign;refs/heads/codex/holiday-relay-supervisor-codec;refs/heads/codex/onecat-native-v150-awq-vlk-quality-c64-corrective-delta;refs/heads/codex/onecat-native-v150-awq-vlk-quality-c64-delta;refs/heads/codex/onecat-native-v150-awq-vlk-recovery;refs/heads/codex/onecat-native-v150-c64-canonical-readiness;refs/heads/codex/onecat-native-v150-preflight;refs/heads/codex/onecat-qwen38-gguf-loader-patch;refs/heads/codex/task2.1-offline-harness;refs/heads/codex/task2.2-canonical-benchmark-input-freeze;refs/heads/codex/task2.3-kvmem-harness-sync;refs/heads/codex/task2.4-prebenchmark-offline-readiness;refs/heads/codex/three-runtime-c64-canonical-transport-remediation;refs/heads/codex/three-runtime-c64-cross-runtime-calibration;refs/heads/codex/three-runtime-c64-quality-gate-policy-corrective-delta;refs/heads/codex/three-runtime-c64-quality-gate-policy-freeze;refs/heads/codex/vm176-v100-power-hbm-thermal-characterization;refs/heads/control/holiday-codea-to-codeb-relay;refs/heads/main,reports/evidence/VM176-CUDA128-HOST-COMPATIBILITY-RESOLUTION-2026-09-24.txt,7ce7f5d660bc55f21edaa20e129bc2bf751a0ebf,suncaifeng/DevSopByAi,archive/comfyui-minimax-h3/reports/evidence/VM176-CUDA128-HOST-COMPATIBILITY-RESOLUTION-2026-09-24.txt,ARCHIVE_ONLY,"Preserve immutable TaskContract, report, review/control evidence chain in control-plane archive; retain source commit and blob identity."
suncaifeng/comfyui-minimax-h3,refs/heads/main,644d7ff2a7a00e04db94ab347a85ed61488d5a76,refs/heads/codex/codexc-model-asset-acquisition-publish;refs/heads/codex/codexc-pinkcherry-ltx23-q6kv-refresh;refs/heads/codex/h3-ltx-director-console-v2-corrective-delta-01;refs/heads/codex/h3-ltx-director-console-v2-holiday-codeb;refs/heads/codex/h3storyboard-director-console-v2-holiday-codeb;refs/heads/codex/holiday-onecat-native-benchmark-campaign;refs/heads/codex/holiday-relay-supervisor-codec;refs/heads/codex/onecat-native-v150-awq-vlk-quality-c64-corrective-delta;refs/heads/codex/onecat-native-v150-awq-vlk-quality-c64-delta;refs/heads/codex/onecat-native-v150-awq-vlk-recovery;refs/heads/codex/onecat-native-v150-c64-canonical-readiness;refs/heads/codex/onecat-native-v150-preflight;refs/heads/codex/onecat-qwen38-gguf-loader-patch;refs/heads/codex/task2.1-offline-harness;refs/heads/codex/task2.2-canonical-benchmark-input-freeze;refs/heads/codex/task2.3-kvmem-harness-sync;refs/heads/codex/task2.4-prebenchmark-offline-readiness;refs/heads/codex/three-runtime-c64-canonical-transport-remediation;refs/heads/codex/three-runtime-c64-cross-runtime-calibration;refs/heads/codex/three-runtime-c64-quality-gate-policy-corrective-delta;refs/heads/codex/three-runtime-c64-quality-gate-policy-freeze;refs/heads/codex/vm176-v100-power-hbm-thermal-characterization;refs/heads/control/holiday-codea-to-codeb-relay;refs/heads/main,reports/evidence/VM176-CUDA128-SHARED-FOUNDATION-EXECUTION-2026-09-23.txt,89e607a383a9fdde5bc01dbb2a4a75f818d03c85,suncaifeng/DevSopByAi,archive/comfyui-minimax-h3/reports/evidence/VM176-CUDA128-SHARED-FOUNDATION-EXECUTION-2026-09-23.txt,ARCHIVE_ONLY,"Preserve immutable TaskContract, report, review/control evidence chain in control-plane archive; retain source commit and blob identity."
suncaifeng/comfyui-minimax-h3,refs/heads/codex/holiday-relay-supervisor-codec,afe6311af8586336ef240a14fc4395569547d57e,refs/heads/codex/holiday-relay-supervisor-codec,reports/evidence/VM176-HOLIDAY-CODEXC-RELAY-SUPERVISOR-DEPLOYMENT-2026-10-02.txt,df348c0f34f03b3cdeef60c8d28a1ae2e5e9fe2e,suncaifeng/DevSopByAi,archive/comfyui-minimax-h3/reports/evidence/VM176-HOLIDAY-CODEXC-RELAY-SUPERVISOR-DEPLOYMENT-2026-10-02.txt,ARCHIVE_ONLY,"Preserve immutable TaskContract, report, review/control evidence chain in control-plane archive; retain source commit and blob identity."
suncaifeng/comfyui-minimax-h3,refs/heads/main,644d7ff2a7a00e04db94ab347a85ed61488d5a76,refs/heads/codex/codexc-model-asset-acquisition-publish;refs/heads/codex/codexc-pinkcherry-ltx23-q6kv-refresh;refs/heads/codex/h3-ltx-director-console-v2-corrective-delta-01;refs/heads/codex/h3-ltx-director-console-v2-holiday-codeb;refs/heads/codex/h3storyboard-director-console-v2-holiday-codeb;refs/heads/codex/holiday-onecat-native-benchmark-campaign;refs/heads/codex/holiday-relay-supervisor-codec;refs/heads/codex/onecat-native-v150-awq-vlk-quality-c64-corrective-delta;refs/heads/codex/onecat-native-v150-awq-vlk-quality-c64-delta;refs/heads/codex/onecat-native-v150-awq-vlk-recovery;refs/heads/codex/onecat-native-v150-c64-canonical-readiness;refs/heads/codex/onecat-native-v150-preflight;refs/heads/codex/onecat-qwen38-gguf-loader-patch;refs/heads/codex/task2.1-offline-harness;refs/heads/codex/task2.2-canonical-benchmark-input-freeze;refs/heads/codex/task2.3-kvmem-harness-sync;refs/heads/codex/task2.4-prebenchmark-offline-readiness;refs/heads/codex/three-runtime-c64-canonical-transport-remediation;refs/heads/codex/three-runtime-c64-cross-runtime-calibration;refs/heads/codex/three-runtime-c64-quality-gate-policy-corrective-delta;refs/heads/codex/three-runtime-c64-quality-gate-policy-freeze;refs/heads/codex/vm176-v100-power-hbm-thermal-characterization;refs/heads/control/holiday-codea-to-codeb-relay;refs/heads/main,reports/evidence/VM176-LLAMA-SM70-BUILD-2026-09-23.txt,49c45a05ea11768d3de3cc631b4107ee3bd070ed,suncaifeng/DevSopByAi,archive/comfyui-minimax-h3/reports/evidence/VM176-LLAMA-SM70-BUILD-2026-09-23.txt,ARCHIVE_ONLY,"Preserve immutable TaskContract, report, review/control evidence chain in control-plane archive; retain source commit and blob identity."
suncaifeng/comfyui-minimax-h3,refs/heads/main,644d7ff2a7a00e04db94ab347a85ed61488d5a76,refs/heads/codex/codexc-model-asset-acquisition-publish;refs/heads/codex/codexc-pinkcherry-ltx23-q6kv-refresh;refs/heads/codex/h3-ltx-director-console-v2-corrective-delta-01;refs/heads/codex/h3-ltx-director-console-v2-holiday-codeb;refs/heads/codex/h3storyboard-director-console-v2-holiday-codeb;refs/heads/codex/holiday-onecat-native-benchmark-campaign;refs/heads/codex/holiday-relay-supervisor-codec;refs/heads/codex/onecat-native-v150-awq-vlk-quality-c64-corrective-delta;refs/heads/codex/onecat-native-v150-awq-vlk-quality-c64-delta;refs/heads/codex/onecat-native-v150-awq-vlk-recovery;refs/heads/codex/onecat-native-v150-c64-canonical-readiness;refs/heads/codex/onecat-native-v150-preflight;refs/heads/codex/onecat-qwen38-gguf-loader-patch;refs/heads/codex/task2.1-offline-harness;refs/heads/codex/task2.2-canonical-benchmark-input-freeze;refs/heads/codex/task2.3-kvmem-harness-sync;refs/heads/codex/task2.4-prebenchmark-offline-readiness;refs/heads/codex/three-runtime-c64-canonical-transport-remediation;refs/heads/codex/three-runtime-c64-cross-runtime-calibration;refs/heads/codex/three-runtime-c64-quality-gate-policy-corrective-delta;refs/heads/codex/three-runtime-c64-quality-gate-policy-freeze;refs/heads/codex/vm176-v100-power-hbm-thermal-characterization;refs/heads/control/holiday-codea-to-codeb-relay;refs/heads/main,reports/evidence/VM176-NINFER-ARTIFACT-MATERIALIZATION-RESOLUTION-2026-09-23.txt,ebfacefa4d2b30109f9e6402b49404f9679794ce,suncaifeng/DevSopByAi,archive/comfyui-minimax-h3/reports/evidence/VM176-NINFER-ARTIFACT-MATERIALIZATION-RESOLUTION-2026-09-23.txt,ARCHIVE_ONLY,"Preserve immutable TaskContract, report, review/control evidence chain in control-plane archive; retain source commit and blob identity."
suncaifeng/comfyui-minimax-h3,refs/heads/main,644d7ff2a7a00e04db94ab347a85ed61488d5a76,refs/heads/codex/codexc-model-asset-acquisition-publish;refs/heads/codex/codexc-pinkcherry-ltx23-q6kv-refresh;refs/heads/codex/h3-ltx-director-console-v2-corrective-delta-01;refs/heads/codex/h3-ltx-director-console-v2-holiday-codeb;refs/heads/codex/h3storyboard-director-console-v2-holiday-codeb;refs/heads/codex/holiday-onecat-native-benchmark-campaign;refs/heads/codex/holiday-relay-supervisor-codec;refs/heads/codex/onecat-native-v150-awq-vlk-quality-c64-corrective-delta;refs/heads/codex/onecat-native-v150-awq-vlk-quality-c64-delta;refs/heads/codex/onecat-native-v150-awq-vlk-recovery;refs/heads/codex/onecat-native-v150-c64-canonical-readiness;refs/heads/codex/onecat-native-v150-preflight;refs/heads/codex/onecat-qwen38-gguf-loader-patch;refs/heads/codex/task2.1-offline-harness;refs/heads/codex/task2.2-canonical-benchmark-input-freeze;refs/heads/codex/task2.3-kvmem-harness-sync;refs/heads/codex/task2.4-prebenchmark-offline-readiness;refs/heads/codex/three-runtime-c64-canonical-transport-remediation;refs/heads/codex/three-runtime-c64-cross-runtime-calibration;refs/heads/codex/three-runtime-c64-quality-gate-policy-corrective-delta;refs/heads/codex/three-runtime-c64-quality-gate-policy-freeze;refs/heads/codex/vm176-v100-power-hbm-thermal-characterization;refs/heads/control/holiday-codea-to-codeb-relay;refs/heads/main,reports/evidence/VM176-ONECAT-ISOLATED-ENV-BRINGUP-2026-09-23.txt,105f693669f1834cbc004f221a1a3e47d3a30aec,suncaifeng/DevSopByAi,archive/comfyui-minimax-h3/reports/evidence/VM176-ONECAT-ISOLATED-ENV-BRINGUP-2026-09-23.txt,ARCHIVE_ONLY,"Preserve immutable TaskContract, report, review/control evidence chain in control-plane archive; retain source commit and blob identity."
suncaifeng/comfyui-minimax-h3,refs/heads/main,644d7ff2a7a00e04db94ab347a85ed61488d5a76,refs/heads/codex/codexc-model-asset-acquisition-publish;refs/heads/codex/codexc-pinkcherry-ltx23-q6kv-refresh;refs/heads/codex/h3-ltx-director-console-v2-corrective-delta-01;refs/heads/codex/h3-ltx-director-console-v2-holiday-codeb;refs/heads/codex/h3storyboard-director-console-v2-holiday-codeb;refs/heads/codex/holiday-onecat-native-benchmark-campaign;refs/heads/codex/holiday-relay-supervisor-codec;refs/heads/codex/onecat-native-v150-awq-vlk-quality-c64-corrective-delta;refs/heads/codex/onecat-native-v150-awq-vlk-quality-c64-delta;refs/heads/codex/onecat-native-v150-awq-vlk-recovery;refs/heads/codex/onecat-native-v150-c64-canonical-readiness;refs/heads/codex/onecat-native-v150-preflight;refs/heads/codex/onecat-qwen38-gguf-loader-patch;refs/heads/codex/task2.1-offline-harness;refs/heads/codex/task2.2-canonical-benchmark-input-freeze;refs/heads/codex/task2.3-kvmem-harness-sync;refs/heads/codex/task2.4-prebenchmark-offline-readiness;refs/heads/codex/three-runtime-c64-canonical-transport-remediation;refs/heads/codex/three-runtime-c64-cross-runtime-calibration;refs/heads/codex/three-runtime-c64-quality-gate-policy-corrective-delta;refs/heads/codex/three-runtime-c64-quality-gate-policy-freeze;refs/heads/codex/vm176-v100-power-hbm-thermal-characterization;refs/heads/control/holiday-codea-to-codeb-relay;refs/heads/main,reports/evidence/VM176-OVERNIGHT-STAGE5-RUNTIME-FOUNDATION-AND-ARTIFACT-PIPELINE-2026-09-23.txt,d643dae365ae3d71283f02a0aa5e22c6a6426b05,suncaifeng/DevSopByAi,archive/comfyui-minimax-h3/reports/evidence/VM176-OVERNIGHT-STAGE5-RUNTIME-FOUNDATION-AND-ARTIFACT-PIPELINE-2026-09-23.txt,ARCHIVE_ONLY,"Preserve immutable TaskContract, report, review/control evidence chain in control-plane archive; retain source commit and blob identity."
suncaifeng/comfyui-minimax-h3,refs/heads/main,644d7ff2a7a00e04db94ab347a85ed61488d5a76,refs/heads/codex/codexc-model-asset-acquisition-publish;refs/heads/codex/codexc-pinkcherry-ltx23-q6kv-refresh;refs/heads/codex/h3-ltx-director-console-v2-corrective-delta-01;refs/heads/codex/h3-ltx-director-console-v2-holiday-codeb;refs/heads/codex/h3storyboard-director-console-v2-holiday-codeb;refs/heads/codex/holiday-onecat-native-benchmark-campaign;refs/heads/codex/holiday-relay-supervisor-codec;refs/heads/codex/onecat-native-v150-awq-vlk-quality-c64-corrective-delta;refs/heads/codex/onecat-native-v150-awq-vlk-quality-c64-delta;refs/heads/codex/onecat-native-v150-awq-vlk-recovery;refs/heads/codex/onecat-native-v150-c64-canonical-readiness;refs/heads/codex/onecat-native-v150-preflight;refs/heads/codex/onecat-qwen38-gguf-loader-patch;refs/heads/codex/task2.1-offline-harness;refs/heads/codex/task2.2-canonical-benchmark-input-freeze;refs/heads/codex/task2.3-kvmem-harness-sync;refs/heads/codex/task2.4-prebenchmark-offline-readiness;refs/heads/codex/three-runtime-c64-canonical-transport-remediation;refs/heads/codex/three-runtime-c64-cross-runtime-calibration;refs/heads/codex/three-runtime-c64-quality-gate-policy-corrective-delta;refs/heads/codex/three-runtime-c64-quality-gate-policy-freeze;refs/heads/codex/vm176-v100-power-hbm-thermal-characterization;refs/heads/control/holiday-codea-to-codeb-relay;refs/heads/main,reports/evidence/VM176-PVE-VFIO-BASELINE-2026-09-23.txt,b30d0000fa776535e4e0a544be74a40aa3ff6e64,suncaifeng/DevSopByAi,archive/comfyui-minimax-h3/reports/evidence/VM176-PVE-VFIO-BASELINE-2026-09-23.txt,ARCHIVE_ONLY,"Preserve immutable TaskContract, report, review/control evidence chain in control-plane archive; retain source commit and blob identity."
suncaifeng/comfyui-minimax-h3,refs/heads/main,644d7ff2a7a00e04db94ab347a85ed61488d5a76,refs/heads/codex/codexc-model-asset-acquisition-publish;refs/heads/codex/codexc-pinkcherry-ltx23-q6kv-refresh;refs/heads/codex/h3-ltx-director-console-v2-corrective-delta-01;refs/heads/codex/h3-ltx-director-console-v2-holiday-codeb;refs/heads/codex/h3storyboard-director-console-v2-holiday-codeb;refs/heads/codex/holiday-onecat-native-benchmark-campaign;refs/heads/codex/holiday-relay-supervisor-codec;refs/heads/codex/onecat-native-v150-awq-vlk-quality-c64-corrective-delta;refs/heads/codex/onecat-native-v150-awq-vlk-quality-c64-delta;refs/heads/codex/onecat-native-v150-awq-vlk-recovery;refs/heads/codex/onecat-native-v150-c64-canonical-readiness;refs/heads/codex/onecat-native-v150-preflight;refs/heads/codex/onecat-qwen38-gguf-loader-patch;refs/heads/codex/task2.1-offline-harness;refs/heads/codex/task2.2-canonical-benchmark-input-freeze;refs/heads/codex/task2.3-kvmem-harness-sync;refs/heads/codex/task2.4-prebenchmark-offline-readiness;refs/heads/codex/three-runtime-c64-canonical-transport-remediation;refs/heads/codex/three-runtime-c64-cross-runtime-calibration;refs/heads/codex/three-runtime-c64-quality-gate-policy-corrective-delta;refs/heads/codex/three-runtime-c64-quality-gate-policy-freeze;refs/heads/codex/vm176-v100-power-hbm-thermal-characterization;refs/heads/control/holiday-codea-to-codeb-relay;refs/heads/main,reports/evidence/VM176-QWEN38-BF16-GGUF-CONVERSION-2026-09-23.txt,184e6d989e0cd1050128af33f54492ecf05754f5,suncaifeng/DevSopByAi,archive/comfyui-minimax-h3/reports/evidence/VM176-QWEN38-BF16-GGUF-CONVERSION-2026-09-23.txt,ARCHIVE_ONLY,"Preserve immutable TaskContract, report, review/control evidence chain in control-plane archive; retain source commit and blob identity."
suncaifeng/comfyui-minimax-h3,refs/heads/main,644d7ff2a7a00e04db94ab347a85ed61488d5a76,refs/heads/codex/codexc-model-asset-acquisition-publish;refs/heads/codex/codexc-pinkcherry-ltx23-q6kv-refresh;refs/heads/codex/h3-ltx-director-console-v2-corrective-delta-01;refs/heads/codex/h3-ltx-director-console-v2-holiday-codeb;refs/heads/codex/h3storyboard-director-console-v2-holiday-codeb;refs/heads/codex/holiday-onecat-native-benchmark-campaign;refs/heads/codex/holiday-relay-supervisor-codec;refs/heads/codex/onecat-native-v150-awq-vlk-quality-c64-corrective-delta;refs/heads/codex/onecat-native-v150-awq-vlk-quality-c64-delta;refs/heads/codex/onecat-native-v150-awq-vlk-recovery;refs/heads/codex/onecat-native-v150-c64-canonical-readiness;refs/heads/codex/onecat-native-v150-preflight;refs/heads/codex/onecat-qwen38-gguf-loader-patch;refs/heads/codex/task2.1-offline-harness;refs/heads/codex/task2.2-canonical-benchmark-input-freeze;refs/heads/codex/task2.3-kvmem-harness-sync;refs/heads/codex/task2.4-prebenchmark-offline-readiness;refs/heads/codex/three-runtime-c64-canonical-transport-remediation;refs/heads/codex/three-runtime-c64-cross-runtime-calibration;refs/heads/codex/three-runtime-c64-quality-gate-policy-corrective-delta;refs/heads/codex/three-runtime-c64-quality-gate-policy-freeze;refs/heads/codex/vm176-v100-power-hbm-thermal-characterization;refs/heads/control/holiday-codea-to-codeb-relay;refs/heads/main,reports/evidence/VM176-QWEN38-IQ4_XS-QUANTIZATION-2026-09-23.txt,123ffff9ff59ef89b45fec6f07d42952b746153a,suncaifeng/DevSopByAi,archive/comfyui-minimax-h3/reports/evidence/VM176-QWEN38-IQ4_XS-QUANTIZATION-2026-09-23.txt,ARCHIVE_ONLY,"Preserve immutable TaskContract, report, review/control evidence chain in control-plane archive; retain source commit and blob identity."
suncaifeng/comfyui-minimax-h3,refs/heads/main,644d7ff2a7a00e04db94ab347a85ed61488d5a76,refs/heads/codex/codexc-model-asset-acquisition-publish;refs/heads/codex/codexc-pinkcherry-ltx23-q6kv-refresh;refs/heads/codex/onecat-native-v150-preflight;refs/heads/codex/onecat-qwen38-gguf-loader-patch;refs/heads/codex/vm176-v100-power-hbm-thermal-characterization;refs/heads/main,reports/evidence/VM176-QWEN38-THREE-RUNTIME-BENCH-READY-PRECONDITIONS-2026-09-25.txt,4e495ed5b34d8659d0e75062295369d3e32f28cc,suncaifeng/DevSopByAi,archive/comfyui-minimax-h3/reports/evidence/VM176-QWEN38-THREE-RUNTIME-BENCH-READY-PRECONDITIONS-2026-09-25.txt,ARCHIVE_ONLY,"Preserve immutable TaskContract, report, review/control evidence chain in control-plane archive; retain source commit and blob identity."
suncaifeng/comfyui-minimax-h3,refs/heads/main,644d7ff2a7a00e04db94ab347a85ed61488d5a76,refs/heads/codex/codexc-model-asset-acquisition-publish;refs/heads/codex/codexc-pinkcherry-ltx23-q6kv-refresh;refs/heads/codex/h3-ltx-director-console-v2-corrective-delta-01;refs/heads/codex/h3-ltx-director-console-v2-holiday-codeb;refs/heads/codex/h3storyboard-director-console-v2-holiday-codeb;refs/heads/codex/holiday-onecat-native-benchmark-campaign;refs/heads/codex/holiday-relay-supervisor-codec;refs/heads/codex/onecat-native-v150-awq-vlk-quality-c64-corrective-delta;refs/heads/codex/onecat-native-v150-awq-vlk-quality-c64-delta;refs/heads/codex/onecat-native-v150-awq-vlk-recovery;refs/heads/codex/onecat-native-v150-c64-canonical-readiness;refs/heads/codex/onecat-native-v150-preflight;refs/heads/codex/onecat-qwen38-gguf-loader-patch;refs/heads/codex/task2.1-offline-harness;refs/heads/codex/task2.2-canonical-benchmark-input-freeze;refs/heads/codex/task2.3-kvmem-harness-sync;refs/heads/codex/task2.4-prebenchmark-offline-readiness;refs/heads/codex/three-runtime-c64-canonical-transport-remediation;refs/heads/codex/three-runtime-c64-cross-runtime-calibration;refs/heads/codex/three-runtime-c64-quality-gate-policy-corrective-delta;refs/heads/codex/three-runtime-c64-quality-gate-policy-freeze;refs/heads/codex/vm176-v100-power-hbm-thermal-characterization;refs/heads/control/holiday-codea-to-codeb-relay;refs/heads/main,reports/evidence/VM176-R580-FAILED-BOOT-KERNEL-2026-09-23.txt,581798b8501608cf3978bdd320ec07ffc24492d0,suncaifeng/DevSopByAi,archive/comfyui-minimax-h3/reports/evidence/VM176-R580-FAILED-BOOT-KERNEL-2026-09-23.txt,ARCHIVE_ONLY,"Preserve immutable TaskContract, report, review/control evidence chain in control-plane archive; retain source commit and blob identity."
suncaifeng/comfyui-minimax-h3,refs/heads/main,644d7ff2a7a00e04db94ab347a85ed61488d5a76,refs/heads/codex/codexc-model-asset-acquisition-publish;refs/heads/codex/codexc-pinkcherry-ltx23-q6kv-refresh;refs/heads/codex/h3-ltx-director-console-v2-corrective-delta-01;refs/heads/codex/h3-ltx-director-console-v2-holiday-codeb;refs/heads/codex/h3storyboard-director-console-v2-holiday-codeb;refs/heads/codex/holiday-onecat-native-benchmark-campaign;refs/heads/codex/holiday-relay-supervisor-codec;refs/heads/codex/onecat-native-v150-awq-vlk-quality-c64-corrective-delta;refs/heads/codex/onecat-native-v150-awq-vlk-quality-c64-delta;refs/heads/codex/onecat-native-v150-awq-vlk-recovery;refs/heads/codex/onecat-native-v150-c64-canonical-readiness;refs/heads/codex/onecat-native-v150-preflight;refs/heads/codex/onecat-qwen38-gguf-loader-patch;refs/heads/codex/task2.1-offline-harness;refs/heads/codex/task2.2-canonical-benchmark-input-freeze;refs/heads/codex/task2.3-kvmem-harness-sync;refs/heads/codex/task2.4-prebenchmark-offline-readiness;refs/heads/codex/three-runtime-c64-canonical-transport-remediation;refs/heads/codex/three-runtime-c64-cross-runtime-calibration;refs/heads/codex/three-runtime-c64-quality-gate-policy-corrective-delta;refs/heads/codex/three-runtime-c64-quality-gate-policy-freeze;refs/heads/codex/vm176-v100-power-hbm-thermal-characterization;refs/heads/control/holiday-codea-to-codeb-relay;refs/heads/main,reports/evidence/VM176-R580-FOUNDATION-MSI-CORRECTION-2026-09-23.txt,606507509d43be4aa19e83f0c1e54ded98e20727,suncaifeng/DevSopByAi,archive/comfyui-minimax-h3/reports/evidence/VM176-R580-FOUNDATION-MSI-CORRECTION-2026-09-23.txt,ARCHIVE_ONLY,"Preserve immutable TaskContract, report, review/control evidence chain in control-plane archive; retain source commit and blob identity."
suncaifeng/comfyui-minimax-h3,refs/heads/main,644d7ff2a7a00e04db94ab347a85ed61488d5a76,refs/heads/codex/codexc-model-asset-acquisition-publish;refs/heads/codex/codexc-pinkcherry-ltx23-q6kv-refresh;refs/heads/codex/h3-ltx-director-console-v2-corrective-delta-01;refs/heads/codex/h3-ltx-director-console-v2-holiday-codeb;refs/heads/codex/h3storyboard-director-console-v2-holiday-codeb;refs/heads/codex/holiday-onecat-native-benchmark-campaign;refs/heads/codex/holiday-relay-supervisor-codec;refs/heads/codex/onecat-native-v150-awq-vlk-quality-c64-corrective-delta;refs/heads/codex/onecat-native-v150-awq-vlk-quality-c64-delta;refs/heads/codex/onecat-native-v150-awq-vlk-recovery;refs/heads/codex/onecat-native-v150-c64-canonical-readiness;refs/heads/codex/onecat-native-v150-preflight;refs/heads/codex/onecat-qwen38-gguf-loader-patch;refs/heads/codex/task2.1-offline-harness;refs/heads/codex/task2.2-canonical-benchmark-input-freeze;refs/heads/codex/task2.3-kvmem-harness-sync;refs/heads/codex/task2.4-prebenchmark-offline-readiness;refs/heads/codex/three-runtime-c64-canonical-transport-remediation;refs/heads/codex/three-runtime-c64-cross-runtime-calibration;refs/heads/codex/three-runtime-c64-quality-gate-policy-corrective-delta;refs/heads/codex/three-runtime-c64-quality-gate-policy-freeze;refs/heads/codex/vm176-v100-power-hbm-thermal-characterization;refs/heads/control/holiday-codea-to-codeb-relay;refs/heads/main,reports/evidence/VM176-R580-FOUNDATION-REBOOT-PERSISTENCE-2026-09-23.txt,ab04a9e28ca43f139b2afb7660c4aedb17c5db7f,suncaifeng/DevSopByAi,archive/comfyui-minimax-h3/reports/evidence/VM176-R580-FOUNDATION-REBOOT-PERSISTENCE-2026-09-23.txt,ARCHIVE_ONLY,"Preserve immutable TaskContract, report, review/control evidence chain in control-plane archive; retain source commit and blob identity."
suncaifeng/comfyui-minimax-h3,refs/heads/main,644d7ff2a7a00e04db94ab347a85ed61488d5a76,refs/heads/codex/codexc-model-asset-acquisition-publish;refs/heads/codex/codexc-pinkcherry-ltx23-q6kv-refresh;refs/heads/codex/h3-ltx-director-console-v2-corrective-delta-01;refs/heads/codex/h3-ltx-director-console-v2-holiday-codeb;refs/heads/codex/h3storyboard-director-console-v2-holiday-codeb;refs/heads/codex/holiday-onecat-native-benchmark-campaign;refs/heads/codex/holiday-relay-supervisor-codec;refs/heads/codex/onecat-native-v150-awq-vlk-quality-c64-corrective-delta;refs/heads/codex/onecat-native-v150-awq-vlk-quality-c64-delta;refs/heads/codex/onecat-native-v150-awq-vlk-recovery;refs/heads/codex/onecat-native-v150-c64-canonical-readiness;refs/heads/codex/onecat-native-v150-preflight;refs/heads/codex/onecat-qwen38-gguf-loader-patch;refs/heads/codex/task2.1-offline-harness;refs/heads/codex/task2.2-canonical-benchmark-input-freeze;refs/heads/codex/task2.3-kvmem-harness-sync;refs/heads/codex/task2.4-prebenchmark-offline-readiness;refs/heads/codex/three-runtime-c64-canonical-transport-remediation;refs/heads/codex/three-runtime-c64-cross-runtime-calibration;refs/heads/codex/three-runtime-c64-quality-gate-policy-corrective-delta;refs/heads/codex/three-runtime-c64-quality-gate-policy-freeze;refs/heads/codex/vm176-v100-power-hbm-thermal-characterization;refs/heads/control/holiday-codea-to-codeb-relay;refs/heads/main,reports/evidence/VM176-R580-INSTALLER-LOG-EXCERPT-2026-09-23.txt,ebc5df013f7655877953720ce50dfdea585a754e,suncaifeng/DevSopByAi,archive/comfyui-minimax-h3/reports/evidence/VM176-R580-INSTALLER-LOG-EXCERPT-2026-09-23.txt,ARCHIVE_ONLY,"Preserve immutable TaskContract, report, review/control evidence chain in control-plane archive; retain source commit and blob identity."
suncaifeng/comfyui-minimax-h3,refs/heads/main,644d7ff2a7a00e04db94ab347a85ed61488d5a76,refs/heads/codex/codexc-model-asset-acquisition-publish;refs/heads/codex/codexc-pinkcherry-ltx23-q6kv-refresh;refs/heads/codex/h3-ltx-director-console-v2-corrective-delta-01;refs/heads/codex/h3-ltx-director-console-v2-holiday-codeb;refs/heads/codex/h3storyboard-director-console-v2-holiday-codeb;refs/heads/codex/holiday-onecat-native-benchmark-campaign;refs/heads/codex/holiday-relay-supervisor-codec;refs/heads/codex/onecat-native-v150-awq-vlk-quality-c64-corrective-delta;refs/heads/codex/onecat-native-v150-awq-vlk-quality-c64-delta;refs/heads/codex/onecat-native-v150-awq-vlk-recovery;refs/heads/codex/onecat-native-v150-c64-canonical-readiness;refs/heads/codex/onecat-native-v150-preflight;refs/heads/codex/onecat-qwen38-gguf-loader-patch;refs/heads/codex/task2.1-offline-harness;refs/heads/codex/task2.2-canonical-benchmark-input-freeze;refs/heads/codex/task2.3-kvmem-harness-sync;refs/heads/codex/task2.4-prebenchmark-offline-readiness;refs/heads/codex/three-runtime-c64-canonical-transport-remediation;refs/heads/codex/three-runtime-c64-cross-runtime-calibration;refs/heads/codex/three-runtime-c64-quality-gate-policy-corrective-delta;refs/heads/codex/three-runtime-c64-quality-gate-policy-freeze;refs/heads/codex/vm176-v100-power-hbm-thermal-characterization;refs/heads/control/holiday-codea-to-codeb-relay;refs/heads/main,reports/evidence/VM176-R580-NOUVEAU-ISOLATION-535-CONTROL-BOOT-2026-09-23.txt,90f8c17b70d323e308c8bd955f461d79313e7e71,suncaifeng/DevSopByAi,archive/comfyui-minimax-h3/reports/evidence/VM176-R580-NOUVEAU-ISOLATION-535-CONTROL-BOOT-2026-09-23.txt,ARCHIVE_ONLY,"Preserve immutable TaskContract, report, review/control evidence chain in control-plane archive; retain source commit and blob identity."
suncaifeng/comfyui-minimax-h3,refs/heads/main,644d7ff2a7a00e04db94ab347a85ed61488d5a76,refs/heads/codex/codexc-model-asset-acquisition-publish;refs/heads/codex/codexc-pinkcherry-ltx23-q6kv-refresh;refs/heads/codex/h3-ltx-director-console-v2-corrective-delta-01;refs/heads/codex/h3-ltx-director-console-v2-holiday-codeb;refs/heads/codex/h3storyboard-director-console-v2-holiday-codeb;refs/heads/codex/holiday-onecat-native-benchmark-campaign;refs/heads/codex/holiday-relay-supervisor-codec;refs/heads/codex/onecat-native-v150-awq-vlk-quality-c64-corrective-delta;refs/heads/codex/onecat-native-v150-awq-vlk-quality-c64-delta;refs/heads/codex/onecat-native-v150-awq-vlk-recovery;refs/heads/codex/onecat-native-v150-c64-canonical-readiness;refs/heads/codex/onecat-native-v150-preflight;refs/heads/codex/onecat-qwen38-gguf-loader-patch;refs/heads/codex/task2.1-offline-harness;refs/heads/codex/task2.2-canonical-benchmark-input-freeze;refs/heads/codex/task2.3-kvmem-harness-sync;refs/heads/codex/task2.4-prebenchmark-offline-readiness;refs/heads/codex/three-runtime-c64-canonical-transport-remediation;refs/heads/codex/three-runtime-c64-cross-runtime-calibration;refs/heads/codex/three-runtime-c64-quality-gate-policy-corrective-delta;refs/heads/codex/three-runtime-c64-quality-gate-policy-freeze;refs/heads/codex/vm176-v100-power-hbm-thermal-characterization;refs/heads/control/holiday-codea-to-codeb-relay;refs/heads/main,reports/evidence/VM176-R580-NOUVEAU-ISOLATION-PRESTATE-2026-09-23.txt,e206087c3b0009cd62b1a5baa2e8745ea36c436f,suncaifeng/DevSopByAi,archive/comfyui-minimax-h3/reports/evidence/VM176-R580-NOUVEAU-ISOLATION-PRESTATE-2026-09-23.txt,ARCHIVE_ONLY,"Preserve immutable TaskContract, report, review/control evidence chain in control-plane archive; retain source commit and blob identity."
suncaifeng/comfyui-minimax-h3,refs/heads/main,644d7ff2a7a00e04db94ab347a85ed61488d5a76,refs/heads/codex/codexc-model-asset-acquisition-publish;refs/heads/codex/codexc-pinkcherry-ltx23-q6kv-refresh;refs/heads/codex/h3-ltx-director-console-v2-corrective-delta-01;refs/heads/codex/h3-ltx-director-console-v2-holiday-codeb;refs/heads/codex/h3storyboard-director-console-v2-holiday-codeb;refs/heads/codex/holiday-onecat-native-benchmark-campaign;refs/heads/codex/holiday-relay-supervisor-codec;refs/heads/codex/onecat-native-v150-awq-vlk-quality-c64-corrective-delta;refs/heads/codex/onecat-native-v150-awq-vlk-quality-c64-delta;refs/heads/codex/onecat-native-v150-awq-vlk-recovery;refs/heads/codex/onecat-native-v150-c64-canonical-readiness;refs/heads/codex/onecat-native-v150-preflight;refs/heads/codex/onecat-qwen38-gguf-loader-patch;refs/heads/codex/task2.1-offline-harness;refs/heads/codex/task2.2-canonical-benchmark-input-freeze;refs/heads/codex/task2.3-kvmem-harness-sync;refs/heads/codex/task2.4-prebenchmark-offline-readiness;refs/heads/codex/three-runtime-c64-canonical-transport-remediation;refs/heads/codex/three-runtime-c64-cross-runtime-calibration;refs/heads/codex/three-runtime-c64-quality-gate-policy-corrective-delta;refs/heads/codex/three-runtime-c64-quality-gate-policy-freeze;refs/heads/codex/vm176-v100-power-hbm-thermal-characterization;refs/heads/control/holiday-codea-to-codeb-relay;refs/heads/main,reports/evidence/VM176-R580-NOUVEAU-ISOLATION-R580-BOOT-2026-09-23.txt,1d9ef9550c2df7206633ee15b43db1842869f6ec,suncaifeng/DevSopByAi,archive/comfyui-minimax-h3/reports/evidence/VM176-R580-NOUVEAU-ISOLATION-R580-BOOT-2026-09-23.txt,ARCHIVE_ONLY,"Preserve immutable TaskContract, report, review/control evidence chain in control-plane archive; retain source commit and blob identity."
suncaifeng/comfyui-minimax-h3,refs/heads/main,644d7ff2a7a00e04db94ab347a85ed61488d5a76,refs/heads/codex/codexc-model-asset-acquisition-publish;refs/heads/codex/codexc-pinkcherry-ltx23-q6kv-refresh;refs/heads/codex/h3-ltx-director-console-v2-corrective-delta-01;refs/heads/codex/h3-ltx-director-console-v2-holiday-codeb;refs/heads/codex/h3storyboard-director-console-v2-holiday-codeb;refs/heads/codex/holiday-onecat-native-benchmark-campaign;refs/heads/codex/holiday-relay-supervisor-codec;refs/heads/codex/onecat-native-v150-awq-vlk-quality-c64-corrective-delta;refs/heads/codex/onecat-native-v150-awq-vlk-quality-c64-delta;refs/heads/codex/onecat-native-v150-awq-vlk-recovery;refs/heads/codex/onecat-native-v150-c64-canonical-readiness;refs/heads/codex/onecat-native-v150-preflight;refs/heads/codex/onecat-qwen38-gguf-loader-patch;refs/heads/codex/task2.1-offline-harness;refs/heads/codex/task2.2-canonical-benchmark-input-freeze;refs/heads/codex/task2.3-kvmem-harness-sync;refs/heads/codex/task2.4-prebenchmark-offline-readiness;refs/heads/codex/three-runtime-c64-canonical-transport-remediation;refs/heads/codex/three-runtime-c64-cross-runtime-calibration;refs/heads/codex/three-runtime-c64-quality-gate-policy-corrective-delta;refs/heads/codex/three-runtime-c64-quality-gate-policy-freeze;refs/heads/codex/vm176-v100-power-hbm-thermal-characterization;refs/heads/control/holiday-codea-to-codeb-relay;refs/heads/main,reports/evidence/VM176-R580-UNINSTALLER-LOG-EXCERPT-2026-09-23.txt,08e6e414bb9a3ca3fff71fbc03088debb14f580a,suncaifeng/DevSopByAi,archive/comfyui-minimax-h3/reports/evidence/VM176-R580-UNINSTALLER-LOG-EXCERPT-2026-09-23.txt,ARCHIVE_ONLY,"Preserve immutable TaskContract, report, review/control evidence chain in control-plane archive; retain source commit and blob identity."
suncaifeng/comfyui-minimax-h3,refs/heads/main,644d7ff2a7a00e04db94ab347a85ed61488d5a76,refs/heads/codex/codexc-model-asset-acquisition-publish;refs/heads/codex/codexc-pinkcherry-ltx23-q6kv-refresh;refs/heads/codex/h3-ltx-director-console-v2-corrective-delta-01;refs/heads/codex/h3-ltx-director-console-v2-holiday-codeb;refs/heads/codex/h3storyboard-director-console-v2-holiday-codeb;refs/heads/codex/holiday-onecat-native-benchmark-campaign;refs/heads/codex/holiday-relay-supervisor-codec;refs/heads/codex/onecat-native-v150-awq-vlk-quality-c64-corrective-delta;refs/heads/codex/onecat-native-v150-awq-vlk-quality-c64-delta;refs/heads/codex/onecat-native-v150-awq-vlk-recovery;refs/heads/codex/onecat-native-v150-c64-canonical-readiness;refs/heads/codex/onecat-native-v150-preflight;refs/heads/codex/onecat-qwen38-gguf-loader-patch;refs/heads/codex/task2.1-offline-harness;refs/heads/codex/task2.2-canonical-benchmark-input-freeze;refs/heads/codex/task2.3-kvmem-harness-sync;refs/heads/codex/task2.4-prebenchmark-offline-readiness;refs/heads/codex/three-runtime-c64-canonical-transport-remediation;refs/heads/codex/three-runtime-c64-cross-runtime-calibration;refs/heads/codex/three-runtime-c64-quality-gate-policy-corrective-delta;refs/heads/codex/three-runtime-c64-quality-gate-policy-freeze;refs/heads/codex/vm176-v100-power-hbm-thermal-characterization;refs/heads/control/holiday-codea-to-codeb-relay;refs/heads/main,reports/evidence/VM176-ROOT-DISK-EXPANSION-TO-256G-2026-09-24.txt,f221fc052de2f86c33cd47d1e9611fd110a8d0a8,suncaifeng/DevSopByAi,archive/comfyui-minimax-h3/reports/evidence/VM176-ROOT-DISK-EXPANSION-TO-256G-2026-09-24.txt,ARCHIVE_ONLY,"Preserve immutable TaskContract, report, review/control evidence chain in control-plane archive; retain source commit and blob identity."
suncaifeng/comfyui-minimax-h3,refs/heads/main,644d7ff2a7a00e04db94ab347a85ed61488d5a76,refs/heads/codex/codexc-model-asset-acquisition-publish;refs/heads/codex/codexc-pinkcherry-ltx23-q6kv-refresh;refs/heads/codex/h3-ltx-director-console-v2-corrective-delta-01;refs/heads/codex/h3-ltx-director-console-v2-holiday-codeb;refs/heads/codex/h3storyboard-director-console-v2-holiday-codeb;refs/heads/codex/holiday-onecat-native-benchmark-campaign;refs/heads/codex/holiday-relay-supervisor-codec;refs/heads/codex/onecat-native-v150-awq-vlk-quality-c64-corrective-delta;refs/heads/codex/onecat-native-v150-awq-vlk-quality-c64-delta;refs/heads/codex/onecat-native-v150-awq-vlk-recovery;refs/heads/codex/onecat-native-v150-c64-canonical-readiness;refs/heads/codex/onecat-native-v150-preflight;refs/heads/codex/onecat-qwen38-gguf-loader-patch;refs/heads/codex/task2.1-offline-harness;refs/heads/codex/task2.2-canonical-benchmark-input-freeze;refs/heads/codex/task2.3-kvmem-harness-sync;refs/heads/codex/task2.4-prebenchmark-offline-readiness;refs/heads/codex/three-runtime-c64-canonical-transport-remediation;refs/heads/codex/three-runtime-c64-cross-runtime-calibration;refs/heads/codex/three-runtime-c64-quality-gate-policy-corrective-delta;refs/heads/codex/three-runtime-c64-quality-gate-policy-freeze;refs/heads/codex/vm176-v100-power-hbm-thermal-characterization;refs/heads/control/holiday-codea-to-codeb-relay;refs/heads/main,reports/evidence/VM176-ROOT-STORAGE-RECONCILIATION-RUNTIME-PLACEMENT-2026-09-24.txt,2a6308f84642daa84c1b8bb976bc61703d8bade5,suncaifeng/DevSopByAi,archive/comfyui-minimax-h3/reports/evidence/VM176-ROOT-STORAGE-RECONCILIATION-RUNTIME-PLACEMENT-2026-09-24.txt,ARCHIVE_ONLY,"Preserve immutable TaskContract, report, review/control evidence chain in control-plane archive; retain source commit and blob identity."
suncaifeng/comfyui-minimax-h3,refs/heads/codex/onecat-qwen38-gguf-loader-patch,26af29a8672112f2b780a1deab3ea1bf7c4d1570,refs/heads/codex/onecat-qwen38-gguf-loader-patch,reports/evidence/VM176-STAGE5-CODEXA-ONECAT-EAGER-RUNTIME-BENCH-READY-2026-09-30.txt,7d9d3baed0cb5baf392bd361bcba948a9dcc90c8,suncaifeng/DevSopByAi,archive/comfyui-minimax-h3/reports/evidence/VM176-STAGE5-CODEXA-ONECAT-EAGER-RUNTIME-BENCH-READY-2026-09-30.txt,ARCHIVE_ONLY,"Preserve immutable TaskContract, report, review/control evidence chain in control-plane archive; retain source commit and blob identity."
suncaifeng/comfyui-minimax-h3,refs/heads/codex/onecat-qwen38-gguf-loader-patch,26af29a8672112f2b780a1deab3ea1bf7c4d1570,refs/heads/codex/onecat-qwen38-gguf-loader-patch,reports/evidence/VM176-STAGE5-CODEXA-ONECAT-GGUF-MULTI-INDEX-SHARD-LOADING-SUPPORT-2026-09-29.txt,a3a1ff283b679f726a728ef1ac77e974ea142f8c,suncaifeng/DevSopByAi,archive/comfyui-minimax-h3/reports/evidence/VM176-STAGE5-CODEXA-ONECAT-GGUF-MULTI-INDEX-SHARD-LOADING-SUPPORT-2026-09-29.txt,ARCHIVE_ONLY,"Preserve immutable TaskContract, report, review/control evidence chain in control-plane archive; retain source commit and blob identity."
suncaifeng/comfyui-minimax-h3,refs/heads/codex/onecat-qwen38-gguf-loader-patch,26af29a8672112f2b780a1deab3ea1bf7c4d1570,refs/heads/codex/onecat-qwen38-gguf-loader-patch,reports/evidence/VM176-STAGE5-CODEXA-ONECAT-GGUF-TRITON-VLK-FINAL-CLOSURE-2026-09-30.txt,884cadf7fc28b2d39c61ac3a83d5482263501746,suncaifeng/DevSopByAi,archive/comfyui-minimax-h3/reports/evidence/VM176-STAGE5-CODEXA-ONECAT-GGUF-TRITON-VLK-FINAL-CLOSURE-2026-09-30.txt,ARCHIVE_ONLY,"Preserve immutable TaskContract, report, review/control evidence chain in control-plane archive; retain source commit and blob identity."
suncaifeng/comfyui-minimax-h3,refs/heads/codex/h3-ltx-director-console-v2-corrective-delta-01,3968742392a8967325c4a9a2c3f6c81776e00c02,refs/heads/codex/h3-ltx-director-console-v2-corrective-delta-01;refs/heads/codex/h3-ltx-director-console-v2-holiday-codeb;refs/heads/codex/h3storyboard-director-console-v2-holiday-codeb;refs/heads/codex/holiday-relay-supervisor-codec;refs/heads/codex/onecat-native-v150-awq-vlk-quality-c64-corrective-delta;refs/heads/codex/onecat-native-v150-c64-canonical-readiness;refs/heads/codex/three-runtime-c64-canonical-transport-remediation;refs/heads/codex/three-runtime-c64-cross-runtime-calibration;refs/heads/codex/three-runtime-c64-quality-gate-policy-corrective-delta;refs/heads/codex/three-runtime-c64-quality-gate-policy-freeze;refs/heads/control/holiday-codea-to-codeb-relay,reports/evidence/VM176-STAGE5-CODEXA-ONECAT-NATIVE-V150-AWQ-VLK-QUALITY-C64-CORRECTIVE-DELTA-2026-10-02.txt,05e1ea6ed0c2bae6d9c5a3c46f4d293fd15368ec,suncaifeng/DevSopByAi,archive/comfyui-minimax-h3/reports/evidence/VM176-STAGE5-CODEXA-ONECAT-NATIVE-V150-AWQ-VLK-QUALITY-C64-CORRECTIVE-DELTA-2026-10-02.txt,ARCHIVE_ONLY,"Preserve immutable TaskContract, report, review/control evidence chain in control-plane archive; retain source commit and blob identity."
suncaifeng/comfyui-minimax-h3,refs/heads/codex/h3-ltx-director-console-v2-corrective-delta-01,3968742392a8967325c4a9a2c3f6c81776e00c02,refs/heads/codex/h3-ltx-director-console-v2-corrective-delta-01;refs/heads/codex/h3-ltx-director-console-v2-holiday-codeb;refs/heads/codex/h3storyboard-director-console-v2-holiday-codeb;refs/heads/codex/holiday-relay-supervisor-codec;refs/heads/codex/onecat-native-v150-awq-vlk-quality-c64-corrective-delta;refs/heads/codex/onecat-native-v150-awq-vlk-quality-c64-delta;refs/heads/codex/onecat-native-v150-c64-canonical-readiness;refs/heads/codex/three-runtime-c64-canonical-transport-remediation;refs/heads/codex/three-runtime-c64-cross-runtime-calibration;refs/heads/codex/three-runtime-c64-quality-gate-policy-corrective-delta;refs/heads/codex/three-runtime-c64-quality-gate-policy-freeze;refs/heads/control/holiday-codea-to-codeb-relay,reports/evidence/VM176-STAGE5-CODEXA-ONECAT-NATIVE-V150-AWQ-VLK-QUALITY-C64-DELTA-2026-10-02.txt,1d724dba9823e057c8473c5848a880c8a7ab8e79,suncaifeng/DevSopByAi,archive/comfyui-minimax-h3/reports/evidence/VM176-STAGE5-CODEXA-ONECAT-NATIVE-V150-AWQ-VLK-QUALITY-C64-DELTA-2026-10-02.txt,ARCHIVE_ONLY,"Preserve immutable TaskContract, report, review/control evidence chain in control-plane archive; retain source commit and blob identity."
suncaifeng/comfyui-minimax-h3,refs/heads/codex/h3-ltx-director-console-v2-corrective-delta-01,3968742392a8967325c4a9a2c3f6c81776e00c02,refs/heads/codex/h3-ltx-director-console-v2-corrective-delta-01;refs/heads/codex/h3-ltx-director-console-v2-holiday-codeb;refs/heads/codex/h3storyboard-director-console-v2-holiday-codeb;refs/heads/codex/holiday-relay-supervisor-codec;refs/heads/codex/onecat-native-v150-awq-vlk-quality-c64-corrective-delta;refs/heads/codex/onecat-native-v150-awq-vlk-quality-c64-delta;refs/heads/codex/onecat-native-v150-awq-vlk-recovery;refs/heads/codex/onecat-native-v150-c64-canonical-readiness;refs/heads/codex/three-runtime-c64-canonical-transport-remediation;refs/heads/codex/three-runtime-c64-cross-runtime-calibration;refs/heads/codex/three-runtime-c64-quality-gate-policy-corrective-delta;refs/heads/codex/three-runtime-c64-quality-gate-policy-freeze;refs/heads/control/holiday-codea-to-codeb-relay,reports/evidence/VM176-STAGE5-CODEXA-ONECAT-NATIVE-V150-AWQ-VLK-RECOVERY-2026-10-02.txt,34efce0035f291db9061aedec207b01f524f0556,suncaifeng/DevSopByAi,archive/comfyui-minimax-h3/reports/evidence/VM176-STAGE5-CODEXA-ONECAT-NATIVE-V150-AWQ-VLK-RECOVERY-2026-10-02.txt,ARCHIVE_ONLY,"Preserve immutable TaskContract, report, review/control evidence chain in control-plane archive; retain source commit and blob identity."
suncaifeng/comfyui-minimax-h3,refs/heads/codex/h3-ltx-director-console-v2-corrective-delta-01,3968742392a8967325c4a9a2c3f6c81776e00c02,refs/heads/codex/h3-ltx-director-console-v2-corrective-delta-01;refs/heads/codex/h3-ltx-director-console-v2-holiday-codeb;refs/heads/codex/h3storyboard-director-console-v2-holiday-codeb;refs/heads/codex/holiday-relay-supervisor-codec;refs/heads/codex/onecat-native-v150-c64-canonical-readiness;refs/heads/codex/three-runtime-c64-canonical-transport-remediation;refs/heads/codex/three-runtime-c64-cross-runtime-calibration;refs/heads/codex/three-runtime-c64-quality-gate-policy-corrective-delta;refs/heads/codex/three-runtime-c64-quality-gate-policy-freeze;refs/heads/control/holiday-codea-to-codeb-relay,reports/evidence/VM176-STAGE5-CODEXA-ONECAT-NATIVE-V150-C64-CANONICAL-READINESS-2026-10-02.txt,c4bde406d75bf237000e13e183fb3d3c892e811d,suncaifeng/DevSopByAi,archive/comfyui-minimax-h3/reports/evidence/VM176-STAGE5-CODEXA-ONECAT-NATIVE-V150-C64-CANONICAL-READINESS-2026-10-02.txt,ARCHIVE_ONLY,"Preserve immutable TaskContract, report, review/control evidence chain in control-plane archive; retain source commit and blob identity."
suncaifeng/comfyui-minimax-h3,refs/heads/codex/onecat-qwen38-gguf-loader-patch,26af29a8672112f2b780a1deab3ea1bf7c4d1570,refs/heads/codex/onecat-qwen38-gguf-loader-patch,reports/evidence/VM176-STAGE5-CODEXA-ONECAT-QWEN35-GGUF-CONV1D-SHAPE-COMPATIBILITY-2026-09-30.txt,f4b8badfcd568cf5f046f133e9b6055a70786c43,suncaifeng/DevSopByAi,archive/comfyui-minimax-h3/reports/evidence/VM176-STAGE5-CODEXA-ONECAT-QWEN35-GGUF-CONV1D-SHAPE-COMPATIBILITY-2026-09-30.txt,ARCHIVE_ONLY,"Preserve immutable TaskContract, report, review/control evidence chain in control-plane archive; retain source commit and blob identity."
suncaifeng/comfyui-minimax-h3,refs/heads/codex/onecat-qwen38-gguf-loader-patch,26af29a8672112f2b780a1deab3ea1bf7c4d1570,refs/heads/codex/onecat-qwen38-gguf-loader-patch,reports/evidence/VM176-STAGE5-CODEXA-ONECAT-QWEN38-GGUF-LOADER-PATCH-2026-09-29.txt,927fa558abcca14fe4546e4fdd38c3a57c23e206,suncaifeng/DevSopByAi,archive/comfyui-minimax-h3/reports/evidence/VM176-STAGE5-CODEXA-ONECAT-QWEN38-GGUF-LOADER-PATCH-2026-09-29.txt,ARCHIVE_ONLY,"Preserve immutable TaskContract, report, review/control evidence chain in control-plane archive; retain source commit and blob identity."
suncaifeng/comfyui-minimax-h3,refs/heads/codex/onecat-qwen38-gguf-loader-patch,26af29a8672112f2b780a1deab3ea1bf7c4d1570,refs/heads/codex/onecat-qwen38-gguf-loader-patch,reports/evidence/VM176-STAGE5-CODEXA-ONECAT-QWEN38-LINEAR-ATTN-GGUF-MAP-CORRECTION-2026-09-29.txt,5f16d6e9268ef575bd68aadca93a4d85455688df,suncaifeng/DevSopByAi,archive/comfyui-minimax-h3/reports/evidence/VM176-STAGE5-CODEXA-ONECAT-QWEN38-LINEAR-ATTN-GGUF-MAP-CORRECTION-2026-09-29.txt,ARCHIVE_ONLY,"Preserve immutable TaskContract, report, review/control evidence chain in control-plane archive; retain source commit and blob identity."
suncaifeng/comfyui-minimax-h3,refs/heads/main,644d7ff2a7a00e04db94ab347a85ed61488d5a76,refs/heads/codex/codexc-model-asset-acquisition-publish;refs/heads/codex/codexc-pinkcherry-ltx23-q6kv-refresh;refs/heads/codex/onecat-native-v150-preflight;refs/heads/codex/onecat-qwen38-gguf-loader-patch;refs/heads/codex/vm176-v100-power-hbm-thermal-characterization;refs/heads/main,reports/evidence/VM176-STAGE5-CODEXA-ONECAT-QWEN38-SUPPORT-ADOPTION-2026-09-28.txt,df9402807866e9dfbc11e44c419c4633394c90e4,suncaifeng/DevSopByAi,archive/comfyui-minimax-h3/reports/evidence/VM176-STAGE5-CODEXA-ONECAT-QWEN38-SUPPORT-ADOPTION-2026-09-28.txt,ARCHIVE_ONLY,"Preserve immutable TaskContract, report, review/control evidence chain in control-plane archive; retain source commit and blob identity."
suncaifeng/comfyui-minimax-h3,refs/heads/codex/onecat-qwen38-gguf-loader-patch,26af29a8672112f2b780a1deab3ea1bf7c4d1570,refs/heads/codex/onecat-qwen38-gguf-loader-patch,reports/evidence/VM176-STAGE5-CODEXA-ONECAT-SM70-FLASHQLA-VLK-PREFILL-BENCH-READY-2026-09-30.txt,3b84a095144d41cda4e3ad381730d8f0450c3070,suncaifeng/DevSopByAi,archive/comfyui-minimax-h3/reports/evidence/VM176-STAGE5-CODEXA-ONECAT-SM70-FLASHQLA-VLK-PREFILL-BENCH-READY-2026-09-30.txt,ARCHIVE_ONLY,"Preserve immutable TaskContract, report, review/control evidence chain in control-plane archive; retain source commit and blob identity."
suncaifeng/comfyui-minimax-h3,refs/heads/codex/onecat-native-v150-preflight,bd78b9c1f494af95108a0220a523a980e0b9b9a9,refs/heads/codex/onecat-native-v150-preflight,reports/evidence/VM176-STAGE5-CODEXB-ONECAT-NATIVE-V150-SM70-PREFLIGHT-2026-09-30.txt,b22b1d6c8b81984ac2787de73e051210e8beb51f,suncaifeng/DevSopByAi,archive/comfyui-minimax-h3/reports/evidence/VM176-STAGE5-CODEXB-ONECAT-NATIVE-V150-SM70-PREFLIGHT-2026-09-30.txt,ARCHIVE_ONLY,"Preserve immutable TaskContract, report, review/control evidence chain in control-plane archive; retain source commit and blob identity."
suncaifeng/comfyui-minimax-h3,refs/heads/codex/h3-ltx-director-console-v2-corrective-delta-01,3968742392a8967325c4a9a2c3f6c81776e00c02,refs/heads/codex/h3-ltx-director-console-v2-corrective-delta-01;refs/heads/codex/h3-ltx-director-console-v2-holiday-codeb;refs/heads/codex/h3storyboard-director-console-v2-holiday-codeb;refs/heads/codex/holiday-onecat-native-benchmark-campaign;refs/heads/codex/holiday-relay-supervisor-codec;refs/heads/codex/onecat-native-v150-awq-vlk-quality-c64-corrective-delta;refs/heads/codex/onecat-native-v150-awq-vlk-quality-c64-delta;refs/heads/codex/onecat-native-v150-awq-vlk-recovery;refs/heads/codex/onecat-native-v150-c64-canonical-readiness;refs/heads/codex/task2.1-offline-harness;refs/heads/codex/task2.2-canonical-benchmark-input-freeze;refs/heads/codex/task2.3-kvmem-harness-sync;refs/heads/codex/task2.4-prebenchmark-offline-readiness;refs/heads/codex/three-runtime-c64-canonical-transport-remediation;refs/heads/codex/three-runtime-c64-cross-runtime-calibration;refs/heads/codex/three-runtime-c64-quality-gate-policy-corrective-delta;refs/heads/codex/three-runtime-c64-quality-gate-policy-freeze;refs/heads/control/holiday-codea-to-codeb-relay,reports/evidence/VM176-STAGE5-CODEXB-TASK2.1-CLOSURE-MERGE-READINESS-2026-09-28.txt,a6020bf609fe982aaa9f9e228ed27fbf03f86104,suncaifeng/DevSopByAi,archive/comfyui-minimax-h3/reports/evidence/VM176-STAGE5-CODEXB-TASK2.1-CLOSURE-MERGE-READINESS-2026-09-28.txt,ARCHIVE_ONLY,"Preserve immutable TaskContract, report, review/control evidence chain in control-plane archive; retain source commit and blob identity."
suncaifeng/comfyui-minimax-h3,refs/heads/codex/h3-ltx-director-console-v2-corrective-delta-01,3968742392a8967325c4a9a2c3f6c81776e00c02,refs/heads/codex/h3-ltx-director-console-v2-corrective-delta-01;refs/heads/codex/h3-ltx-director-console-v2-holiday-codeb;refs/heads/codex/h3storyboard-director-console-v2-holiday-codeb;refs/heads/codex/holiday-onecat-native-benchmark-campaign;refs/heads/codex/holiday-relay-supervisor-codec;refs/heads/codex/onecat-native-v150-awq-vlk-quality-c64-corrective-delta;refs/heads/codex/onecat-native-v150-awq-vlk-quality-c64-delta;refs/heads/codex/onecat-native-v150-awq-vlk-recovery;refs/heads/codex/onecat-native-v150-c64-canonical-readiness;refs/heads/codex/task2.1-offline-harness;refs/heads/codex/task2.2-canonical-benchmark-input-freeze;refs/heads/codex/task2.3-kvmem-harness-sync;refs/heads/codex/task2.4-prebenchmark-offline-readiness;refs/heads/codex/three-runtime-c64-canonical-transport-remediation;refs/heads/codex/three-runtime-c64-cross-runtime-calibration;refs/heads/codex/three-runtime-c64-quality-gate-policy-corrective-delta;refs/heads/codex/three-runtime-c64-quality-gate-policy-freeze;refs/heads/control/holiday-codea-to-codeb-relay,reports/evidence/VM176-STAGE5-CODEXB-TASK2.1-MATRIX-SEMANTICS-EVIDENCE-FINAL-CORRECTION-2026-09-28.txt,4bca42cf6fb8398e75bcbda7e2a2361e36206dc2,suncaifeng/DevSopByAi,archive/comfyui-minimax-h3/reports/evidence/VM176-STAGE5-CODEXB-TASK2.1-MATRIX-SEMANTICS-EVIDENCE-FINAL-CORRECTION-2026-09-28.txt,ARCHIVE_ONLY,"Preserve immutable TaskContract, report, review/control evidence chain in control-plane archive; retain source commit and blob identity."
suncaifeng/comfyui-minimax-h3,refs/heads/codex/h3-ltx-director-console-v2-corrective-delta-01,3968742392a8967325c4a9a2c3f6c81776e00c02,refs/heads/codex/h3-ltx-director-console-v2-corrective-delta-01;refs/heads/codex/h3-ltx-director-console-v2-holiday-codeb;refs/heads/codex/h3storyboard-director-console-v2-holiday-codeb;refs/heads/codex/holiday-onecat-native-benchmark-campaign;refs/heads/codex/holiday-relay-supervisor-codec;refs/heads/codex/onecat-native-v150-awq-vlk-quality-c64-corrective-delta;refs/heads/codex/onecat-native-v150-awq-vlk-quality-c64-delta;refs/heads/codex/onecat-native-v150-awq-vlk-recovery;refs/heads/codex/onecat-native-v150-c64-canonical-readiness;refs/heads/codex/task2.1-offline-harness;refs/heads/codex/task2.2-canonical-benchmark-input-freeze;refs/heads/codex/task2.3-kvmem-harness-sync;refs/heads/codex/task2.4-prebenchmark-offline-readiness;refs/heads/codex/three-runtime-c64-canonical-transport-remediation;refs/heads/codex/three-runtime-c64-cross-runtime-calibration;refs/heads/codex/three-runtime-c64-quality-gate-policy-corrective-delta;refs/heads/codex/three-runtime-c64-quality-gate-policy-freeze;refs/heads/control/holiday-codea-to-codeb-relay,reports/evidence/VM176-STAGE5-CODEXB-TASK2.1-OFFLINE-HARNESS-FINAL-COMPLETION-2026-09-28.txt,2ad6eb3c996499fc52c1ebafe698610af7fd1c46,suncaifeng/DevSopByAi,archive/comfyui-minimax-h3/reports/evidence/VM176-STAGE5-CODEXB-TASK2.1-OFFLINE-HARNESS-FINAL-COMPLETION-2026-09-28.txt,ARCHIVE_ONLY,"Preserve immutable TaskContract, report, review/control evidence chain in control-plane archive; retain source commit and blob identity."
suncaifeng/comfyui-minimax-h3,refs/heads/codex/h3-ltx-director-console-v2-corrective-delta-01,3968742392a8967325c4a9a2c3f6c81776e00c02,refs/heads/codex/h3-ltx-director-console-v2-corrective-delta-01;refs/heads/codex/h3-ltx-director-console-v2-holiday-codeb;refs/heads/codex/h3storyboard-director-console-v2-holiday-codeb;refs/heads/codex/holiday-onecat-native-benchmark-campaign;refs/heads/codex/holiday-relay-supervisor-codec;refs/heads/codex/onecat-native-v150-awq-vlk-quality-c64-corrective-delta;refs/heads/codex/onecat-native-v150-awq-vlk-quality-c64-delta;refs/heads/codex/onecat-native-v150-awq-vlk-recovery;refs/heads/codex/onecat-native-v150-c64-canonical-readiness;refs/heads/codex/task2.2-canonical-benchmark-input-freeze;refs/heads/codex/task2.3-kvmem-harness-sync;refs/heads/codex/task2.4-prebenchmark-offline-readiness;refs/heads/codex/three-runtime-c64-canonical-transport-remediation;refs/heads/codex/three-runtime-c64-cross-runtime-calibration;refs/heads/codex/three-runtime-c64-quality-gate-policy-corrective-delta;refs/heads/codex/three-runtime-c64-quality-gate-policy-freeze;refs/heads/control/holiday-codea-to-codeb-relay,reports/evidence/VM176-STAGE5-CODEXB-TASK2.2-CANONICAL-BENCHMARK-INPUT-FREEZE-2026-09-28.txt,dfcb15926db1907c630a0a0126b9f757ab76d72a,suncaifeng/DevSopByAi,archive/comfyui-minimax-h3/reports/evidence/VM176-STAGE5-CODEXB-TASK2.2-CANONICAL-BENCHMARK-INPUT-FREEZE-2026-09-28.txt,ARCHIVE_ONLY,"Preserve immutable TaskContract, report, review/control evidence chain in control-plane archive; retain source commit and blob identity."
suncaifeng/comfyui-minimax-h3,refs/heads/codex/h3-ltx-director-console-v2-corrective-delta-01,3968742392a8967325c4a9a2c3f6c81776e00c02,refs/heads/codex/h3-ltx-director-console-v2-corrective-delta-01;refs/heads/codex/h3-ltx-director-console-v2-holiday-codeb;refs/heads/codex/h3storyboard-director-console-v2-holiday-codeb;refs/heads/codex/holiday-onecat-native-benchmark-campaign;refs/heads/codex/holiday-relay-supervisor-codec;refs/heads/codex/onecat-native-v150-awq-vlk-quality-c64-corrective-delta;refs/heads/codex/onecat-native-v150-awq-vlk-quality-c64-delta;refs/heads/codex/onecat-native-v150-awq-vlk-recovery;refs/heads/codex/onecat-native-v150-c64-canonical-readiness;refs/heads/codex/task2.3-kvmem-harness-sync;refs/heads/codex/task2.4-prebenchmark-offline-readiness;refs/heads/codex/three-runtime-c64-canonical-transport-remediation;refs/heads/codex/three-runtime-c64-cross-runtime-calibration;refs/heads/codex/three-runtime-c64-quality-gate-policy-corrective-delta;refs/heads/codex/three-runtime-c64-quality-gate-policy-freeze;refs/heads/control/holiday-codea-to-codeb-relay,reports/evidence/VM176-STAGE5-CODEXB-TASK2.3-KVMEM-HARNESS-SYNCHRONIZATION-2026-09-29.txt,ce44817f84cd9b00f4ccc59d6e283daf7c9e6475,suncaifeng/DevSopByAi,archive/comfyui-minimax-h3/reports/evidence/VM176-STAGE5-CODEXB-TASK2.3-KVMEM-HARNESS-SYNCHRONIZATION-2026-09-29.txt,ARCHIVE_ONLY,"Preserve immutable TaskContract, report, review/control evidence chain in control-plane archive; retain source commit and blob identity."
suncaifeng/comfyui-minimax-h3,refs/heads/codex/h3-ltx-director-console-v2-corrective-delta-01,3968742392a8967325c4a9a2c3f6c81776e00c02,refs/heads/codex/h3-ltx-director-console-v2-corrective-delta-01;refs/heads/codex/h3-ltx-director-console-v2-holiday-codeb;refs/heads/codex/h3storyboard-director-console-v2-holiday-codeb;refs/heads/codex/holiday-onecat-native-benchmark-campaign;refs/heads/codex/holiday-relay-supervisor-codec;refs/heads/codex/onecat-native-v150-awq-vlk-quality-c64-corrective-delta;refs/heads/codex/onecat-native-v150-awq-vlk-quality-c64-delta;refs/heads/codex/onecat-native-v150-awq-vlk-recovery;refs/heads/codex/onecat-native-v150-c64-canonical-readiness;refs/heads/codex/task2.3-kvmem-harness-sync;refs/heads/codex/task2.4-prebenchmark-offline-readiness;refs/heads/codex/three-runtime-c64-canonical-transport-remediation;refs/heads/codex/three-runtime-c64-cross-runtime-calibration;refs/heads/codex/three-runtime-c64-quality-gate-policy-corrective-delta;refs/heads/codex/three-runtime-c64-quality-gate-policy-freeze;refs/heads/control/holiday-codea-to-codeb-relay,reports/evidence/VM176-STAGE5-CODEXB-TASK2.3-KVMEM-MATRIX-PREREQUISITE-IDENTITY-CORRECTION-2026-09-29.txt,eedb4f5057d6c15240304224d39b43b1fdebdc48,suncaifeng/DevSopByAi,archive/comfyui-minimax-h3/reports/evidence/VM176-STAGE5-CODEXB-TASK2.3-KVMEM-MATRIX-PREREQUISITE-IDENTITY-CORRECTION-2026-09-29.txt,ARCHIVE_ONLY,"Preserve immutable TaskContract, report, review/control evidence chain in control-plane archive; retain source commit and blob identity."
suncaifeng/comfyui-minimax-h3,refs/heads/codex/h3-ltx-director-console-v2-corrective-delta-01,3968742392a8967325c4a9a2c3f6c81776e00c02,refs/heads/codex/h3-ltx-director-console-v2-corrective-delta-01;refs/heads/codex/h3-ltx-director-console-v2-holiday-codeb;refs/heads/codex/h3storyboard-director-console-v2-holiday-codeb;refs/heads/codex/holiday-onecat-native-benchmark-campaign;refs/heads/codex/holiday-relay-supervisor-codec;refs/heads/codex/onecat-native-v150-awq-vlk-quality-c64-corrective-delta;refs/heads/codex/onecat-native-v150-awq-vlk-quality-c64-delta;refs/heads/codex/onecat-native-v150-awq-vlk-recovery;refs/heads/codex/onecat-native-v150-c64-canonical-readiness;refs/heads/codex/task2.4-prebenchmark-offline-readiness;refs/heads/codex/three-runtime-c64-canonical-transport-remediation;refs/heads/codex/three-runtime-c64-cross-runtime-calibration;refs/heads/codex/three-runtime-c64-quality-gate-policy-corrective-delta;refs/heads/codex/three-runtime-c64-quality-gate-policy-freeze;refs/heads/control/holiday-codea-to-codeb-relay,reports/evidence/VM176-STAGE5-CODEXB-TASK2.4-PREBENCH-OFFLINE-READINESS-LAUNCH-BUNDLE-2026-09-29.txt,9009ec772825d8bbc9ab2667892652ad5f954117,suncaifeng/DevSopByAi,archive/comfyui-minimax-h3/reports/evidence/VM176-STAGE5-CODEXB-TASK2.4-PREBENCH-OFFLINE-READINESS-LAUNCH-BUNDLE-2026-09-29.txt,ARCHIVE_ONLY,"Preserve immutable TaskContract, report, review/control evidence chain in control-plane archive; retain source commit and blob identity."
suncaifeng/comfyui-minimax-h3,refs/heads/codex/h3-ltx-director-console-v2-corrective-delta-01,3968742392a8967325c4a9a2c3f6c81776e00c02,refs/heads/codex/h3-ltx-director-console-v2-corrective-delta-01;refs/heads/codex/h3-ltx-director-console-v2-holiday-codeb;refs/heads/codex/h3storyboard-director-console-v2-holiday-codeb;refs/heads/codex/holiday-onecat-native-benchmark-campaign;refs/heads/codex/holiday-relay-supervisor-codec;refs/heads/codex/onecat-native-v150-awq-vlk-quality-c64-corrective-delta;refs/heads/codex/onecat-native-v150-awq-vlk-quality-c64-delta;refs/heads/codex/onecat-native-v150-awq-vlk-recovery;refs/heads/codex/onecat-native-v150-c64-canonical-readiness;refs/heads/codex/task2.1-offline-harness;refs/heads/codex/task2.2-canonical-benchmark-input-freeze;refs/heads/codex/task2.3-kvmem-harness-sync;refs/heads/codex/task2.4-prebenchmark-offline-readiness;refs/heads/codex/three-runtime-c64-canonical-transport-remediation;refs/heads/codex/three-runtime-c64-cross-runtime-calibration;refs/heads/codex/three-runtime-c64-quality-gate-policy-corrective-delta;refs/heads/codex/three-runtime-c64-quality-gate-policy-freeze;refs/heads/control/holiday-codea-to-codeb-relay,reports/evidence/VM176-STAGE5-TASK2.1-CORRECTION-OFFLINE-HARNESS-CONTRACT-COMPLETION-2026-09-28.txt,d7f50a020fded6ec797dd36fec5d0ee582684ac9,suncaifeng/DevSopByAi,archive/comfyui-minimax-h3/reports/evidence/VM176-STAGE5-TASK2.1-CORRECTION-OFFLINE-HARNESS-CONTRACT-COMPLETION-2026-09-28.txt,ARCHIVE_ONLY,"Preserve immutable TaskContract, report, review/control evidence chain in control-plane archive; retain source commit and blob identity."
suncaifeng/comfyui-minimax-h3,refs/heads/codex/h3-ltx-director-console-v2-corrective-delta-01,3968742392a8967325c4a9a2c3f6c81776e00c02,refs/heads/codex/h3-ltx-director-console-v2-corrective-delta-01;refs/heads/codex/h3-ltx-director-console-v2-holiday-codeb;refs/heads/codex/h3storyboard-director-console-v2-holiday-codeb;refs/heads/codex/holiday-onecat-native-benchmark-campaign;refs/heads/codex/holiday-relay-supervisor-codec;refs/heads/codex/onecat-native-v150-awq-vlk-quality-c64-corrective-delta;refs/heads/codex/onecat-native-v150-awq-vlk-quality-c64-delta;refs/heads/codex/onecat-native-v150-awq-vlk-recovery;refs/heads/codex/onecat-native-v150-c64-canonical-readiness;refs/heads/codex/task2.1-offline-harness;refs/heads/codex/task2.2-canonical-benchmark-input-freeze;refs/heads/codex/task2.3-kvmem-harness-sync;refs/heads/codex/task2.4-prebenchmark-offline-readiness;refs/heads/codex/three-runtime-c64-canonical-transport-remediation;refs/heads/codex/three-runtime-c64-cross-runtime-calibration;refs/heads/codex/three-runtime-c64-quality-gate-policy-corrective-delta;refs/heads/codex/three-runtime-c64-quality-gate-policy-freeze;refs/heads/control/holiday-codea-to-codeb-relay,reports/evidence/VM176-STAGE5-TASK2.1-OFFLINE-BENCHMARK-HARNESS-MATERIALIZATION-2026-09-28.txt,6f9ebc91d74b51d1f2987b8e887163f4e0f4ace1,suncaifeng/DevSopByAi,archive/comfyui-minimax-h3/reports/evidence/VM176-STAGE5-TASK2.1-OFFLINE-BENCHMARK-HARNESS-MATERIALIZATION-2026-09-28.txt,ARCHIVE_ONLY,"Preserve immutable TaskContract, report, review/control evidence chain in control-plane archive; retain source commit and blob identity."
suncaifeng/comfyui-minimax-h3,refs/heads/codex/three-runtime-c64-canonical-transport-remediation,ffc5c7418c3cd62bb0ae24ee8b5172893970a382,refs/heads/codex/three-runtime-c64-canonical-transport-remediation,reports/evidence/VM176-STAGE5-THREE-RUNTIME-C64-CANONICAL-TRANSPORT-REMEDIATION-2026-10-02.txt,4e11ea887c2607b63e693975c9014368e1db075f,suncaifeng/DevSopByAi,archive/comfyui-minimax-h3/reports/evidence/VM176-STAGE5-THREE-RUNTIME-C64-CANONICAL-TRANSPORT-REMEDIATION-2026-10-02.txt,ARCHIVE_ONLY,"Preserve immutable TaskContract, report, review/control evidence chain in control-plane archive; retain source commit and blob identity."
suncaifeng/comfyui-minimax-h3,refs/heads/codex/h3-ltx-director-console-v2-corrective-delta-01,3968742392a8967325c4a9a2c3f6c81776e00c02,refs/heads/codex/h3-ltx-director-console-v2-corrective-delta-01;refs/heads/codex/h3-ltx-director-console-v2-holiday-codeb;refs/heads/codex/h3storyboard-director-console-v2-holiday-codeb;refs/heads/codex/holiday-relay-supervisor-codec;refs/heads/codex/three-runtime-c64-canonical-transport-remediation;refs/heads/codex/three-runtime-c64-cross-runtime-calibration;refs/heads/control/holiday-codea-to-codeb-relay,reports/evidence/VM176-STAGE5-THREE-RUNTIME-C64-CROSS-RUNTIME-CALIBRATION-2026-10-02.txt,401d182049712e30590785fa24f558e7e55cbfbe,suncaifeng/DevSopByAi,archive/comfyui-minimax-h3/reports/evidence/VM176-STAGE5-THREE-RUNTIME-C64-CROSS-RUNTIME-CALIBRATION-2026-10-02.txt,ARCHIVE_ONLY,"Preserve immutable TaskContract, report, review/control evidence chain in control-plane archive; retain source commit and blob identity."
suncaifeng/comfyui-minimax-h3,refs/heads/codex/h3-ltx-director-console-v2-corrective-delta-01,3968742392a8967325c4a9a2c3f6c81776e00c02,refs/heads/codex/h3-ltx-director-console-v2-corrective-delta-01;refs/heads/codex/h3-ltx-director-console-v2-holiday-codeb;refs/heads/codex/h3storyboard-director-console-v2-holiday-codeb;refs/heads/codex/holiday-relay-supervisor-codec;refs/heads/codex/three-runtime-c64-canonical-transport-remediation;refs/heads/codex/three-runtime-c64-cross-runtime-calibration;refs/heads/codex/three-runtime-c64-quality-gate-policy-corrective-delta;refs/heads/control/holiday-codea-to-codeb-relay,reports/evidence/VM176-STAGE5-THREE-RUNTIME-C64-QUALITY-GATE-POLICY-CORRECTIVE-DELTA-2026-10-02.txt,ed2dd6bc2a2a8d3bd4ac41c548750343dddc83db,suncaifeng/DevSopByAi,archive/comfyui-minimax-h3/reports/evidence/VM176-STAGE5-THREE-RUNTIME-C64-QUALITY-GATE-POLICY-CORRECTIVE-DELTA-2026-10-02.txt,ARCHIVE_ONLY,"Preserve immutable TaskContract, report, review/control evidence chain in control-plane archive; retain source commit and blob identity."
suncaifeng/comfyui-minimax-h3,refs/heads/codex/h3-ltx-director-console-v2-corrective-delta-01,3968742392a8967325c4a9a2c3f6c81776e00c02,refs/heads/codex/h3-ltx-director-console-v2-corrective-delta-01;refs/heads/codex/h3-ltx-director-console-v2-holiday-codeb;refs/heads/codex/h3storyboard-director-console-v2-holiday-codeb;refs/heads/codex/holiday-relay-supervisor-codec;refs/heads/codex/three-runtime-c64-canonical-transport-remediation;refs/heads/codex/three-runtime-c64-cross-runtime-calibration;refs/heads/codex/three-runtime-c64-quality-gate-policy-corrective-delta;refs/heads/codex/three-runtime-c64-quality-gate-policy-freeze;refs/heads/control/holiday-codea-to-codeb-relay,reports/evidence/VM176-STAGE5-THREE-RUNTIME-C64-QUALITY-GATE-POLICY-FREEZE-2026-10-02.txt,591cb9bb27f0c4ad3a8309f7d863a763a10fe625,suncaifeng/DevSopByAi,archive/comfyui-minimax-h3/reports/evidence/VM176-STAGE5-THREE-RUNTIME-C64-QUALITY-GATE-POLICY-FREEZE-2026-10-02.txt,ARCHIVE_ONLY,"Preserve immutable TaskContract, report, review/control evidence chain in control-plane archive; retain source commit and blob identity."
suncaifeng/comfyui-minimax-h3,refs/heads/codex/h3-ltx-director-console-v2-corrective-delta-01,3968742392a8967325c4a9a2c3f6c81776e00c02,refs/heads/codex/h3-ltx-director-console-v2-corrective-delta-01,reports/evidence/h3-ltx-director-console-v2-corrective-delta-01-20261008/baseline-director_v2.txt,8d277bd9141d0c1359d9b409b191a333697c187b,suncaifeng/DevSopByAi,archive/comfyui-minimax-h3/reports/evidence/h3-ltx-director-console-v2-corrective-delta-01-20261008/baseline-director_v2.txt,ARCHIVE_ONLY,"Preserve immutable TaskContract, report, review/control evidence chain in control-plane archive; retain source commit and blob identity."
suncaifeng/comfyui-minimax-h3,refs/heads/codex/h3-ltx-director-console-v2-corrective-delta-01,3968742392a8967325c4a9a2c3f6c81776e00c02,refs/heads/codex/h3-ltx-director-console-v2-corrective-delta-01,reports/evidence/h3-ltx-director-console-v2-corrective-delta-01-20261008/baseline-full.txt,a24d30b4f20701d619f14e536473b4f4b001494d,suncaifeng/DevSopByAi,archive/comfyui-minimax-h3/reports/evidence/h3-ltx-director-console-v2-corrective-delta-01-20261008/baseline-full.txt,ARCHIVE_ONLY,"Preserve immutable TaskContract, report, review/control evidence chain in control-plane archive; retain source commit and blob identity."
suncaifeng/comfyui-minimax-h3,refs/heads/codex/h3-ltx-director-console-v2-corrective-delta-01,3968742392a8967325c4a9a2c3f6c81776e00c02,refs/heads/codex/h3-ltx-director-console-v2-corrective-delta-01,reports/evidence/h3-ltx-director-console-v2-corrective-delta-01-20261008/baseline-story_parser.txt,390283aed24cd7c5db899835a733929a6c2a63f9,suncaifeng/DevSopByAi,archive/comfyui-minimax-h3/reports/evidence/h3-ltx-director-console-v2-corrective-delta-01-20261008/baseline-story_parser.txt,ARCHIVE_ONLY,"Preserve immutable TaskContract, report, review/control evidence chain in control-plane archive; retain source commit and blob identity."
suncaifeng/comfyui-minimax-h3,refs/heads/codex/h3-ltx-director-console-v2-corrective-delta-01,3968742392a8967325c4a9a2c3f6c81776e00c02,refs/heads/codex/h3-ltx-director-console-v2-corrective-delta-01,reports/evidence/h3-ltx-director-console-v2-corrective-delta-01-20261008/baseline-tests.json,d5d0367a8aa5c1129aec25341b97813625bf9550,suncaifeng/DevSopByAi,archive/comfyui-minimax-h3/reports/evidence/h3-ltx-director-console-v2-corrective-delta-01-20261008/baseline-tests.json,ARCHIVE_ONLY,"Preserve immutable TaskContract, report, review/control evidence chain in control-plane archive; retain source commit and blob identity."
suncaifeng/comfyui-minimax-h3,refs/heads/codex/h3-ltx-director-console-v2-corrective-delta-01,3968742392a8967325c4a9a2c3f6c81776e00c02,refs/heads/codex/h3-ltx-director-console-v2-corrective-delta-01,reports/evidence/h3-ltx-director-console-v2-corrective-delta-01-20261008/chained-handoff-e2e.json,2e251612039df4d1d51164001193f361e684bb2f,suncaifeng/DevSopByAi,archive/comfyui-minimax-h3/reports/evidence/h3-ltx-director-console-v2-corrective-delta-01-20261008/chained-handoff-e2e.json,ARCHIVE_ONLY,"Preserve immutable TaskContract, report, review/control evidence chain in control-plane archive; retain source commit and blob identity."
suncaifeng/comfyui-minimax-h3,refs/heads/codex/h3-ltx-director-console-v2-corrective-delta-01,3968742392a8967325c4a9a2c3f6c81776e00c02,refs/heads/codex/h3-ltx-director-console-v2-corrective-delta-01,reports/evidence/h3-ltx-director-console-v2-corrective-delta-01-20261008/final-corrective-delta.txt,06e60fa59b2e4d345156db33e09c13ff4017f081,suncaifeng/DevSopByAi,archive/comfyui-minimax-h3/reports/evidence/h3-ltx-director-console-v2-corrective-delta-01-20261008/final-corrective-delta.txt,ARCHIVE_ONLY,"Preserve immutable TaskContract, report, review/control evidence chain in control-plane archive; retain source commit and blob identity."
suncaifeng/comfyui-minimax-h3,refs/heads/codex/h3-ltx-director-console-v2-corrective-delta-01,3968742392a8967325c4a9a2c3f6c81776e00c02,refs/heads/codex/h3-ltx-director-console-v2-corrective-delta-01,reports/evidence/h3-ltx-director-console-v2-corrective-delta-01-20261008/final-director-v2.txt,180ccc80dd297d902619e261e2b0be266b3cd562,suncaifeng/DevSopByAi,archive/comfyui-minimax-h3/reports/evidence/h3-ltx-director-console-v2-corrective-delta-01-20261008/final-director-v2.txt,ARCHIVE_ONLY,"Preserve immutable TaskContract, report, review/control evidence chain in control-plane archive; retain source commit and blob identity."
suncaifeng/comfyui-minimax-h3,refs/heads/codex/h3-ltx-director-console-v2-corrective-delta-01,3968742392a8967325c4a9a2c3f6c81776e00c02,refs/heads/codex/h3-ltx-director-console-v2-corrective-delta-01,reports/evidence/h3-ltx-director-console-v2-corrective-delta-01-20261008/final-full.txt,39475fa4e3068e16742d529a9b861c29ac8a838b,suncaifeng/DevSopByAi,archive/comfyui-minimax-h3/reports/evidence/h3-ltx-director-console-v2-corrective-delta-01-20261008/final-full.txt,ARCHIVE_ONLY,"Preserve immutable TaskContract, report, review/control evidence chain in control-plane archive; retain source commit and blob identity."
suncaifeng/comfyui-minimax-h3,refs/heads/codex/h3-ltx-director-console-v2-corrective-delta-01,3968742392a8967325c4a9a2c3f6c81776e00c02,refs/heads/codex/h3-ltx-director-console-v2-corrective-delta-01,reports/evidence/h3-ltx-director-console-v2-corrective-delta-01-20261008/final-story-parser.txt,390283aed24cd7c5db899835a733929a6c2a63f9,suncaifeng/DevSopByAi,archive/comfyui-minimax-h3/reports/evidence/h3-ltx-director-console-v2-corrective-delta-01-20261008/final-story-parser.txt,ARCHIVE_ONLY,"Preserve immutable TaskContract, report, review/control evidence chain in control-plane archive; retain source commit and blob identity."
suncaifeng/comfyui-minimax-h3,refs/heads/codex/h3-ltx-director-console-v2-corrective-delta-01,3968742392a8967325c4a9a2c3f6c81776e00c02,refs/heads/codex/h3-ltx-director-console-v2-corrective-delta-01,reports/evidence/h3-ltx-director-console-v2-corrective-delta-01-20261008/iteration-handoff-conflict-status.txt,3b12deb3c27734c540ba5e36fc281b7815f914fe,suncaifeng/DevSopByAi,archive/comfyui-minimax-h3/reports/evidence/h3-ltx-director-console-v2-corrective-delta-01-20261008/iteration-handoff-conflict-status.txt,ARCHIVE_ONLY,"Preserve immutable TaskContract, report, review/control evidence chain in control-plane archive; retain source commit and blob identity."
suncaifeng/comfyui-minimax-h3,refs/heads/codex/h3-ltx-director-console-v2-corrective-delta-01,3968742392a8967325c4a9a2c3f6c81776e00c02,refs/heads/codex/h3-ltx-director-console-v2-corrective-delta-01,reports/evidence/h3-ltx-director-console-v2-corrective-delta-01-20261008/iteration-ui-marker-check.txt,ad6c9d6614997153747d8cf8d4dbbb845e00a2c6,suncaifeng/DevSopByAi,archive/comfyui-minimax-h3/reports/evidence/h3-ltx-director-console-v2-corrective-delta-01-20261008/iteration-ui-marker-check.txt,ARCHIVE_ONLY,"Preserve immutable TaskContract, report, review/control evidence chain in control-plane archive; retain source commit and blob identity."
suncaifeng/comfyui-minimax-h3,refs/heads/codex/h3-ltx-director-console-v2-corrective-delta-01,3968742392a8967325c4a9a2c3f6c81776e00c02,refs/heads/codex/h3-ltx-director-console-v2-corrective-delta-01,reports/evidence/h3-ltx-director-console-v2-corrective-delta-01-20261008/manifest.json,49c6b82f91aa4724cb788e6f268c7f0ce049a73e,suncaifeng/DevSopByAi,archive/comfyui-minimax-h3/reports/evidence/h3-ltx-director-console-v2-corrective-delta-01-20261008/manifest.json,ARCHIVE_ONLY,"Preserve immutable TaskContract, report, review/control evidence chain in control-plane archive; retain source commit and blob identity."
suncaifeng/comfyui-minimax-h3,refs/heads/codex/h3-ltx-director-console-v2-corrective-delta-01,3968742392a8967325c4a9a2c3f6c81776e00c02,refs/heads/codex/h3-ltx-director-console-v2-corrective-delta-01,reports/evidence/h3-ltx-director-console-v2-corrective-delta-01-20261008/manual-override-e2e.json,8ab86be2a317e8b28def0fbc5db6c946c64517fb,suncaifeng/DevSopByAi,archive/comfyui-minimax-h3/reports/evidence/h3-ltx-director-console-v2-corrective-delta-01-20261008/manual-override-e2e.json,ARCHIVE_ONLY,"Preserve immutable TaskContract, report, review/control evidence chain in control-plane archive; retain source commit and blob identity."
suncaifeng/comfyui-minimax-h3,refs/heads/codex/h3-ltx-director-console-v2-corrective-delta-01,3968742392a8967325c4a9a2c3f6c81776e00c02,refs/heads/codex/h3-ltx-director-console-v2-corrective-delta-01,reports/evidence/h3-ltx-director-console-v2-corrective-delta-01-20261008/media-metrics-reconciliation.json,989b9eb81a3876f0ceef3ab304fb12e85454c059,suncaifeng/DevSopByAi,archive/comfyui-minimax-h3/reports/evidence/h3-ltx-director-console-v2-corrective-delta-01-20261008/media-metrics-reconciliation.json,ARCHIVE_ONLY,"Preserve immutable TaskContract, report, review/control evidence chain in control-plane archive; retain source commit and blob identity."
suncaifeng/comfyui-minimax-h3,refs/heads/codex/h3-ltx-director-console-v2-corrective-delta-01,3968742392a8967325c4a9a2c3f6c81776e00c02,refs/heads/codex/h3-ltx-director-console-v2-corrective-delta-01,reports/evidence/h3-ltx-director-console-v2-corrective-delta-01-20261008/parent-first-frame-reconciliation.json,cb315a6c57309d757ea056b93ef0d1af8b8a6221,suncaifeng/DevSopByAi,archive/comfyui-minimax-h3/reports/evidence/h3-ltx-director-console-v2-corrective-delta-01-20261008/parent-first-frame-reconciliation.json,ARCHIVE_ONLY,"Preserve immutable TaskContract, report, review/control evidence chain in control-plane archive; retain source commit and blob identity."
suncaifeng/comfyui-minimax-h3,refs/heads/codex/h3-ltx-director-console-v2-corrective-delta-01,3968742392a8967325c4a9a2c3f6c81776e00c02,refs/heads/codex/h3-ltx-director-console-v2-corrective-delta-01,reports/evidence/h3-ltx-director-console-v2-corrective-delta-01-20261008/pre-fix-reproduction.json,d86dcd1204e6ea4ad0c5cba50e3235c57da16e21,suncaifeng/DevSopByAi,archive/comfyui-minimax-h3/reports/evidence/h3-ltx-director-console-v2-corrective-delta-01-20261008/pre-fix-reproduction.json,ARCHIVE_ONLY,"Preserve immutable TaskContract, report, review/control evidence chain in control-plane archive; retain source commit and blob identity."
suncaifeng/comfyui-minimax-h3,refs/heads/codex/h3-ltx-director-console-v2-corrective-delta-01,3968742392a8967325c4a9a2c3f6c81776e00c02,refs/heads/codex/h3-ltx-director-console-v2-corrective-delta-01,reports/evidence/h3-ltx-director-console-v2-corrective-delta-01-20261008/retake-e2e.json,8fd49d46cd29d537f84366b5f4271fbeb897a89e,suncaifeng/DevSopByAi,archive/comfyui-minimax-h3/reports/evidence/h3-ltx-director-console-v2-corrective-delta-01-20261008/retake-e2e.json,ARCHIVE_ONLY,"Preserve immutable TaskContract, report, review/control evidence chain in control-plane archive; retain source commit and blob identity."
suncaifeng/comfyui-minimax-h3,refs/heads/codex/h3-ltx-director-console-v2-corrective-delta-01,3968742392a8967325c4a9a2c3f6c81776e00c02,refs/heads/codex/h3-ltx-director-console-v2-corrective-delta-01,reports/evidence/h3-ltx-director-console-v2-corrective-delta-01-20261008/tests.json,a1094aacfe46d346110bea445c56b199b832f714,suncaifeng/DevSopByAi,archive/comfyui-minimax-h3/reports/evidence/h3-ltx-director-console-v2-corrective-delta-01-20261008/tests.json,ARCHIVE_ONLY,"Preserve immutable TaskContract, report, review/control evidence chain in control-plane archive; retain source commit and blob identity."
suncaifeng/comfyui-minimax-h3,refs/heads/codex/h3-ltx-director-console-v2-corrective-delta-01,3968742392a8967325c4a9a2c3f6c81776e00c02,refs/heads/codex/h3-ltx-director-console-v2-corrective-delta-01;refs/heads/codex/h3-ltx-director-console-v2-holiday-codeb,reports/evidence/h3-ltx-director-console-v2-holiday-20261002/gpu-validation-attempt-01.json,300fcc90689d9c1b81d09daf2f28245baef14810,suncaifeng/DevSopByAi,archive/comfyui-minimax-h3/reports/evidence/h3-ltx-director-console-v2-holiday-20261002/gpu-validation-attempt-01.json,ARCHIVE_ONLY,"Preserve immutable TaskContract, report, review/control evidence chain in control-plane archive; retain source commit and blob identity."
suncaifeng/comfyui-minimax-h3,refs/heads/codex/h3-ltx-director-console-v2-corrective-delta-01,3968742392a8967325c4a9a2c3f6c81776e00c02,refs/heads/codex/h3-ltx-director-console-v2-corrective-delta-01;refs/heads/codex/h3-ltx-director-console-v2-holiday-codeb,reports/evidence/h3-ltx-director-console-v2-holiday-20261002/gpu-validation-attempt-02.json,0f5412a91b3791d6464faddcc84e72792d6cb76e,suncaifeng/DevSopByAi,archive/comfyui-minimax-h3/reports/evidence/h3-ltx-director-console-v2-holiday-20261002/gpu-validation-attempt-02.json,ARCHIVE_ONLY,"Preserve immutable TaskContract, report, review/control evidence chain in control-plane archive; retain source commit and blob identity."
suncaifeng/comfyui-minimax-h3,refs/heads/codex/h3-ltx-director-console-v2-corrective-delta-01,3968742392a8967325c4a9a2c3f6c81776e00c02,refs/heads/codex/h3-ltx-director-console-v2-corrective-delta-01;refs/heads/codex/h3-ltx-director-console-v2-holiday-codeb,reports/evidence/h3-ltx-director-console-v2-holiday-20261002/gpu-validation-attempt-03-original.json,9ef39bbcc64c2d16dd308f327a85d163f6d1e704,suncaifeng/DevSopByAi,archive/comfyui-minimax-h3/reports/evidence/h3-ltx-director-console-v2-holiday-20261002/gpu-validation-attempt-03-original.json,ARCHIVE_ONLY,"Preserve immutable TaskContract, report, review/control evidence chain in control-plane archive; retain source commit and blob identity."
suncaifeng/comfyui-minimax-h3,refs/heads/codex/h3-ltx-director-console-v2-corrective-delta-01,3968742392a8967325c4a9a2c3f6c81776e00c02,refs/heads/codex/h3-ltx-director-console-v2-corrective-delta-01;refs/heads/codex/h3-ltx-director-console-v2-holiday-codeb,reports/evidence/h3-ltx-director-console-v2-holiday-20261002/gpu-validation.json,2248683989d63f9ca22f7c75a7c4246f0243c5fe,suncaifeng/DevSopByAi,archive/comfyui-minimax-h3/reports/evidence/h3-ltx-director-console-v2-holiday-20261002/gpu-validation.json,ARCHIVE_ONLY,"Preserve immutable TaskContract, report, review/control evidence chain in control-plane archive; retain source commit and blob identity."
suncaifeng/comfyui-minimax-h3,refs/heads/codex/h3-ltx-director-console-v2-corrective-delta-01,3968742392a8967325c4a9a2c3f6c81776e00c02,refs/heads/codex/h3-ltx-director-console-v2-corrective-delta-01;refs/heads/codex/h3-ltx-director-console-v2-holiday-codeb,reports/evidence/h3-ltx-director-console-v2-holiday-20261002/manifest.json,830f2bd5ee1147001937c9ea164d7317078eba73,suncaifeng/DevSopByAi,archive/comfyui-minimax-h3/reports/evidence/h3-ltx-director-console-v2-holiday-20261002/manifest.json,ARCHIVE_ONLY,"Preserve immutable TaskContract, report, review/control evidence chain in control-plane archive; retain source commit and blob identity."
suncaifeng/comfyui-minimax-h3,refs/heads/codex/h3-ltx-director-console-v2-corrective-delta-01,3968742392a8967325c4a9a2c3f6c81776e00c02,refs/heads/codex/h3-ltx-director-console-v2-corrective-delta-01;refs/heads/codex/h3-ltx-director-console-v2-holiday-codeb,reports/evidence/h3-ltx-director-console-v2-holiday-20261002/offline-test-output.txt,fe5e1cfb2fa6a81979429fa8a90c028253f40835,suncaifeng/DevSopByAi,archive/comfyui-minimax-h3/reports/evidence/h3-ltx-director-console-v2-holiday-20261002/offline-test-output.txt,ARCHIVE_ONLY,"Preserve immutable TaskContract, report, review/control evidence chain in control-plane archive; retain source commit and blob identity."
suncaifeng/comfyui-minimax-h3,refs/heads/codex/h3-ltx-director-console-v2-corrective-delta-01,3968742392a8967325c4a9a2c3f6c81776e00c02,refs/heads/codex/h3-ltx-director-console-v2-corrective-delta-01;refs/heads/codex/h3-ltx-director-console-v2-holiday-codeb,reports/evidence/h3-ltx-director-console-v2-holiday-20261002/offline-tests.json,7f0af9fd5ef7dfa32b7664b7a91cdaf5c1ffc2fe,suncaifeng/DevSopByAi,archive/comfyui-minimax-h3/reports/evidence/h3-ltx-director-console-v2-holiday-20261002/offline-tests.json,ARCHIVE_ONLY,"Preserve immutable TaskContract, report, review/control evidence chain in control-plane archive; retain source commit and blob identity."
suncaifeng/comfyui-minimax-h3,refs/heads/codex/h3-ltx-director-console-v2-corrective-delta-01,3968742392a8967325c4a9a2c3f6c81776e00c02,refs/heads/codex/h3-ltx-director-console-v2-corrective-delta-01;refs/heads/codex/h3-ltx-director-console-v2-holiday-codeb,reports/evidence/h3-ltx-director-console-v2-holiday-20261002/phase8-continuation-runner.py,25b88451da654ab1c746a5763dd372e8ab11cf03,suncaifeng/DevSopByAi,archive/comfyui-minimax-h3/reports/evidence/h3-ltx-director-console-v2-holiday-20261002/phase8-continuation-runner.py,ARCHIVE_ONLY,"Preserve immutable TaskContract, report, review/control evidence chain in control-plane archive; retain source commit and blob identity."
suncaifeng/comfyui-minimax-h3,refs/heads/codex/h3-ltx-director-console-v2-corrective-delta-01,3968742392a8967325c4a9a2c3f6c81776e00c02,refs/heads/codex/h3-ltx-director-console-v2-corrective-delta-01;refs/heads/codex/h3-ltx-director-console-v2-holiday-codeb,reports/evidence/h3-ltx-director-console-v2-holiday-20261002/phase8-runner.py,94c770a2329fa03527b415703e34c4da4e6cf541,suncaifeng/DevSopByAi,archive/comfyui-minimax-h3/reports/evidence/h3-ltx-director-console-v2-holiday-20261002/phase8-runner.py,ARCHIVE_ONLY,"Preserve immutable TaskContract, report, review/control evidence chain in control-plane archive; retain source commit and blob identity."
suncaifeng/comfyui-minimax-h3,refs/heads/codex/h3-ltx-director-console-v2-corrective-delta-01,3968742392a8967325c4a9a2c3f6c81776e00c02,refs/heads/codex/h3-ltx-director-console-v2-corrective-delta-01;refs/heads/codex/h3-ltx-director-console-v2-holiday-codeb,reports/evidence/h3-ltx-director-console-v2-holiday-20261002/phase8-story-server-attempt-01.log,d4d85187d0d930e539f826499030043bf9051a4e,suncaifeng/DevSopByAi,archive/comfyui-minimax-h3/reports/evidence/h3-ltx-director-console-v2-holiday-20261002/phase8-story-server-attempt-01.log,ARCHIVE_ONLY,"Preserve immutable TaskContract, report, review/control evidence chain in control-plane archive; retain source commit and blob identity."
suncaifeng/comfyui-minimax-h3,refs/heads/codex/h3-ltx-director-console-v2-corrective-delta-01,3968742392a8967325c4a9a2c3f6c81776e00c02,refs/heads/codex/h3-ltx-director-console-v2-corrective-delta-01;refs/heads/codex/h3-ltx-director-console-v2-holiday-codeb,reports/evidence/h3-ltx-director-console-v2-holiday-20261002/phase8-story-server-attempt-02.log,03d2d10ba009c350ceb0f1ae4d8aff6e12fa59f6,suncaifeng/DevSopByAi,archive/comfyui-minimax-h3/reports/evidence/h3-ltx-director-console-v2-holiday-20261002/phase8-story-server-attempt-02.log,ARCHIVE_ONLY,"Preserve immutable TaskContract, report, review/control evidence chain in control-plane archive; retain source commit and blob identity."
suncaifeng/comfyui-minimax-h3,refs/heads/codex/h3-ltx-director-console-v2-corrective-delta-01,3968742392a8967325c4a9a2c3f6c81776e00c02,refs/heads/codex/h3-ltx-director-console-v2-corrective-delta-01;refs/heads/codex/h3-ltx-director-console-v2-holiday-codeb,reports/evidence/h3-ltx-director-console-v2-holiday-20261002/phase8-story-server-continuation.log,2720008e620e46f2b2a0e6c9493ca177ac8066b0,suncaifeng/DevSopByAi,archive/comfyui-minimax-h3/reports/evidence/h3-ltx-director-console-v2-holiday-20261002/phase8-story-server-continuation.log,ARCHIVE_ONLY,"Preserve immutable TaskContract, report, review/control evidence chain in control-plane archive; retain source commit and blob identity."
suncaifeng/comfyui-minimax-h3,refs/heads/codex/h3-ltx-director-console-v2-corrective-delta-01,3968742392a8967325c4a9a2c3f6c81776e00c02,refs/heads/codex/h3-ltx-director-console-v2-corrective-delta-01;refs/heads/codex/h3-ltx-director-console-v2-holiday-codeb,reports/evidence/h3-ltx-director-console-v2-holiday-20261002/phase8-story-server.log,50c9cbfc3099c614919c7232a730ffaea613171f,suncaifeng/DevSopByAi,archive/comfyui-minimax-h3/reports/evidence/h3-ltx-director-console-v2-holiday-20261002/phase8-story-server.log,ARCHIVE_ONLY,"Preserve immutable TaskContract, report, review/control evidence chain in control-plane archive; retain source commit and blob identity."
suncaifeng/comfyui-minimax-h3,refs/heads/codex/h3-ltx-director-console-v2-corrective-delta-01,3968742392a8967325c4a9a2c3f6c81776e00c02,refs/heads/codex/h3-ltx-director-console-v2-corrective-delta-01;refs/heads/codex/h3-ltx-director-console-v2-holiday-codeb,reports/evidence/h3-ltx-director-console-v2-holiday-20261002/stress.json,17759a23fa423dab221240c3683414940e487e73,suncaifeng/DevSopByAi,archive/comfyui-minimax-h3/reports/evidence/h3-ltx-director-console-v2-holiday-20261002/stress.json,ARCHIVE_ONLY,"Preserve immutable TaskContract, report, review/control evidence chain in control-plane archive; retain source commit and blob identity."
suncaifeng/comfyui-minimax-h3,refs/heads/codex/three-runtime-c64-canonical-transport-remediation,ffc5c7418c3cd62bb0ae24ee8b5172893970a382,refs/heads/codex/three-runtime-c64-canonical-transport-remediation,reports/evidence/vm176-c64-canonical-transport-remediation-20261002/compare-ninfer-tokenizer-identity.py,35248ba5527130fb44f8a0863befd3659eeb6e42,suncaifeng/DevSopByAi,archive/comfyui-minimax-h3/reports/evidence/vm176-c64-canonical-transport-remediation-20261002/compare-ninfer-tokenizer-identity.py,ARCHIVE_ONLY,"Preserve immutable TaskContract, report, review/control evidence chain in control-plane archive; retain source commit and blob identity."
suncaifeng/comfyui-minimax-h3,refs/heads/codex/three-runtime-c64-canonical-transport-remediation,ffc5c7418c3cd62bb0ae24ee8b5172893970a382,refs/heads/codex/three-runtime-c64-canonical-transport-remediation,reports/evidence/vm176-c64-canonical-transport-remediation-20261002/extract-ninfer-frontend-resources.py,387d0081ee5b28ebcfc40733101669a11f20275a,suncaifeng/DevSopByAi,archive/comfyui-minimax-h3/reports/evidence/vm176-c64-canonical-transport-remediation-20261002/extract-ninfer-frontend-resources.py,ARCHIVE_ONLY,"Preserve immutable TaskContract, report, review/control evidence chain in control-plane archive; retain source commit and blob identity."
suncaifeng/comfyui-minimax-h3,refs/heads/codex/three-runtime-c64-canonical-transport-remediation,ffc5c7418c3cd62bb0ae24ee8b5172893970a382,refs/heads/codex/three-runtime-c64-canonical-transport-remediation,reports/evidence/vm176-c64-canonical-transport-remediation-20261002/final-identity-recheck.txt,a0817b326568f868cffd675ae6448e10e00af608,suncaifeng/DevSopByAi,archive/comfyui-minimax-h3/reports/evidence/vm176-c64-canonical-transport-remediation-20261002/final-identity-recheck.txt,ARCHIVE_ONLY,"Preserve immutable TaskContract, report, review/control evidence chain in control-plane archive; retain source commit and blob identity."
suncaifeng/comfyui-minimax-h3,refs/heads/codex/three-runtime-c64-canonical-transport-remediation,ffc5c7418c3cd62bb0ae24ee8b5172893970a382,refs/heads/codex/three-runtime-c64-canonical-transport-remediation,reports/evidence/vm176-c64-canonical-transport-remediation-20261002/gpu-after-probe-before-h3.csv,d7f0c9f2c86ebf16c38ea002ad82969088ba1c24,suncaifeng/DevSopByAi,archive/comfyui-minimax-h3/reports/evidence/vm176-c64-canonical-transport-remediation-20261002/gpu-after-probe-before-h3.csv,ARCHIVE_ONLY,"Preserve immutable TaskContract, report, review/control evidence chain in control-plane archive; retain source commit and blob identity."
suncaifeng/comfyui-minimax-h3,refs/heads/codex/three-runtime-c64-canonical-transport-remediation,ffc5c7418c3cd62bb0ae24ee8b5172893970a382,refs/heads/codex/three-runtime-c64-canonical-transport-remediation,reports/evidence/vm176-c64-canonical-transport-remediation-20261002/gpu-post.csv,7e0bef887a89c4d2e53439e8a27393b114b9fa53,suncaifeng/DevSopByAi,archive/comfyui-minimax-h3/reports/evidence/vm176-c64-canonical-transport-remediation-20261002/gpu-post.csv,ARCHIVE_ONLY,"Preserve immutable TaskContract, report, review/control evidence chain in control-plane archive; retain source commit and blob identity."
suncaifeng/comfyui-minimax-h3,refs/heads/codex/three-runtime-c64-canonical-transport-remediation,ffc5c7418c3cd62bb0ae24ee8b5172893970a382,refs/heads/codex/three-runtime-c64-canonical-transport-remediation,reports/evidence/vm176-c64-canonical-transport-remediation-20261002/gpu-pre.csv,eea1dff2ead28939252f8087bcba0ea9fa671e81,suncaifeng/DevSopByAi,archive/comfyui-minimax-h3/reports/evidence/vm176-c64-canonical-transport-remediation-20261002/gpu-pre.csv,ARCHIVE_ONLY,"Preserve immutable TaskContract, report, review/control evidence chain in control-plane archive; retain source commit and blob identity."
suncaifeng/comfyui-minimax-h3,refs/heads/codex/three-runtime-c64-canonical-transport-remediation,ffc5c7418c3cd62bb0ae24ee8b5172893970a382,refs/heads/codex/three-runtime-c64-canonical-transport-remediation,reports/evidence/vm176-c64-canonical-transport-remediation-20261002/gpu-processes-after-probe-before-h3.csv,e69de29bb2d1d6434b8b29ae775ad8c2e48c5391,suncaifeng/DevSopByAi,archive/comfyui-minimax-h3/reports/evidence/vm176-c64-canonical-transport-remediation-20261002/gpu-processes-after-probe-before-h3.csv,ARCHIVE_ONLY,"Preserve immutable TaskContract, report, review/control evidence chain in control-plane archive; retain source commit and blob identity."
suncaifeng/comfyui-minimax-h3,refs/heads/codex/three-runtime-c64-canonical-transport-remediation,ffc5c7418c3cd62bb0ae24ee8b5172893970a382,refs/heads/codex/three-runtime-c64-canonical-transport-remediation,reports/evidence/vm176-c64-canonical-transport-remediation-20261002/gpu-processes-h3-stopped.csv,e69de29bb2d1d6434b8b29ae775ad8c2e48c5391,suncaifeng/DevSopByAi,archive/comfyui-minimax-h3/reports/evidence/vm176-c64-canonical-transport-remediation-20261002/gpu-processes-h3-stopped.csv,ARCHIVE_ONLY,"Preserve immutable TaskContract, report, review/control evidence chain in control-plane archive; retain source commit and blob identity."
suncaifeng/comfyui-minimax-h3,refs/heads/codex/three-runtime-c64-canonical-transport-remediation,ffc5c7418c3cd62bb0ae24ee8b5172893970a382,refs/heads/codex/three-runtime-c64-canonical-transport-remediation,reports/evidence/vm176-c64-canonical-transport-remediation-20261002/gpu-processes-post.csv,baef7bc7f84821add6b2ef094768b1e750e691c4,suncaifeng/DevSopByAi,archive/comfyui-minimax-h3/reports/evidence/vm176-c64-canonical-transport-remediation-20261002/gpu-processes-post.csv,ARCHIVE_ONLY,"Preserve immutable TaskContract, report, review/control evidence chain in control-plane archive; retain source commit and blob identity."
suncaifeng/comfyui-minimax-h3,refs/heads/codex/three-runtime-c64-canonical-transport-remediation,ffc5c7418c3cd62bb0ae24ee8b5172893970a382,refs/heads/codex/three-runtime-c64-canonical-transport-remediation,reports/evidence/vm176-c64-canonical-transport-remediation-20261002/gpu-processes-pre.csv,dc32e52b1f59ac4fdc7119ceaf7b677d4c0fabd6,suncaifeng/DevSopByAi,archive/comfyui-minimax-h3/reports/evidence/vm176-c64-canonical-transport-remediation-20261002/gpu-processes-pre.csv,ARCHIVE_ONLY,"Preserve immutable TaskContract, report, review/control evidence chain in control-plane archive; retain source commit and blob identity."
suncaifeng/comfyui-minimax-h3,refs/heads/codex/three-runtime-c64-canonical-transport-remediation,ffc5c7418c3cd62bb0ae24ee8b5172893970a382,refs/heads/codex/three-runtime-c64-canonical-transport-remediation,reports/evidence/vm176-c64-canonical-transport-remediation-20261002/h3-post-active.txt,584c84786d9f1c072767a37bc1ba690769b6e15f,suncaifeng/DevSopByAi,archive/comfyui-minimax-h3/reports/evidence/vm176-c64-canonical-transport-remediation-20261002/h3-post-active.txt,ARCHIVE_ONLY,"Preserve immutable TaskContract, report, review/control evidence chain in control-plane archive; retain source commit and blob identity."
suncaifeng/comfyui-minimax-h3,refs/heads/codex/three-runtime-c64-canonical-transport-remediation,ffc5c7418c3cd62bb0ae24ee8b5172893970a382,refs/heads/codex/three-runtime-c64-canonical-transport-remediation,reports/evidence/vm176-c64-canonical-transport-remediation-20261002/h3-post-http-status.txt,08839f6bb296e888d311d8ea2f35f7ff82dd3f2d,suncaifeng/DevSopByAi,archive/comfyui-minimax-h3/reports/evidence/vm176-c64-canonical-transport-remediation-20261002/h3-post-http-status.txt,ARCHIVE_ONLY,"Preserve immutable TaskContract, report, review/control evidence chain in control-plane archive; retain source commit and blob identity."
suncaifeng/comfyui-minimax-h3,refs/heads/codex/three-runtime-c64-canonical-transport-remediation,ffc5c7418c3cd62bb0ae24ee8b5172893970a382,refs/heads/codex/three-runtime-c64-canonical-transport-remediation,reports/evidence/vm176-c64-canonical-transport-remediation-20261002/h3-post-state.txt,ffab11f65499f9bcb53d402efcb07200ead7e5bb,suncaifeng/DevSopByAi,archive/comfyui-minimax-h3/reports/evidence/vm176-c64-canonical-transport-remediation-20261002/h3-post-state.txt,ARCHIVE_ONLY,"Preserve immutable TaskContract, report, review/control evidence chain in control-plane archive; retain source commit and blob identity."
suncaifeng/comfyui-minimax-h3,refs/heads/codex/three-runtime-c64-canonical-transport-remediation,ffc5c7418c3cd62bb0ae24ee8b5172893970a382,refs/heads/codex/three-runtime-c64-canonical-transport-remediation,reports/evidence/vm176-c64-canonical-transport-remediation-20261002/h3-post-system-stats.json,b1d4421a8d6f9882be5ad399a7dc1c9af0f732a5,suncaifeng/DevSopByAi,archive/comfyui-minimax-h3/reports/evidence/vm176-c64-canonical-transport-remediation-20261002/h3-post-system-stats.json,ARCHIVE_ONLY,"Preserve immutable TaskContract, report, review/control evidence chain in control-plane archive; retain source commit and blob identity."
suncaifeng/comfyui-minimax-h3,refs/heads/codex/three-runtime-c64-canonical-transport-remediation,ffc5c7418c3cd62bb0ae24ee8b5172893970a382,refs/heads/codex/three-runtime-c64-canonical-transport-remediation,reports/evidence/vm176-c64-canonical-transport-remediation-20261002/h3-pre-active.txt,584c84786d9f1c072767a37bc1ba690769b6e15f,suncaifeng/DevSopByAi,archive/comfyui-minimax-h3/reports/evidence/vm176-c64-canonical-transport-remediation-20261002/h3-pre-active.txt,ARCHIVE_ONLY,"Preserve immutable TaskContract, report, review/control evidence chain in control-plane archive; retain source commit and blob identity."
suncaifeng/comfyui-minimax-h3,refs/heads/codex/three-runtime-c64-canonical-transport-remediation,ffc5c7418c3cd62bb0ae24ee8b5172893970a382,refs/heads/codex/three-runtime-c64-canonical-transport-remediation,reports/evidence/vm176-c64-canonical-transport-remediation-20261002/h3-pre-http-status.txt,08839f6bb296e888d311d8ea2f35f7ff82dd3f2d,suncaifeng/DevSopByAi,archive/comfyui-minimax-h3/reports/evidence/vm176-c64-canonical-transport-remediation-20261002/h3-pre-http-status.txt,ARCHIVE_ONLY,"Preserve immutable TaskContract, report, review/control evidence chain in control-plane archive; retain source commit and blob identity."
suncaifeng/comfyui-minimax-h3,refs/heads/codex/three-runtime-c64-canonical-transport-remediation,ffc5c7418c3cd62bb0ae24ee8b5172893970a382,refs/heads/codex/three-runtime-c64-canonical-transport-remediation,reports/evidence/vm176-c64-canonical-transport-remediation-20261002/h3-pre-state.txt,c96dcd07d891f6381b02ec05753e35a5f56c44b5,suncaifeng/DevSopByAi,archive/comfyui-minimax-h3/reports/evidence/vm176-c64-canonical-transport-remediation-20261002/h3-pre-state.txt,ARCHIVE_ONLY,"Preserve immutable TaskContract, report, review/control evidence chain in control-plane archive; retain source commit and blob identity."
suncaifeng/comfyui-minimax-h3,refs/heads/codex/three-runtime-c64-canonical-transport-remediation,ffc5c7418c3cd62bb0ae24ee8b5172893970a382,refs/heads/codex/three-runtime-c64-canonical-transport-remediation,reports/evidence/vm176-c64-canonical-transport-remediation-20261002/h3-pre-system-stats.json,91ffc8767ba4f9d3adf6cee2c196a0302cb616b2,suncaifeng/DevSopByAi,archive/comfyui-minimax-h3/reports/evidence/vm176-c64-canonical-transport-remediation-20261002/h3-pre-system-stats.json,ARCHIVE_ONLY,"Preserve immutable TaskContract, report, review/control evidence chain in control-plane archive; retain source commit and blob identity."
suncaifeng/comfyui-minimax-h3,refs/heads/codex/three-runtime-c64-canonical-transport-remediation,ffc5c7418c3cd62bb0ae24ee8b5172893970a382,refs/heads/codex/three-runtime-c64-canonical-transport-remediation,reports/evidence/vm176-c64-canonical-transport-remediation-20261002/h3-restore.log,e69de29bb2d1d6434b8b29ae775ad8c2e48c5391,suncaifeng/DevSopByAi,archive/comfyui-minimax-h3/reports/evidence/vm176-c64-canonical-transport-remediation-20261002/h3-restore.log,ARCHIVE_ONLY,"Preserve immutable TaskContract, report, review/control evidence chain in control-plane archive; retain source commit and blob identity."
suncaifeng/comfyui-minimax-h3,refs/heads/codex/three-runtime-c64-canonical-transport-remediation,ffc5c7418c3cd62bb0ae24ee8b5172893970a382,refs/heads/codex/three-runtime-c64-canonical-transport-remediation,reports/evidence/vm176-c64-canonical-transport-remediation-20261002/h3-stop.log,e69de29bb2d1d6434b8b29ae775ad8c2e48c5391,suncaifeng/DevSopByAi,archive/comfyui-minimax-h3/reports/evidence/vm176-c64-canonical-transport-remediation-20261002/h3-stop.log,ARCHIVE_ONLY,"Preserve immutable TaskContract, report, review/control evidence chain in control-plane archive; retain source commit and blob identity."
suncaifeng/comfyui-minimax-h3,refs/heads/codex/three-runtime-c64-canonical-transport-remediation,ffc5c7418c3cd62bb0ae24ee8b5172893970a382,refs/heads/codex/three-runtime-c64-canonical-transport-remediation,reports/evidence/vm176-c64-canonical-transport-remediation-20261002/kernel-phase-matches.txt,e69de29bb2d1d6434b8b29ae775ad8c2e48c5391,suncaifeng/DevSopByAi,archive/comfyui-minimax-h3/reports/evidence/vm176-c64-canonical-transport-remediation-20261002/kernel-phase-matches.txt,ARCHIVE_ONLY,"Preserve immutable TaskContract, report, review/control evidence chain in control-plane archive; retain source commit and blob identity."
suncaifeng/comfyui-minimax-h3,refs/heads/codex/three-runtime-c64-canonical-transport-remediation,ffc5c7418c3cd62bb0ae24ee8b5172893970a382,refs/heads/codex/three-runtime-c64-canonical-transport-remediation,reports/evidence/vm176-c64-canonical-transport-remediation-20261002/kernel-phase.log,6ba17d74f99ce6c1235db2e7a4a7408109e37c09,suncaifeng/DevSopByAi,archive/comfyui-minimax-h3/reports/evidence/vm176-c64-canonical-transport-remediation-20261002/kernel-phase.log,ARCHIVE_ONLY,"Preserve immutable TaskContract, report, review/control evidence chain in control-plane archive; retain source commit and blob identity."
suncaifeng/comfyui-minimax-h3,refs/heads/codex/three-runtime-c64-canonical-transport-remediation,ffc5c7418c3cd62bb0ae24ee8b5172893970a382,refs/heads/codex/three-runtime-c64-canonical-transport-remediation,reports/evidence/vm176-c64-canonical-transport-remediation-20261002/kernel-pre-matches.txt,e69de29bb2d1d6434b8b29ae775ad8c2e48c5391,suncaifeng/DevSopByAi,archive/comfyui-minimax-h3/reports/evidence/vm176-c64-canonical-transport-remediation-20261002/kernel-pre-matches.txt,ARCHIVE_ONLY,"Preserve immutable TaskContract, report, review/control evidence chain in control-plane archive; retain source commit and blob identity."
suncaifeng/comfyui-minimax-h3,refs/heads/codex/three-runtime-c64-canonical-transport-remediation,ffc5c7418c3cd62bb0ae24ee8b5172893970a382,refs/heads/codex/three-runtime-c64-canonical-transport-remediation,reports/evidence/vm176-c64-canonical-transport-remediation-20261002/kernel-pre.log,4e8711dad7c782a7f7893a373d7720969f974310,suncaifeng/DevSopByAi,archive/comfyui-minimax-h3/reports/evidence/vm176-c64-canonical-transport-remediation-20261002/kernel-pre.log,ARCHIVE_ONLY,"Preserve immutable TaskContract, report, review/control evidence chain in control-plane archive; retain source commit and blob identity."
suncaifeng/comfyui-minimax-h3,refs/heads/codex/three-runtime-c64-canonical-transport-remediation,ffc5c7418c3cd62bb0ae24ee8b5172893970a382,refs/heads/codex/three-runtime-c64-canonical-transport-remediation,reports/evidence/vm176-c64-canonical-transport-remediation-20261002/llama-gguf-special-token-flags-proof.json,c1c126501b78053c6f094af8b3d56c8b24273fad,suncaifeng/DevSopByAi,archive/comfyui-minimax-h3/reports/evidence/vm176-c64-canonical-transport-remediation-20261002/llama-gguf-special-token-flags-proof.json,ARCHIVE_ONLY,"Preserve immutable TaskContract, report, review/control evidence chain in control-plane archive; retain source commit and blob identity."
suncaifeng/comfyui-minimax-h3,refs/heads/codex/three-runtime-c64-canonical-transport-remediation,ffc5c7418c3cd62bb0ae24ee8b5172893970a382,refs/heads/codex/three-runtime-c64-canonical-transport-remediation,reports/evidence/vm176-c64-canonical-transport-remediation-20261002/llama-gguf-special-token-flags-reconciled.json,a3287a06ab8f84fbcbaa7aaf2564cbc99de499e1,suncaifeng/DevSopByAi,archive/comfyui-minimax-h3/reports/evidence/vm176-c64-canonical-transport-remediation-20261002/llama-gguf-special-token-flags-reconciled.json,ARCHIVE_ONLY,"Preserve immutable TaskContract, report, review/control evidence chain in control-plane archive; retain source commit and blob identity."
suncaifeng/comfyui-minimax-h3,refs/heads/codex/three-runtime-c64-canonical-transport-remediation,ffc5c7418c3cd62bb0ae24ee8b5172893970a382,refs/heads/codex/three-runtime-c64-canonical-transport-remediation,reports/evidence/vm176-c64-canonical-transport-remediation-20261002/llama-gguf-tokenizer-metadata-proof.json,9755eb239bf88462539432aa9297e20892b696d2,suncaifeng/DevSopByAi,archive/comfyui-minimax-h3/reports/evidence/vm176-c64-canonical-transport-remediation-20261002/llama-gguf-tokenizer-metadata-proof.json,ARCHIVE_ONLY,"Preserve immutable TaskContract, report, review/control evidence chain in control-plane archive; retain source commit and blob identity."
suncaifeng/comfyui-minimax-h3,refs/heads/codex/three-runtime-c64-canonical-transport-remediation,ffc5c7418c3cd62bb0ae24ee8b5172893970a382,refs/heads/codex/three-runtime-c64-canonical-transport-remediation,reports/evidence/vm176-c64-canonical-transport-remediation-20261002/llama-tokenize-vocab-only-attempt1.json,91ce4426e41390a7a828072338075704013d7b69,suncaifeng/DevSopByAi,archive/comfyui-minimax-h3/reports/evidence/vm176-c64-canonical-transport-remediation-20261002/llama-tokenize-vocab-only-attempt1.json,ARCHIVE_ONLY,"Preserve immutable TaskContract, report, review/control evidence chain in control-plane archive; retain source commit and blob identity."
suncaifeng/comfyui-minimax-h3,refs/heads/codex/three-runtime-c64-canonical-transport-remediation,ffc5c7418c3cd62bb0ae24ee8b5172893970a382,refs/heads/codex/three-runtime-c64-canonical-transport-remediation,reports/evidence/vm176-c64-canonical-transport-remediation-20261002/llama-tokenize-vocab-only-attempt1.stderr.txt,f9ef325a487590d8fea88a5c48af2843c7766702,suncaifeng/DevSopByAi,archive/comfyui-minimax-h3/reports/evidence/vm176-c64-canonical-transport-remediation-20261002/llama-tokenize-vocab-only-attempt1.stderr.txt,ARCHIVE_ONLY,"Preserve immutable TaskContract, report, review/control evidence chain in control-plane archive; retain source commit and blob identity."
suncaifeng/comfyui-minimax-h3,refs/heads/codex/three-runtime-c64-canonical-transport-remediation,ffc5c7418c3cd62bb0ae24ee8b5172893970a382,refs/heads/codex/three-runtime-c64-canonical-transport-remediation,reports/evidence/vm176-c64-canonical-transport-remediation-20261002/llama-tokenize-vocab-only-attempt2.stderr.txt,08fd49ad71deb8167b04d9ea587637986b63764c,suncaifeng/DevSopByAi,archive/comfyui-minimax-h3/reports/evidence/vm176-c64-canonical-transport-remediation-20261002/llama-tokenize-vocab-only-attempt2.stderr.txt,ARCHIVE_ONLY,"Preserve immutable TaskContract, report, review/control evidence chain in control-plane archive; retain source commit and blob identity."
suncaifeng/comfyui-minimax-h3,refs/heads/codex/three-runtime-c64-canonical-transport-remediation,ffc5c7418c3cd62bb0ae24ee8b5172893970a382,refs/heads/codex/three-runtime-c64-canonical-transport-remediation,reports/evidence/vm176-c64-canonical-transport-remediation-20261002/llama-tokenize-vocab-only.stderr.txt,f9ef325a487590d8fea88a5c48af2843c7766702,suncaifeng/DevSopByAi,archive/comfyui-minimax-h3/reports/evidence/vm176-c64-canonical-transport-remediation-20261002/llama-tokenize-vocab-only.stderr.txt,ARCHIVE_ONLY,"Preserve immutable TaskContract, report, review/control evidence chain in control-plane archive; retain source commit and blob identity."
suncaifeng/comfyui-minimax-h3,refs/heads/codex/three-runtime-c64-canonical-transport-remediation,ffc5c7418c3cd62bb0ae24ee8b5172893970a382,refs/heads/codex/three-runtime-c64-canonical-transport-remediation,reports/evidence/vm176-c64-canonical-transport-remediation-20261002/llama-transport-source-proof.txt,7ad681cfe9f5b261b2b924867547ea412f0d71e7,suncaifeng/DevSopByAi,archive/comfyui-minimax-h3/reports/evidence/vm176-c64-canonical-transport-remediation-20261002/llama-transport-source-proof.txt,ARCHIVE_ONLY,"Preserve immutable TaskContract, report, review/control evidence chain in control-plane archive; retain source commit and blob identity."
suncaifeng/comfyui-minimax-h3,refs/heads/codex/three-runtime-c64-canonical-transport-remediation,ffc5c7418c3cd62bb0ae24ee8b5172893970a382,refs/heads/codex/three-runtime-c64-canonical-transport-remediation,reports/evidence/vm176-c64-canonical-transport-remediation-20261002/llama-vocab-only-token-proof.json,76d64168fff83d3088ba550bcefc8d636d78e6b0,suncaifeng/DevSopByAi,archive/comfyui-minimax-h3/reports/evidence/vm176-c64-canonical-transport-remediation-20261002/llama-vocab-only-token-proof.json,ARCHIVE_ONLY,"Preserve immutable TaskContract, report, review/control evidence chain in control-plane archive; retain source commit and blob identity."
suncaifeng/comfyui-minimax-h3,refs/heads/codex/three-runtime-c64-canonical-transport-remediation,ffc5c7418c3cd62bb0ae24ee8b5172893970a382,refs/heads/codex/three-runtime-c64-canonical-transport-remediation,reports/evidence/vm176-c64-canonical-transport-remediation-20261002/materialize-authoritative-messages.py,426b6f385dc5aa6e249b27e8e2a079d65f4fc448,suncaifeng/DevSopByAi,archive/comfyui-minimax-h3/reports/evidence/vm176-c64-canonical-transport-remediation-20261002/materialize-authoritative-messages.py,ARCHIVE_ONLY,"Preserve immutable TaskContract, report, review/control evidence chain in control-plane archive; retain source commit and blob identity."
suncaifeng/comfyui-minimax-h3,refs/heads/codex/three-runtime-c64-canonical-transport-remediation,ffc5c7418c3cd62bb0ae24ee8b5172893970a382,refs/heads/codex/three-runtime-c64-canonical-transport-remediation,reports/evidence/vm176-c64-canonical-transport-remediation-20261002/memory-pre.txt,034a8078aee9e40457a81df1e1e3e108b2f3243b,suncaifeng/DevSopByAi,archive/comfyui-minimax-h3/reports/evidence/vm176-c64-canonical-transport-remediation-20261002/memory-pre.txt,ARCHIVE_ONLY,"Preserve immutable TaskContract, report, review/control evidence chain in control-plane archive; retain source commit and blob identity."
suncaifeng/comfyui-minimax-h3,refs/heads/codex/three-runtime-c64-canonical-transport-remediation,ffc5c7418c3cd62bb0ae24ee8b5172893970a382,refs/heads/codex/three-runtime-c64-canonical-transport-remediation,reports/evidence/vm176-c64-canonical-transport-remediation-20261002/ninfer-helper-compile-attempt1.txt,009253a3fdfba3cddb081f9d3098b0d92ef78866,suncaifeng/DevSopByAi,archive/comfyui-minimax-h3/reports/evidence/vm176-c64-canonical-transport-remediation-20261002/ninfer-helper-compile-attempt1.txt,ARCHIVE_ONLY,"Preserve immutable TaskContract, report, review/control evidence chain in control-plane archive; retain source commit and blob identity."
suncaifeng/comfyui-minimax-h3,refs/heads/codex/three-runtime-c64-canonical-transport-remediation,ffc5c7418c3cd62bb0ae24ee8b5172893970a382,refs/heads/codex/three-runtime-c64-canonical-transport-remediation,reports/evidence/vm176-c64-canonical-transport-remediation-20261002/ninfer-helper-compile-attempt2.txt,4ffa3bac95321ba685fa30a633ad2459d9528023,suncaifeng/DevSopByAi,archive/comfyui-minimax-h3/reports/evidence/vm176-c64-canonical-transport-remediation-20261002/ninfer-helper-compile-attempt2.txt,ARCHIVE_ONLY,"Preserve immutable TaskContract, report, review/control evidence chain in control-plane archive; retain source commit and blob identity."
suncaifeng/comfyui-minimax-h3,refs/heads/codex/three-runtime-c64-canonical-transport-remediation,ffc5c7418c3cd62bb0ae24ee8b5172893970a382,refs/heads/codex/three-runtime-c64-canonical-transport-remediation,reports/evidence/vm176-c64-canonical-transport-remediation-20261002/ninfer-message-provenance-proof.json,2ccfe20df9dcac9be8eafd3af75a2ac7cf9c5255,suncaifeng/DevSopByAi,archive/comfyui-minimax-h3/reports/evidence/vm176-c64-canonical-transport-remediation-20261002/ninfer-message-provenance-proof.json,ARCHIVE_ONLY,"Preserve immutable TaskContract, report, review/control evidence chain in control-plane archive; retain source commit and blob identity."
suncaifeng/comfyui-minimax-h3,refs/heads/codex/three-runtime-c64-canonical-transport-remediation,ffc5c7418c3cd62bb0ae24ee8b5172893970a382,refs/heads/codex/three-runtime-c64-canonical-transport-remediation,reports/evidence/vm176-c64-canonical-transport-remediation-20261002/ninfer-offline-frontend-proof.cpp,929ff1c5ee3abd5c9b46493a4bcc6b1e3a3c7a32,suncaifeng/DevSopByAi,archive/comfyui-minimax-h3/reports/evidence/vm176-c64-canonical-transport-remediation-20261002/ninfer-offline-frontend-proof.cpp,ARCHIVE_ONLY,"Preserve immutable TaskContract, report, review/control evidence chain in control-plane archive; retain source commit and blob identity."
suncaifeng/comfyui-minimax-h3,refs/heads/codex/three-runtime-c64-canonical-transport-remediation,ffc5c7418c3cd62bb0ae24ee8b5172893970a382,refs/heads/codex/three-runtime-c64-canonical-transport-remediation,reports/evidence/vm176-c64-canonical-transport-remediation-20261002/ninfer-resource-extraction-proof.json,da8847a9db04cff333176ec6cc90eaf0971b42a8,suncaifeng/DevSopByAi,archive/comfyui-minimax-h3/reports/evidence/vm176-c64-canonical-transport-remediation-20261002/ninfer-resource-extraction-proof.json,ARCHIVE_ONLY,"Preserve immutable TaskContract, report, review/control evidence chain in control-plane archive; retain source commit and blob identity."
suncaifeng/comfyui-minimax-h3,refs/heads/codex/three-runtime-c64-canonical-transport-remediation,ffc5c7418c3cd62bb0ae24ee8b5172893970a382,refs/heads/codex/three-runtime-c64-canonical-transport-remediation,reports/evidence/vm176-c64-canonical-transport-remediation-20261002/ninfer-tokenizer-identity-comparison.json,ff09abe69fc99ebfa8eb995fe8e648f311701789,suncaifeng/DevSopByAi,archive/comfyui-minimax-h3/reports/evidence/vm176-c64-canonical-transport-remediation-20261002/ninfer-tokenizer-identity-comparison.json,ARCHIVE_ONLY,"Preserve immutable TaskContract, report, review/control evidence chain in control-plane archive; retain source commit and blob identity."
suncaifeng/comfyui-minimax-h3,refs/heads/codex/three-runtime-c64-canonical-transport-remediation,ffc5c7418c3cd62bb0ae24ee8b5172893970a382,refs/heads/codex/three-runtime-c64-canonical-transport-remediation,reports/evidence/vm176-c64-canonical-transport-remediation-20261002/ninfer-transport-source-proof.txt,5841cc8ea786c52d55d0e4173f99057e0f47b0e6,suncaifeng/DevSopByAi,archive/comfyui-minimax-h3/reports/evidence/vm176-c64-canonical-transport-remediation-20261002/ninfer-transport-source-proof.txt,ARCHIVE_ONLY,"Preserve immutable TaskContract, report, review/control evidence chain in control-plane archive; retain source commit and blob identity."
suncaifeng/comfyui-minimax-h3,refs/heads/codex/three-runtime-c64-canonical-transport-remediation,ffc5c7418c3cd62bb0ae24ee8b5172893970a382,refs/heads/codex/three-runtime-c64-canonical-transport-remediation,reports/evidence/vm176-c64-canonical-transport-remediation-20261002/nvidia-smi-post-q.txt,68cacde4da5adad753efc322ddc24b82f8c085c2,suncaifeng/DevSopByAi,archive/comfyui-minimax-h3/reports/evidence/vm176-c64-canonical-transport-remediation-20261002/nvidia-smi-post-q.txt,ARCHIVE_ONLY,"Preserve immutable TaskContract, report, review/control evidence chain in control-plane archive; retain source commit and blob identity."
suncaifeng/comfyui-minimax-h3,refs/heads/codex/three-runtime-c64-canonical-transport-remediation,ffc5c7418c3cd62bb0ae24ee8b5172893970a382,refs/heads/codex/three-runtime-c64-canonical-transport-remediation,reports/evidence/vm176-c64-canonical-transport-remediation-20261002/nvidia-smi-pre-q.txt,a09a7e3e43aaeba72866c00e005d0be585591801,suncaifeng/DevSopByAi,archive/comfyui-minimax-h3/reports/evidence/vm176-c64-canonical-transport-remediation-20261002/nvidia-smi-pre-q.txt,ARCHIVE_ONLY,"Preserve immutable TaskContract, report, review/control evidence chain in control-plane archive; retain source commit and blob identity."
suncaifeng/comfyui-minimax-h3,refs/heads/codex/three-runtime-c64-canonical-transport-remediation,ffc5c7418c3cd62bb0ae24ee8b5172893970a382,refs/heads/codex/three-runtime-c64-canonical-transport-remediation,reports/evidence/vm176-c64-canonical-transport-remediation-20261002/parent-p1-audit-sources.txt,e281e0030545b1beb85a2af3dac4ab89643446d8,suncaifeng/DevSopByAi,archive/comfyui-minimax-h3/reports/evidence/vm176-c64-canonical-transport-remediation-20261002/parent-p1-audit-sources.txt,ARCHIVE_ONLY,"Preserve immutable TaskContract, report, review/control evidence chain in control-plane archive; retain source commit and blob identity."
suncaifeng/comfyui-minimax-h3,refs/heads/codex/three-runtime-c64-canonical-transport-remediation,ffc5c7418c3cd62bb0ae24ee8b5172893970a382,refs/heads/codex/three-runtime-c64-canonical-transport-remediation,reports/evidence/vm176-c64-canonical-transport-remediation-20261002/probe-pre-capture-utc.txt,1ad4cb10edf800a2a5fd4b0eac496c0cdb70b02c,suncaifeng/DevSopByAi,archive/comfyui-minimax-h3/reports/evidence/vm176-c64-canonical-transport-remediation-20261002/probe-pre-capture-utc.txt,ARCHIVE_ONLY,"Preserve immutable TaskContract, report, review/control evidence chain in control-plane archive; retain source commit and blob identity."
suncaifeng/comfyui-minimax-h3,refs/heads/codex/three-runtime-c64-canonical-transport-remediation,ffc5c7418c3cd62bb0ae24ee8b5172893970a382,refs/heads/codex/three-runtime-c64-canonical-transport-remediation,reports/evidence/vm176-c64-canonical-transport-remediation-20261002/processes-pre.txt,49e0c01e451386d665e71b41f85982231feaee06,suncaifeng/DevSopByAi,archive/comfyui-minimax-h3/reports/evidence/vm176-c64-canonical-transport-remediation-20261002/processes-pre.txt,ARCHIVE_ONLY,"Preserve immutable TaskContract, report, review/control evidence chain in control-plane archive; retain source commit and blob identity."
suncaifeng/comfyui-minimax-h3,refs/heads/codex/three-runtime-c64-canonical-transport-remediation,ffc5c7418c3cd62bb0ae24ee8b5172893970a382,refs/heads/codex/three-runtime-c64-canonical-transport-remediation,reports/evidence/vm176-c64-canonical-transport-remediation-20261002/read-llama-gguf-special-token-flags.py,884a983944e0f1fc379c747749d67edd79ec4623,suncaifeng/DevSopByAi,archive/comfyui-minimax-h3/reports/evidence/vm176-c64-canonical-transport-remediation-20261002/read-llama-gguf-special-token-flags.py,ARCHIVE_ONLY,"Preserve immutable TaskContract, report, review/control evidence chain in control-plane archive; retain source commit and blob identity."
suncaifeng/comfyui-minimax-h3,refs/heads/codex/three-runtime-c64-canonical-transport-remediation,ffc5c7418c3cd62bb0ae24ee8b5172893970a382,refs/heads/codex/three-runtime-c64-canonical-transport-remediation,reports/evidence/vm176-c64-canonical-transport-remediation-20261002/read-llama-gguf-tokenizer-metadata.py,65ce5a69ba32c534ccff04ebc4a80a5bc3c34f3f,suncaifeng/DevSopByAi,archive/comfyui-minimax-h3/reports/evidence/vm176-c64-canonical-transport-remediation-20261002/read-llama-gguf-tokenizer-metadata.py,ARCHIVE_ONLY,"Preserve immutable TaskContract, report, review/control evidence chain in control-plane archive; retain source commit and blob identity."
suncaifeng/comfyui-minimax-h3,refs/heads/codex/three-runtime-c64-canonical-transport-remediation,ffc5c7418c3cd62bb0ae24ee8b5172893970a382,refs/heads/codex/three-runtime-c64-canonical-transport-remediation,reports/evidence/vm176-c64-canonical-transport-remediation-20261002/run-llama-vocab-only-token-proof.py,e7a4c4eae8b41a30a19401cfe60d6f1041e47677,suncaifeng/DevSopByAi,archive/comfyui-minimax-h3/reports/evidence/vm176-c64-canonical-transport-remediation-20261002/run-llama-vocab-only-token-proof.py,ARCHIVE_ONLY,"Preserve immutable TaskContract, report, review/control evidence chain in control-plane archive; retain source commit and blob identity."
suncaifeng/comfyui-minimax-h3,refs/heads/codex/three-runtime-c64-canonical-transport-remediation,ffc5c7418c3cd62bb0ae24ee8b5172893970a382,refs/heads/codex/three-runtime-c64-canonical-transport-remediation,reports/evidence/vm176-c64-canonical-transport-remediation-20261002/run_tiny_fp16_lease.sh,73b3a5683d26c9f6d5c7a6bbc208317db2e2936e,suncaifeng/DevSopByAi,archive/comfyui-minimax-h3/reports/evidence/vm176-c64-canonical-transport-remediation-20261002/run_tiny_fp16_lease.sh,ARCHIVE_ONLY,"Preserve immutable TaskContract, report, review/control evidence chain in control-plane archive; retain source commit and blob identity."
suncaifeng/comfyui-minimax-h3,refs/heads/codex/three-runtime-c64-canonical-transport-remediation,ffc5c7418c3cd62bb0ae24ee8b5172893970a382,refs/heads/codex/three-runtime-c64-canonical-transport-remediation,reports/evidence/vm176-c64-canonical-transport-remediation-20261002/run_tiny_fp16_lease.sha256,8a19598494fa057d43dd8812d3299aee304f83ef,suncaifeng/DevSopByAi,archive/comfyui-minimax-h3/reports/evidence/vm176-c64-canonical-transport-remediation-20261002/run_tiny_fp16_lease.sha256,ARCHIVE_ONLY,"Preserve immutable TaskContract, report, review/control evidence chain in control-plane archive; retain source commit and blob identity."
suncaifeng/comfyui-minimax-h3,refs/heads/codex/three-runtime-c64-canonical-transport-remediation,ffc5c7418c3cd62bb0ae24ee8b5172893970a382,refs/heads/codex/three-runtime-c64-canonical-transport-remediation,reports/evidence/vm176-c64-canonical-transport-remediation-20261002/storage-pre.txt,8564057d6b5867b4c54729a8b7c235f82db6aa80,suncaifeng/DevSopByAi,archive/comfyui-minimax-h3/reports/evidence/vm176-c64-canonical-transport-remediation-20261002/storage-pre.txt,ARCHIVE_ONLY,"Preserve immutable TaskContract, report, review/control evidence chain in control-plane archive; retain source commit and blob identity."
suncaifeng/comfyui-minimax-h3,refs/heads/codex/three-runtime-c64-canonical-transport-remediation,ffc5c7418c3cd62bb0ae24ee8b5172893970a382,refs/heads/codex/three-runtime-c64-canonical-transport-remediation,reports/evidence/vm176-c64-canonical-transport-remediation-20261002/tiny-fp16-cuda-probe.txt,60fa9fceb7943e415d904667ceb48afc19279fdd,suncaifeng/DevSopByAi,archive/comfyui-minimax-h3/reports/evidence/vm176-c64-canonical-transport-remediation-20261002/tiny-fp16-cuda-probe.txt,ARCHIVE_ONLY,"Preserve immutable TaskContract, report, review/control evidence chain in control-plane archive; retain source commit and blob identity."
suncaifeng/comfyui-minimax-h3,refs/heads/codex/three-runtime-c64-canonical-transport-remediation,ffc5c7418c3cd62bb0ae24ee8b5172893970a382,refs/heads/codex/three-runtime-c64-canonical-transport-remediation,reports/evidence/vm176-c64-canonical-transport-remediation-20261002/tiny-fp16-phase-status.txt,1f312e21ceb9cc7d3601679b692e8bf5de7222c8,suncaifeng/DevSopByAi,archive/comfyui-minimax-h3/reports/evidence/vm176-c64-canonical-transport-remediation-20261002/tiny-fp16-phase-status.txt,ARCHIVE_ONLY,"Preserve immutable TaskContract, report, review/control evidence chain in control-plane archive; retain source commit and blob identity."
suncaifeng/comfyui-minimax-h3,refs/heads/codex/three-runtime-c64-canonical-transport-remediation,ffc5c7418c3cd62bb0ae24ee8b5172893970a382,refs/heads/codex/three-runtime-c64-canonical-transport-remediation,reports/evidence/vm176-c64-canonical-transport-remediation-20261002/tiny-fp16-preconditions.txt,8b076c1ead362e30269848d62b1c71c9c86be9db,suncaifeng/DevSopByAi,archive/comfyui-minimax-h3/reports/evidence/vm176-c64-canonical-transport-remediation-20261002/tiny-fp16-preconditions.txt,ARCHIVE_ONLY,"Preserve immutable TaskContract, report, review/control evidence chain in control-plane archive; retain source commit and blob identity."
suncaifeng/comfyui-minimax-h3,refs/heads/codex/h3-ltx-director-console-v2-corrective-delta-01,3968742392a8967325c4a9a2c3f6c81776e00c02,refs/heads/codex/h3-ltx-director-console-v2-corrective-delta-01;refs/heads/codex/h3-ltx-director-console-v2-holiday-codeb;refs/heads/codex/h3storyboard-director-console-v2-holiday-codeb;refs/heads/codex/holiday-relay-supervisor-codec;refs/heads/codex/onecat-native-v150-awq-vlk-quality-c64-corrective-delta;refs/heads/codex/onecat-native-v150-c64-canonical-readiness;refs/heads/codex/three-runtime-c64-canonical-transport-remediation;refs/heads/codex/three-runtime-c64-cross-runtime-calibration;refs/heads/codex/three-runtime-c64-quality-gate-policy-corrective-delta;refs/heads/codex/three-runtime-c64-quality-gate-policy-freeze;refs/heads/control/holiday-codea-to-codeb-relay,reports/evidence/vm176-codexa-onecat-native-v150-awq-vlk-quality-c64-corrective-delta-20261002/EXTERNAL-STAGING-LOGS.txt,58ac2666ca4f44e89a262b148a12c0d8f7dc8a41,suncaifeng/DevSopByAi,archive/comfyui-minimax-h3/reports/evidence/vm176-codexa-onecat-native-v150-awq-vlk-quality-c64-corrective-delta-20261002/EXTERNAL-STAGING-LOGS.txt,ARCHIVE_ONLY,"Preserve immutable TaskContract, report, review/control evidence chain in control-plane archive; retain source commit and blob identity."
suncaifeng/comfyui-minimax-h3,refs/heads/codex/h3-ltx-director-console-v2-corrective-delta-01,3968742392a8967325c4a9a2c3f6c81776e00c02,refs/heads/codex/h3-ltx-director-console-v2-corrective-delta-01;refs/heads/codex/h3-ltx-director-console-v2-holiday-codeb;refs/heads/codex/h3storyboard-director-console-v2-holiday-codeb;refs/heads/codex/holiday-relay-supervisor-codec;refs/heads/codex/onecat-native-v150-awq-vlk-quality-c64-corrective-delta;refs/heads/codex/onecat-native-v150-c64-canonical-readiness;refs/heads/codex/three-runtime-c64-canonical-transport-remediation;refs/heads/codex/three-runtime-c64-cross-runtime-calibration;refs/heads/codex/three-runtime-c64-quality-gate-policy-corrective-delta;refs/heads/codex/three-runtime-c64-quality-gate-policy-freeze;refs/heads/control/holiday-codea-to-codeb-relay,reports/evidence/vm176-codexa-onecat-native-v150-awq-vlk-quality-c64-corrective-delta-20261002/SHA256SUMS.txt,5ecfc9cbe5ca517be99410e73cbb4c63bd87bf73,suncaifeng/DevSopByAi,archive/comfyui-minimax-h3/reports/evidence/vm176-codexa-onecat-native-v150-awq-vlk-quality-c64-corrective-delta-20261002/SHA256SUMS.txt,ARCHIVE_ONLY,"Preserve immutable TaskContract, report, review/control evidence chain in control-plane archive; retain source commit and blob identity."
suncaifeng/comfyui-minimax-h3,refs/heads/codex/h3-ltx-director-console-v2-corrective-delta-01,3968742392a8967325c4a9a2c3f6c81776e00c02,refs/heads/codex/h3-ltx-director-console-v2-corrective-delta-01;refs/heads/codex/h3-ltx-director-console-v2-holiday-codeb;refs/heads/codex/h3storyboard-director-console-v2-holiday-codeb;refs/heads/codex/holiday-relay-supervisor-codec;refs/heads/codex/onecat-native-v150-awq-vlk-quality-c64-corrective-delta;refs/heads/codex/onecat-native-v150-c64-canonical-readiness;refs/heads/codex/three-runtime-c64-canonical-transport-remediation;refs/heads/codex/three-runtime-c64-cross-runtime-calibration;refs/heads/codex/three-runtime-c64-quality-gate-policy-corrective-delta;refs/heads/codex/three-runtime-c64-quality-gate-policy-freeze;refs/heads/control/holiday-codea-to-codeb-relay,reports/evidence/vm176-codexa-onecat-native-v150-awq-vlk-quality-c64-corrective-delta-20261002/phase-a0/attempt1-execution.txt,ef6bfae1f5c5ede9df7107cb40583494f7ba4ad4,suncaifeng/DevSopByAi,archive/comfyui-minimax-h3/reports/evidence/vm176-codexa-onecat-native-v150-awq-vlk-quality-c64-corrective-delta-20261002/phase-a0/attempt1-execution.txt,ARCHIVE_ONLY,"Preserve immutable TaskContract, report, review/control evidence chain in control-plane archive; retain source commit and blob identity."
suncaifeng/comfyui-minimax-h3,refs/heads/codex/h3-ltx-director-console-v2-corrective-delta-01,3968742392a8967325c4a9a2c3f6c81776e00c02,refs/heads/codex/h3-ltx-director-console-v2-corrective-delta-01;refs/heads/codex/h3-ltx-director-console-v2-holiday-codeb;refs/heads/codex/h3storyboard-director-console-v2-holiday-codeb;refs/heads/codex/holiday-relay-supervisor-codec;refs/heads/codex/onecat-native-v150-awq-vlk-quality-c64-corrective-delta;refs/heads/codex/onecat-native-v150-c64-canonical-readiness;refs/heads/codex/three-runtime-c64-canonical-transport-remediation;refs/heads/codex/three-runtime-c64-cross-runtime-calibration;refs/heads/codex/three-runtime-c64-quality-gate-policy-corrective-delta;refs/heads/codex/three-runtime-c64-quality-gate-policy-freeze;refs/heads/control/holiday-codea-to-codeb-relay,reports/evidence/vm176-codexa-onecat-native-v150-awq-vlk-quality-c64-corrective-delta-20261002/phase-a0/attempt2-execution.txt,923a63f87992f0db3b7c898b960b2db40c69579b,suncaifeng/DevSopByAi,archive/comfyui-minimax-h3/reports/evidence/vm176-codexa-onecat-native-v150-awq-vlk-quality-c64-corrective-delta-20261002/phase-a0/attempt2-execution.txt,ARCHIVE_ONLY,"Preserve immutable TaskContract, report, review/control evidence chain in control-plane archive; retain source commit and blob identity."
suncaifeng/comfyui-minimax-h3,refs/heads/codex/h3-ltx-director-console-v2-corrective-delta-01,3968742392a8967325c4a9a2c3f6c81776e00c02,refs/heads/codex/h3-ltx-director-console-v2-corrective-delta-01;refs/heads/codex/h3-ltx-director-console-v2-holiday-codeb;refs/heads/codex/h3storyboard-director-console-v2-holiday-codeb;refs/heads/codex/holiday-relay-supervisor-codec;refs/heads/codex/onecat-native-v150-awq-vlk-quality-c64-corrective-delta;refs/heads/codex/onecat-native-v150-c64-canonical-readiness;refs/heads/codex/three-runtime-c64-canonical-transport-remediation;refs/heads/codex/three-runtime-c64-cross-runtime-calibration;refs/heads/codex/three-runtime-c64-quality-gate-policy-corrective-delta;refs/heads/codex/three-runtime-c64-quality-gate-policy-freeze;refs/heads/control/holiday-codea-to-codeb-relay,reports/evidence/vm176-codexa-onecat-native-v150-awq-vlk-quality-c64-corrective-delta-20261002/phase-a0/python_patch.normalized.py,2b0ae61389c82f0480b90e222ec712da544b21a3,suncaifeng/DevSopByAi,archive/comfyui-minimax-h3/reports/evidence/vm176-codexa-onecat-native-v150-awq-vlk-quality-c64-corrective-delta-20261002/phase-a0/python_patch.normalized.py,ARCHIVE_ONLY,"Preserve immutable TaskContract, report, review/control evidence chain in control-plane archive; retain source commit and blob identity."
suncaifeng/comfyui-minimax-h3,refs/heads/codex/h3-ltx-director-console-v2-corrective-delta-01,3968742392a8967325c4a9a2c3f6c81776e00c02,refs/heads/codex/h3-ltx-director-console-v2-corrective-delta-01;refs/heads/codex/h3-ltx-director-console-v2-holiday-codeb;refs/heads/codex/h3storyboard-director-console-v2-holiday-codeb;refs/heads/codex/holiday-relay-supervisor-codec;refs/heads/codex/onecat-native-v150-awq-vlk-quality-c64-corrective-delta;refs/heads/codex/onecat-native-v150-c64-canonical-readiness;refs/heads/codex/three-runtime-c64-canonical-transport-remediation;refs/heads/codex/three-runtime-c64-cross-runtime-calibration;refs/heads/codex/three-runtime-c64-quality-gate-policy-corrective-delta;refs/heads/codex/three-runtime-c64-quality-gate-policy-freeze;refs/heads/control/holiday-codea-to-codeb-relay,reports/evidence/vm176-codexa-onecat-native-v150-awq-vlk-quality-c64-corrective-delta-20261002/phase-a0/python_patch.raw-content.txt,f5770eade96db81d9029deda84d2897fda7a0de4,suncaifeng/DevSopByAi,archive/comfyui-minimax-h3/reports/evidence/vm176-codexa-onecat-native-v150-awq-vlk-quality-c64-corrective-delta-20261002/phase-a0/python_patch.raw-content.txt,ARCHIVE_ONLY,"Preserve immutable TaskContract, report, review/control evidence chain in control-plane archive; retain source commit and blob identity."
suncaifeng/comfyui-minimax-h3,refs/heads/codex/h3-ltx-director-console-v2-corrective-delta-01,3968742392a8967325c4a9a2c3f6c81776e00c02,refs/heads/codex/h3-ltx-director-console-v2-corrective-delta-01;refs/heads/codex/h3-ltx-director-console-v2-holiday-codeb;refs/heads/codex/h3storyboard-director-console-v2-holiday-codeb;refs/heads/codex/holiday-relay-supervisor-codec;refs/heads/codex/onecat-native-v150-awq-vlk-quality-c64-corrective-delta;refs/heads/codex/onecat-native-v150-c64-canonical-readiness;refs/heads/codex/three-runtime-c64-canonical-transport-remediation;refs/heads/codex/three-runtime-c64-cross-runtime-calibration;refs/heads/codex/three-runtime-c64-quality-gate-policy-corrective-delta;refs/heads/codex/three-runtime-c64-quality-gate-policy-freeze;refs/heads/control/holiday-codea-to-codeb-relay,reports/evidence/vm176-codexa-onecat-native-v150-awq-vlk-quality-c64-corrective-delta-20261002/phase-a0/python_patch.raw-response.jsonl,88c2c41b0933df9273766ac7334c627f3414e038,suncaifeng/DevSopByAi,archive/comfyui-minimax-h3/reports/evidence/vm176-codexa-onecat-native-v150-awq-vlk-quality-c64-corrective-delta-20261002/phase-a0/python_patch.raw-response.jsonl,ARCHIVE_ONLY,"Preserve immutable TaskContract, report, review/control evidence chain in control-plane archive; retain source commit and blob identity."
suncaifeng/comfyui-minimax-h3,refs/heads/codex/h3-ltx-director-console-v2-corrective-delta-01,3968742392a8967325c4a9a2c3f6c81776e00c02,refs/heads/codex/h3-ltx-director-console-v2-corrective-delta-01;refs/heads/codex/h3-ltx-director-console-v2-holiday-codeb;refs/heads/codex/h3storyboard-director-console-v2-holiday-codeb;refs/heads/codex/holiday-relay-supervisor-codec;refs/heads/codex/onecat-native-v150-awq-vlk-quality-c64-corrective-delta;refs/heads/codex/onecat-native-v150-c64-canonical-readiness;refs/heads/codex/three-runtime-c64-canonical-transport-remediation;refs/heads/codex/three-runtime-c64-cross-runtime-calibration;refs/heads/codex/three-runtime-c64-quality-gate-policy-corrective-delta;refs/heads/codex/three-runtime-c64-quality-gate-policy-freeze;refs/heads/control/holiday-codea-to-codeb-relay,reports/evidence/vm176-codexa-onecat-native-v150-awq-vlk-quality-c64-corrective-delta-20261002/phase-a0/python_patch.validation.json,61d6f7b99df2d7e39aa8781f8831679a514757ab,suncaifeng/DevSopByAi,archive/comfyui-minimax-h3/reports/evidence/vm176-codexa-onecat-native-v150-awq-vlk-quality-c64-corrective-delta-20261002/phase-a0/python_patch.validation.json,ARCHIVE_ONLY,"Preserve immutable TaskContract, report, review/control evidence chain in control-plane archive; retain source commit and blob identity."
suncaifeng/comfyui-minimax-h3,refs/heads/codex/h3-ltx-director-console-v2-corrective-delta-01,3968742392a8967325c4a9a2c3f6c81776e00c02,refs/heads/codex/h3-ltx-director-console-v2-corrective-delta-01;refs/heads/codex/h3-ltx-director-console-v2-holiday-codeb;refs/heads/codex/h3storyboard-director-console-v2-holiday-codeb;refs/heads/codex/holiday-relay-supervisor-codec;refs/heads/codex/onecat-native-v150-awq-vlk-quality-c64-corrective-delta;refs/heads/codex/onecat-native-v150-c64-canonical-readiness;refs/heads/codex/three-runtime-c64-canonical-transport-remediation;refs/heads/codex/three-runtime-c64-cross-runtime-calibration;refs/heads/codex/three-runtime-c64-quality-gate-policy-corrective-delta;refs/heads/codex/three-runtime-c64-quality-gate-policy-freeze;refs/heads/control/holiday-codea-to-codeb-relay,reports/evidence/vm176-codexa-onecat-native-v150-awq-vlk-quality-c64-corrective-delta-20261002/phase-a0/reconcile-before-retry.txt,23b8a6667f9d7e4c3ce52c60eebb9c3e179b9bb3,suncaifeng/DevSopByAi,archive/comfyui-minimax-h3/reports/evidence/vm176-codexa-onecat-native-v150-awq-vlk-quality-c64-corrective-delta-20261002/phase-a0/reconcile-before-retry.txt,ARCHIVE_ONLY,"Preserve immutable TaskContract, report, review/control evidence chain in control-plane archive; retain source commit and blob identity."
suncaifeng/comfyui-minimax-h3,refs/heads/codex/h3-ltx-director-console-v2-corrective-delta-01,3968742392a8967325c4a9a2c3f6c81776e00c02,refs/heads/codex/h3-ltx-director-console-v2-corrective-delta-01;refs/heads/codex/h3-ltx-director-console-v2-holiday-codeb;refs/heads/codex/h3storyboard-director-console-v2-holiday-codeb;refs/heads/codex/holiday-relay-supervisor-codec;refs/heads/codex/onecat-native-v150-awq-vlk-quality-c64-corrective-delta;refs/heads/codex/onecat-native-v150-c64-canonical-readiness;refs/heads/codex/three-runtime-c64-canonical-transport-remediation;refs/heads/codex/three-runtime-c64-cross-runtime-calibration;refs/heads/codex/three-runtime-c64-quality-gate-policy-corrective-delta;refs/heads/codex/three-runtime-c64-quality-gate-policy-freeze;refs/heads/control/holiday-codea-to-codeb-relay,reports/evidence/vm176-codexa-onecat-native-v150-awq-vlk-quality-c64-corrective-delta-20261002/phase-a0/validate_python_patch.attempt1.py,ececa51dffb9fa4f5bac1fc10ff8db1752fa2716,suncaifeng/DevSopByAi,archive/comfyui-minimax-h3/reports/evidence/vm176-codexa-onecat-native-v150-awq-vlk-quality-c64-corrective-delta-20261002/phase-a0/validate_python_patch.attempt1.py,ARCHIVE_ONLY,"Preserve immutable TaskContract, report, review/control evidence chain in control-plane archive; retain source commit and blob identity."
suncaifeng/comfyui-minimax-h3,refs/heads/codex/h3-ltx-director-console-v2-corrective-delta-01,3968742392a8967325c4a9a2c3f6c81776e00c02,refs/heads/codex/h3-ltx-director-console-v2-corrective-delta-01;refs/heads/codex/h3-ltx-director-console-v2-holiday-codeb;refs/heads/codex/h3storyboard-director-console-v2-holiday-codeb;refs/heads/codex/holiday-relay-supervisor-codec;refs/heads/codex/onecat-native-v150-awq-vlk-quality-c64-corrective-delta;refs/heads/codex/onecat-native-v150-c64-canonical-readiness;refs/heads/codex/three-runtime-c64-canonical-transport-remediation;refs/heads/codex/three-runtime-c64-cross-runtime-calibration;refs/heads/codex/three-runtime-c64-quality-gate-policy-corrective-delta;refs/heads/codex/three-runtime-c64-quality-gate-policy-freeze;refs/heads/control/holiday-codea-to-codeb-relay,reports/evidence/vm176-codexa-onecat-native-v150-awq-vlk-quality-c64-corrective-delta-20261002/phase-a0/validate_python_patch.py,9e0eaa0eb263e81088e9621eb6a46c2fc42ea32f,suncaifeng/DevSopByAi,archive/comfyui-minimax-h3/reports/evidence/vm176-codexa-onecat-native-v150-awq-vlk-quality-c64-corrective-delta-20261002/phase-a0/validate_python_patch.py,ARCHIVE_ONLY,"Preserve immutable TaskContract, report, review/control evidence chain in control-plane archive; retain source commit and blob identity."
suncaifeng/comfyui-minimax-h3,refs/heads/codex/h3-ltx-director-console-v2-corrective-delta-01,3968742392a8967325c4a9a2c3f6c81776e00c02,refs/heads/codex/h3-ltx-director-console-v2-corrective-delta-01;refs/heads/codex/h3-ltx-director-console-v2-holiday-codeb;refs/heads/codex/h3storyboard-director-console-v2-holiday-codeb;refs/heads/codex/holiday-relay-supervisor-codec;refs/heads/codex/onecat-native-v150-awq-vlk-quality-c64-corrective-delta;refs/heads/codex/onecat-native-v150-c64-canonical-readiness;refs/heads/codex/three-runtime-c64-canonical-transport-remediation;refs/heads/codex/three-runtime-c64-cross-runtime-calibration;refs/heads/codex/three-runtime-c64-quality-gate-policy-corrective-delta;refs/heads/codex/three-runtime-c64-quality-gate-policy-freeze;refs/heads/control/holiday-codea-to-codeb-relay,reports/evidence/vm176-codexa-onecat-native-v150-awq-vlk-quality-c64-corrective-delta-20261002/phase-a1/h3-post-active.txt,584c84786d9f1c072767a37bc1ba690769b6e15f,suncaifeng/DevSopByAi,archive/comfyui-minimax-h3/reports/evidence/vm176-codexa-onecat-native-v150-awq-vlk-quality-c64-corrective-delta-20261002/phase-a1/h3-post-active.txt,ARCHIVE_ONLY,"Preserve immutable TaskContract, report, review/control evidence chain in control-plane archive; retain source commit and blob identity."
suncaifeng/comfyui-minimax-h3,refs/heads/codex/h3-ltx-director-console-v2-corrective-delta-01,3968742392a8967325c4a9a2c3f6c81776e00c02,refs/heads/codex/h3-ltx-director-console-v2-corrective-delta-01;refs/heads/codex/h3-ltx-director-console-v2-holiday-codeb;refs/heads/codex/h3storyboard-director-console-v2-holiday-codeb;refs/heads/codex/holiday-relay-supervisor-codec;refs/heads/codex/onecat-native-v150-awq-vlk-quality-c64-corrective-delta;refs/heads/codex/onecat-native-v150-c64-canonical-readiness;refs/heads/codex/three-runtime-c64-canonical-transport-remediation;refs/heads/codex/three-runtime-c64-cross-runtime-calibration;refs/heads/codex/three-runtime-c64-quality-gate-policy-corrective-delta;refs/heads/codex/three-runtime-c64-quality-gate-policy-freeze;refs/heads/control/holiday-codea-to-codeb-relay,reports/evidence/vm176-codexa-onecat-native-v150-awq-vlk-quality-c64-corrective-delta-20261002/phase-a1/h3-post-http-status.txt,08839f6bb296e888d311d8ea2f35f7ff82dd3f2d,suncaifeng/DevSopByAi,archive/comfyui-minimax-h3/reports/evidence/vm176-codexa-onecat-native-v150-awq-vlk-quality-c64-corrective-delta-20261002/phase-a1/h3-post-http-status.txt,ARCHIVE_ONLY,"Preserve immutable TaskContract, report, review/control evidence chain in control-plane archive; retain source commit and blob identity."
suncaifeng/comfyui-minimax-h3,refs/heads/codex/h3-ltx-director-console-v2-corrective-delta-01,3968742392a8967325c4a9a2c3f6c81776e00c02,refs/heads/codex/h3-ltx-director-console-v2-corrective-delta-01;refs/heads/codex/h3-ltx-director-console-v2-holiday-codeb;refs/heads/codex/h3storyboard-director-console-v2-holiday-codeb;refs/heads/codex/holiday-relay-supervisor-codec;refs/heads/codex/onecat-native-v150-awq-vlk-quality-c64-corrective-delta;refs/heads/codex/onecat-native-v150-c64-canonical-readiness;refs/heads/codex/three-runtime-c64-canonical-transport-remediation;refs/heads/codex/three-runtime-c64-cross-runtime-calibration;refs/heads/codex/three-runtime-c64-quality-gate-policy-corrective-delta;refs/heads/codex/three-runtime-c64-quality-gate-policy-freeze;refs/heads/control/holiday-codea-to-codeb-relay,reports/evidence/vm176-codexa-onecat-native-v150-awq-vlk-quality-c64-corrective-delta-20261002/phase-a1/h3-post-system-stats.json,5a755b0bf3792246f9555366a4eff739b9f02cbf,suncaifeng/DevSopByAi,archive/comfyui-minimax-h3/reports/evidence/vm176-codexa-onecat-native-v150-awq-vlk-quality-c64-corrective-delta-20261002/phase-a1/h3-post-system-stats.json,ARCHIVE_ONLY,"Preserve immutable TaskContract, report, review/control evidence chain in control-plane archive; retain source commit and blob identity."
suncaifeng/comfyui-minimax-h3,refs/heads/codex/h3-ltx-director-console-v2-corrective-delta-01,3968742392a8967325c4a9a2c3f6c81776e00c02,refs/heads/codex/h3-ltx-director-console-v2-corrective-delta-01;refs/heads/codex/h3-ltx-director-console-v2-holiday-codeb;refs/heads/codex/h3storyboard-director-console-v2-holiday-codeb;refs/heads/codex/holiday-relay-supervisor-codec;refs/heads/codex/onecat-native-v150-awq-vlk-quality-c64-corrective-delta;refs/heads/codex/onecat-native-v150-c64-canonical-readiness;refs/heads/codex/three-runtime-c64-canonical-transport-remediation;refs/heads/codex/three-runtime-c64-cross-runtime-calibration;refs/heads/codex/three-runtime-c64-quality-gate-policy-corrective-delta;refs/heads/codex/three-runtime-c64-quality-gate-policy-freeze;refs/heads/control/holiday-codea-to-codeb-relay,reports/evidence/vm176-codexa-onecat-native-v150-awq-vlk-quality-c64-corrective-delta-20261002/phase-a1/h3-pre-active.txt,584c84786d9f1c072767a37bc1ba690769b6e15f,suncaifeng/DevSopByAi,archive/comfyui-minimax-h3/reports/evidence/vm176-codexa-onecat-native-v150-awq-vlk-quality-c64-corrective-delta-20261002/phase-a1/h3-pre-active.txt,ARCHIVE_ONLY,"Preserve immutable TaskContract, report, review/control evidence chain in control-plane archive; retain source commit and blob identity."
suncaifeng/comfyui-minimax-h3,refs/heads/codex/h3-ltx-director-console-v2-corrective-delta-01,3968742392a8967325c4a9a2c3f6c81776e00c02,refs/heads/codex/h3-ltx-director-console-v2-corrective-delta-01;refs/heads/codex/h3-ltx-director-console-v2-holiday-codeb;refs/heads/codex/h3storyboard-director-console-v2-holiday-codeb;refs/heads/codex/holiday-relay-supervisor-codec;refs/heads/codex/onecat-native-v150-awq-vlk-quality-c64-corrective-delta;refs/heads/codex/onecat-native-v150-c64-canonical-readiness;refs/heads/codex/three-runtime-c64-canonical-transport-remediation;refs/heads/codex/three-runtime-c64-cross-runtime-calibration;refs/heads/codex/three-runtime-c64-quality-gate-policy-corrective-delta;refs/heads/codex/three-runtime-c64-quality-gate-policy-freeze;refs/heads/control/holiday-codea-to-codeb-relay,reports/evidence/vm176-codexa-onecat-native-v150-awq-vlk-quality-c64-corrective-delta-20261002/phase-a1/h3-pre-http-status.txt,08839f6bb296e888d311d8ea2f35f7ff82dd3f2d,suncaifeng/DevSopByAi,archive/comfyui-minimax-h3/reports/evidence/vm176-codexa-onecat-native-v150-awq-vlk-quality-c64-corrective-delta-20261002/phase-a1/h3-pre-http-status.txt,ARCHIVE_ONLY,"Preserve immutable TaskContract, report, review/control evidence chain in control-plane archive; retain source commit and blob identity."
suncaifeng/comfyui-minimax-h3,refs/heads/codex/h3-ltx-director-console-v2-corrective-delta-01,3968742392a8967325c4a9a2c3f6c81776e00c02,refs/heads/codex/h3-ltx-director-console-v2-corrective-delta-01;refs/heads/codex/h3-ltx-director-console-v2-holiday-codeb;refs/heads/codex/h3storyboard-director-console-v2-holiday-codeb;refs/heads/codex/holiday-relay-supervisor-codec;refs/heads/codex/onecat-native-v150-awq-vlk-quality-c64-corrective-delta;refs/heads/codex/onecat-native-v150-c64-canonical-readiness;refs/heads/codex/three-runtime-c64-canonical-transport-remediation;refs/heads/codex/three-runtime-c64-cross-runtime-calibration;refs/heads/codex/three-runtime-c64-quality-gate-policy-corrective-delta;refs/heads/codex/three-runtime-c64-quality-gate-policy-freeze;refs/heads/control/holiday-codea-to-codeb-relay,reports/evidence/vm176-codexa-onecat-native-v150-awq-vlk-quality-c64-corrective-delta-20261002/phase-a1/h3-pre-system-stats.json,5e09a5cdd9df2b3cf4cb159e081904403d658afa,suncaifeng/DevSopByAi,archive/comfyui-minimax-h3/reports/evidence/vm176-codexa-onecat-native-v150-awq-vlk-quality-c64-corrective-delta-20261002/phase-a1/h3-pre-system-stats.json,ARCHIVE_ONLY,"Preserve immutable TaskContract, report, review/control evidence chain in control-plane archive; retain source commit and blob identity."
suncaifeng/comfyui-minimax-h3,refs/heads/codex/h3-ltx-director-console-v2-corrective-delta-01,3968742392a8967325c4a9a2c3f6c81776e00c02,refs/heads/codex/h3-ltx-director-console-v2-corrective-delta-01;refs/heads/codex/h3-ltx-director-console-v2-holiday-codeb;refs/heads/codex/h3storyboard-director-console-v2-holiday-codeb;refs/heads/codex/holiday-relay-supervisor-codec;refs/heads/codex/onecat-native-v150-awq-vlk-quality-c64-corrective-delta;refs/heads/codex/onecat-native-v150-c64-canonical-readiness;refs/heads/codex/three-runtime-c64-canonical-transport-remediation;refs/heads/codex/three-runtime-c64-cross-runtime-calibration;refs/heads/codex/three-runtime-c64-quality-gate-policy-corrective-delta;refs/heads/codex/three-runtime-c64-quality-gate-policy-freeze;refs/heads/control/holiday-codea-to-codeb-relay,reports/evidence/vm176-codexa-onecat-native-v150-awq-vlk-quality-c64-corrective-delta-20261002/phase-a1/kernel-live-matches.txt,e69de29bb2d1d6434b8b29ae775ad8c2e48c5391,suncaifeng/DevSopByAi,archive/comfyui-minimax-h3/reports/evidence/vm176-codexa-onecat-native-v150-awq-vlk-quality-c64-corrective-delta-20261002/phase-a1/kernel-live-matches.txt,ARCHIVE_ONLY,"Preserve immutable TaskContract, report, review/control evidence chain in control-plane archive; retain source commit and blob identity."
suncaifeng/comfyui-minimax-h3,refs/heads/codex/h3-ltx-director-console-v2-corrective-delta-01,3968742392a8967325c4a9a2c3f6c81776e00c02,refs/heads/codex/h3-ltx-director-console-v2-corrective-delta-01;refs/heads/codex/h3-ltx-director-console-v2-holiday-codeb;refs/heads/codex/h3storyboard-director-console-v2-holiday-codeb;refs/heads/codex/holiday-relay-supervisor-codec;refs/heads/codex/onecat-native-v150-awq-vlk-quality-c64-corrective-delta;refs/heads/codex/onecat-native-v150-c64-canonical-readiness;refs/heads/codex/three-runtime-c64-canonical-transport-remediation;refs/heads/codex/three-runtime-c64-cross-runtime-calibration;refs/heads/codex/three-runtime-c64-quality-gate-policy-corrective-delta;refs/heads/codex/three-runtime-c64-quality-gate-policy-freeze;refs/heads/control/holiday-codea-to-codeb-relay,reports/evidence/vm176-codexa-onecat-native-v150-awq-vlk-quality-c64-corrective-delta-20261002/phase-a1/kernel-post-matches.txt,e69de29bb2d1d6434b8b29ae775ad8c2e48c5391,suncaifeng/DevSopByAi,archive/comfyui-minimax-h3/reports/evidence/vm176-codexa-onecat-native-v150-awq-vlk-quality-c64-corrective-delta-20261002/phase-a1/kernel-post-matches.txt,ARCHIVE_ONLY,"Preserve immutable TaskContract, report, review/control evidence chain in control-plane archive; retain source commit and blob identity."
suncaifeng/comfyui-minimax-h3,refs/heads/codex/h3-ltx-director-console-v2-corrective-delta-01,3968742392a8967325c4a9a2c3f6c81776e00c02,refs/heads/codex/h3-ltx-director-console-v2-corrective-delta-01;refs/heads/codex/h3-ltx-director-console-v2-holiday-codeb;refs/heads/codex/h3storyboard-director-console-v2-holiday-codeb;refs/heads/codex/holiday-relay-supervisor-codec;refs/heads/codex/onecat-native-v150-awq-vlk-quality-c64-corrective-delta;refs/heads/codex/onecat-native-v150-c64-canonical-readiness;refs/heads/codex/three-runtime-c64-canonical-transport-remediation;refs/heads/codex/three-runtime-c64-cross-runtime-calibration;refs/heads/codex/three-runtime-c64-quality-gate-policy-corrective-delta;refs/heads/codex/three-runtime-c64-quality-gate-policy-freeze;refs/heads/control/holiday-codea-to-codeb-relay,reports/evidence/vm176-codexa-onecat-native-v150-awq-vlk-quality-c64-corrective-delta-20261002/phase-a1/kernel-pre-matches.txt,e69de29bb2d1d6434b8b29ae775ad8c2e48c5391,suncaifeng/DevSopByAi,archive/comfyui-minimax-h3/reports/evidence/vm176-codexa-onecat-native-v150-awq-vlk-quality-c64-corrective-delta-20261002/phase-a1/kernel-pre-matches.txt,ARCHIVE_ONLY,"Preserve immutable TaskContract, report, review/control evidence chain in control-plane archive; retain source commit and blob identity."
suncaifeng/comfyui-minimax-h3,refs/heads/codex/h3-ltx-director-console-v2-corrective-delta-01,3968742392a8967325c4a9a2c3f6c81776e00c02,refs/heads/codex/h3-ltx-director-console-v2-corrective-delta-01;refs/heads/codex/h3-ltx-director-console-v2-holiday-codeb;refs/heads/codex/h3storyboard-director-console-v2-holiday-codeb;refs/heads/codex/holiday-relay-supervisor-codec;refs/heads/codex/onecat-native-v150-awq-vlk-quality-c64-corrective-delta;refs/heads/codex/onecat-native-v150-c64-canonical-readiness;refs/heads/codex/three-runtime-c64-canonical-transport-remediation;refs/heads/codex/three-runtime-c64-cross-runtime-calibration;refs/heads/codex/three-runtime-c64-quality-gate-policy-corrective-delta;refs/heads/codex/three-runtime-c64-quality-gate-policy-freeze;refs/heads/control/holiday-codea-to-codeb-relay,reports/evidence/vm176-codexa-onecat-native-v150-awq-vlk-quality-c64-corrective-delta-20261002/phase-a1/launch-exit.txt,9208c46bd597157b32242b585c8f3708996a6d07,suncaifeng/DevSopByAi,archive/comfyui-minimax-h3/reports/evidence/vm176-codexa-onecat-native-v150-awq-vlk-quality-c64-corrective-delta-20261002/phase-a1/launch-exit.txt,ARCHIVE_ONLY,"Preserve immutable TaskContract, report, review/control evidence chain in control-plane archive; retain source commit and blob identity."
suncaifeng/comfyui-minimax-h3,refs/heads/codex/h3-ltx-director-console-v2-corrective-delta-01,3968742392a8967325c4a9a2c3f6c81776e00c02,refs/heads/codex/h3-ltx-director-console-v2-corrective-delta-01;refs/heads/codex/h3-ltx-director-console-v2-holiday-codeb;refs/heads/codex/h3storyboard-director-console-v2-holiday-codeb;refs/heads/codex/holiday-relay-supervisor-codec;refs/heads/codex/onecat-native-v150-awq-vlk-quality-c64-corrective-delta;refs/heads/codex/onecat-native-v150-c64-canonical-readiness;refs/heads/codex/three-runtime-c64-canonical-transport-remediation;refs/heads/codex/three-runtime-c64-cross-runtime-calibration;refs/heads/codex/three-runtime-c64-quality-gate-policy-corrective-delta;refs/heads/codex/three-runtime-c64-quality-gate-policy-freeze;refs/heads/control/holiday-codea-to-codeb-relay,reports/evidence/vm176-codexa-onecat-native-v150-awq-vlk-quality-c64-corrective-delta-20261002/phase-a1/launch-status.txt,734d9362d31fc433ebacb7a7c92bffcf38d52ae9,suncaifeng/DevSopByAi,archive/comfyui-minimax-h3/reports/evidence/vm176-codexa-onecat-native-v150-awq-vlk-quality-c64-corrective-delta-20261002/phase-a1/launch-status.txt,ARCHIVE_ONLY,"Preserve immutable TaskContract, report, review/control evidence chain in control-plane archive; retain source commit and blob identity."
suncaifeng/comfyui-minimax-h3,refs/heads/codex/h3-ltx-director-console-v2-corrective-delta-01,3968742392a8967325c4a9a2c3f6c81776e00c02,refs/heads/codex/h3-ltx-director-console-v2-corrective-delta-01;refs/heads/codex/h3-ltx-director-console-v2-holiday-codeb;refs/heads/codex/h3storyboard-director-console-v2-holiday-codeb;refs/heads/codex/holiday-relay-supervisor-codec;refs/heads/codex/onecat-native-v150-awq-vlk-quality-c64-corrective-delta;refs/heads/codex/onecat-native-v150-c64-canonical-readiness;refs/heads/codex/three-runtime-c64-canonical-transport-remediation;refs/heads/codex/three-runtime-c64-cross-runtime-calibration;refs/heads/codex/three-runtime-c64-quality-gate-policy-corrective-delta;refs/heads/codex/three-runtime-c64-quality-gate-policy-freeze;refs/heads/control/holiday-codea-to-codeb-relay,reports/evidence/vm176-codexa-onecat-native-v150-awq-vlk-quality-c64-corrective-delta-20261002/phase-a1/model-and-request-preflight.txt,75955e3b1d4410bbcde0f607e10957cf1f5aa305,suncaifeng/DevSopByAi,archive/comfyui-minimax-h3/reports/evidence/vm176-codexa-onecat-native-v150-awq-vlk-quality-c64-corrective-delta-20261002/phase-a1/model-and-request-preflight.txt,ARCHIVE_ONLY,"Preserve immutable TaskContract, report, review/control evidence chain in control-plane archive; retain source commit and blob identity."
suncaifeng/comfyui-minimax-h3,refs/heads/codex/h3-ltx-director-console-v2-corrective-delta-01,3968742392a8967325c4a9a2c3f6c81776e00c02,refs/heads/codex/h3-ltx-director-console-v2-corrective-delta-01;refs/heads/codex/h3-ltx-director-console-v2-holiday-codeb;refs/heads/codex/h3storyboard-director-console-v2-holiday-codeb;refs/heads/codex/holiday-relay-supervisor-codec;refs/heads/codex/onecat-native-v150-awq-vlk-quality-c64-corrective-delta;refs/heads/codex/onecat-native-v150-c64-canonical-readiness;refs/heads/codex/three-runtime-c64-canonical-transport-remediation;refs/heads/codex/three-runtime-c64-cross-runtime-calibration;refs/heads/codex/three-runtime-c64-quality-gate-policy-corrective-delta;refs/heads/codex/three-runtime-c64-quality-gate-policy-freeze;refs/heads/control/holiday-codea-to-codeb-relay,reports/evidence/vm176-codexa-onecat-native-v150-awq-vlk-quality-c64-corrective-delta-20261002/phase-a1/model-hashes.txt,6bbadde4d58e6486f92aca7fe777c1041f1a4ad2,suncaifeng/DevSopByAi,archive/comfyui-minimax-h3/reports/evidence/vm176-codexa-onecat-native-v150-awq-vlk-quality-c64-corrective-delta-20261002/phase-a1/model-hashes.txt,ARCHIVE_ONLY,"Preserve immutable TaskContract, report, review/control evidence chain in control-plane archive; retain source commit and blob identity."
suncaifeng/comfyui-minimax-h3,refs/heads/codex/h3-ltx-director-console-v2-corrective-delta-01,3968742392a8967325c4a9a2c3f6c81776e00c02,refs/heads/codex/h3-ltx-director-console-v2-corrective-delta-01;refs/heads/codex/h3-ltx-director-console-v2-holiday-codeb;refs/heads/codex/h3storyboard-director-console-v2-holiday-codeb;refs/heads/codex/holiday-relay-supervisor-codec;refs/heads/codex/onecat-native-v150-awq-vlk-quality-c64-corrective-delta;refs/heads/codex/onecat-native-v150-c64-canonical-readiness;refs/heads/codex/three-runtime-c64-canonical-transport-remediation;refs/heads/codex/three-runtime-c64-cross-runtime-calibration;refs/heads/codex/three-runtime-c64-quality-gate-policy-corrective-delta;refs/heads/codex/three-runtime-c64-quality-gate-policy-freeze;refs/heads/control/holiday-codea-to-codeb-relay,reports/evidence/vm176-codexa-onecat-native-v150-awq-vlk-quality-c64-corrective-delta-20261002/phase-a1/model-identity-adopted.txt,2cf68e56ff218ae3d2c72fb9c15675a525dc6043,suncaifeng/DevSopByAi,archive/comfyui-minimax-h3/reports/evidence/vm176-codexa-onecat-native-v150-awq-vlk-quality-c64-corrective-delta-20261002/phase-a1/model-identity-adopted.txt,ARCHIVE_ONLY,"Preserve immutable TaskContract, report, review/control evidence chain in control-plane archive; retain source commit and blob identity."
suncaifeng/comfyui-minimax-h3,refs/heads/codex/h3-ltx-director-console-v2-corrective-delta-01,3968742392a8967325c4a9a2c3f6c81776e00c02,refs/heads/codex/h3-ltx-director-console-v2-corrective-delta-01;refs/heads/codex/h3-ltx-director-console-v2-holiday-codeb;refs/heads/codex/h3storyboard-director-console-v2-holiday-codeb;refs/heads/codex/holiday-relay-supervisor-codec;refs/heads/codex/onecat-native-v150-awq-vlk-quality-c64-corrective-delta;refs/heads/codex/onecat-native-v150-c64-canonical-readiness;refs/heads/codex/three-runtime-c64-canonical-transport-remediation;refs/heads/codex/three-runtime-c64-cross-runtime-calibration;refs/heads/codex/three-runtime-c64-quality-gate-policy-corrective-delta;refs/heads/codex/three-runtime-c64-quality-gate-policy-freeze;refs/heads/control/holiday-codea-to-codeb-relay,reports/evidence/vm176-codexa-onecat-native-v150-awq-vlk-quality-c64-corrective-delta-20261002/phase-a1/models-http-status.txt,ae4ee13c08e7628701b925b8962108bd7643bf6e,suncaifeng/DevSopByAi,archive/comfyui-minimax-h3/reports/evidence/vm176-codexa-onecat-native-v150-awq-vlk-quality-c64-corrective-delta-20261002/phase-a1/models-http-status.txt,ARCHIVE_ONLY,"Preserve immutable TaskContract, report, review/control evidence chain in control-plane archive; retain source commit and blob identity."
suncaifeng/comfyui-minimax-h3,refs/heads/codex/h3-ltx-director-console-v2-corrective-delta-01,3968742392a8967325c4a9a2c3f6c81776e00c02,refs/heads/codex/h3-ltx-director-console-v2-corrective-delta-01;refs/heads/codex/h3-ltx-director-console-v2-holiday-codeb;refs/heads/codex/h3storyboard-director-console-v2-holiday-codeb;refs/heads/codex/holiday-relay-supervisor-codec;refs/heads/codex/onecat-native-v150-awq-vlk-quality-c64-corrective-delta;refs/heads/codex/onecat-native-v150-c64-canonical-readiness;refs/heads/codex/three-runtime-c64-canonical-transport-remediation;refs/heads/codex/three-runtime-c64-cross-runtime-calibration;refs/heads/codex/three-runtime-c64-quality-gate-policy-corrective-delta;refs/heads/codex/three-runtime-c64-quality-gate-policy-freeze;refs/heads/control/holiday-codea-to-codeb-relay,reports/evidence/vm176-codexa-onecat-native-v150-awq-vlk-quality-c64-corrective-delta-20261002/phase-a1/models.json,64e98dd27bf0ae46ee9d1eb77f562ee1df8b6c5c,suncaifeng/DevSopByAi,archive/comfyui-minimax-h3/reports/evidence/vm176-codexa-onecat-native-v150-awq-vlk-quality-c64-corrective-delta-20261002/phase-a1/models.json,ARCHIVE_ONLY,"Preserve immutable TaskContract, report, review/control evidence chain in control-plane archive; retain source commit and blob identity."
suncaifeng/comfyui-minimax-h3,refs/heads/codex/h3-ltx-director-console-v2-corrective-delta-01,3968742392a8967325c4a9a2c3f6c81776e00c02,refs/heads/codex/h3-ltx-director-console-v2-corrective-delta-01;refs/heads/codex/h3-ltx-director-console-v2-holiday-codeb;refs/heads/codex/h3storyboard-director-console-v2-holiday-codeb;refs/heads/codex/holiday-relay-supervisor-codec;refs/heads/codex/onecat-native-v150-awq-vlk-quality-c64-corrective-delta;refs/heads/codex/onecat-native-v150-c64-canonical-readiness;refs/heads/codex/three-runtime-c64-canonical-transport-remediation;refs/heads/codex/three-runtime-c64-cross-runtime-calibration;refs/heads/codex/three-runtime-c64-quality-gate-policy-corrective-delta;refs/heads/codex/three-runtime-c64-quality-gate-policy-freeze;refs/heads/control/holiday-codea-to-codeb-relay,reports/evidence/vm176-codexa-onecat-native-v150-awq-vlk-quality-c64-corrective-delta-20261002/phase-a1/official-venv.txt,17a00473407a8a527fdf0797e3fb649dc5527eab,suncaifeng/DevSopByAi,archive/comfyui-minimax-h3/reports/evidence/vm176-codexa-onecat-native-v150-awq-vlk-quality-c64-corrective-delta-20261002/phase-a1/official-venv.txt,ARCHIVE_ONLY,"Preserve immutable TaskContract, report, review/control evidence chain in control-plane archive; retain source commit and blob identity."
suncaifeng/comfyui-minimax-h3,refs/heads/codex/h3-ltx-director-console-v2-corrective-delta-01,3968742392a8967325c4a9a2c3f6c81776e00c02,refs/heads/codex/h3-ltx-director-console-v2-corrective-delta-01;refs/heads/codex/h3-ltx-director-console-v2-holiday-codeb;refs/heads/codex/h3storyboard-director-console-v2-holiday-codeb;refs/heads/codex/holiday-relay-supervisor-codec;refs/heads/codex/onecat-native-v150-awq-vlk-quality-c64-corrective-delta;refs/heads/codex/onecat-native-v150-c64-canonical-readiness;refs/heads/codex/three-runtime-c64-canonical-transport-remediation;refs/heads/codex/three-runtime-c64-cross-runtime-calibration;refs/heads/codex/three-runtime-c64-quality-gate-policy-corrective-delta;refs/heads/codex/three-runtime-c64-quality-gate-policy-freeze;refs/heads/control/holiday-codea-to-codeb-relay,reports/evidence/vm176-codexa-onecat-native-v150-awq-vlk-quality-c64-corrective-delta-20261002/phase-a1/onecat-8k-quality-cases.json,a0e1d0ddcecc9d920f874d52e959c3990f51864b,suncaifeng/DevSopByAi,archive/comfyui-minimax-h3/reports/evidence/vm176-codexa-onecat-native-v150-awq-vlk-quality-c64-corrective-delta-20261002/phase-a1/onecat-8k-quality-cases.json,ARCHIVE_ONLY,"Preserve immutable TaskContract, report, review/control evidence chain in control-plane archive; retain source commit and blob identity."
suncaifeng/comfyui-minimax-h3,refs/heads/codex/h3-ltx-director-console-v2-corrective-delta-01,3968742392a8967325c4a9a2c3f6c81776e00c02,refs/heads/codex/h3-ltx-director-console-v2-corrective-delta-01;refs/heads/codex/h3-ltx-director-console-v2-holiday-codeb;refs/heads/codex/h3storyboard-director-console-v2-holiday-codeb;refs/heads/codex/holiday-relay-supervisor-codec;refs/heads/codex/onecat-native-v150-awq-vlk-quality-c64-corrective-delta;refs/heads/codex/onecat-native-v150-c64-canonical-readiness;refs/heads/codex/three-runtime-c64-canonical-transport-remediation;refs/heads/codex/three-runtime-c64-cross-runtime-calibration;refs/heads/codex/three-runtime-c64-quality-gate-policy-corrective-delta;refs/heads/codex/three-runtime-c64-quality-gate-policy-freeze;refs/heads/control/holiday-codea-to-codeb-relay,reports/evidence/vm176-codexa-onecat-native-v150-awq-vlk-quality-c64-corrective-delta-20261002/phase-a1/phase-status.txt,863229d4c6ab744eb3297ea97e6c1f4930549ec3,suncaifeng/DevSopByAi,archive/comfyui-minimax-h3/reports/evidence/vm176-codexa-onecat-native-v150-awq-vlk-quality-c64-corrective-delta-20261002/phase-a1/phase-status.txt,ARCHIVE_ONLY,"Preserve immutable TaskContract, report, review/control evidence chain in control-plane archive; retain source commit and blob identity."
suncaifeng/comfyui-minimax-h3,refs/heads/codex/h3-ltx-director-console-v2-corrective-delta-01,3968742392a8967325c4a9a2c3f6c81776e00c02,refs/heads/codex/h3-ltx-director-console-v2-corrective-delta-01;refs/heads/codex/h3-ltx-director-console-v2-holiday-codeb;refs/heads/codex/h3storyboard-director-console-v2-holiday-codeb;refs/heads/codex/holiday-relay-supervisor-codec;refs/heads/codex/onecat-native-v150-awq-vlk-quality-c64-corrective-delta;refs/heads/codex/onecat-native-v150-c64-canonical-readiness;refs/heads/codex/three-runtime-c64-canonical-transport-remediation;refs/heads/codex/three-runtime-c64-cross-runtime-calibration;refs/heads/codex/three-runtime-c64-quality-gate-policy-corrective-delta;refs/heads/codex/three-runtime-c64-quality-gate-policy-freeze;refs/heads/control/holiday-codea-to-codeb-relay,reports/evidence/vm176-codexa-onecat-native-v150-awq-vlk-quality-c64-corrective-delta-20261002/phase-a1/pip-check.txt,c688d8ccdad82420475fc31cb40020cccfeeef2b,suncaifeng/DevSopByAi,archive/comfyui-minimax-h3/reports/evidence/vm176-codexa-onecat-native-v150-awq-vlk-quality-c64-corrective-delta-20261002/phase-a1/pip-check.txt,ARCHIVE_ONLY,"Preserve immutable TaskContract, report, review/control evidence chain in control-plane archive; retain source commit and blob identity."
suncaifeng/comfyui-minimax-h3,refs/heads/codex/h3-ltx-director-console-v2-corrective-delta-01,3968742392a8967325c4a9a2c3f6c81776e00c02,refs/heads/codex/h3-ltx-director-console-v2-corrective-delta-01;refs/heads/codex/h3-ltx-director-console-v2-holiday-codeb;refs/heads/codex/h3storyboard-director-console-v2-holiday-codeb;refs/heads/codex/holiday-relay-supervisor-codec;refs/heads/codex/onecat-native-v150-awq-vlk-quality-c64-corrective-delta;refs/heads/codex/onecat-native-v150-c64-canonical-readiness;refs/heads/codex/three-runtime-c64-canonical-transport-remediation;refs/heads/codex/three-runtime-c64-cross-runtime-calibration;refs/heads/codex/three-runtime-c64-quality-gate-policy-corrective-delta;refs/heads/codex/three-runtime-c64-quality-gate-policy-freeze;refs/heads/control/holiday-codea-to-codeb-relay,reports/evidence/vm176-codexa-onecat-native-v150-awq-vlk-quality-c64-corrective-delta-20261002/phase-a1/prelaunch-artifacts.txt,5d678e1f2683437be5675a7ae8610c89d0b53ce5,suncaifeng/DevSopByAi,archive/comfyui-minimax-h3/reports/evidence/vm176-codexa-onecat-native-v150-awq-vlk-quality-c64-corrective-delta-20261002/phase-a1/prelaunch-artifacts.txt,ARCHIVE_ONLY,"Preserve immutable TaskContract, report, review/control evidence chain in control-plane archive; retain source commit and blob identity."
suncaifeng/comfyui-minimax-h3,refs/heads/codex/h3-ltx-director-console-v2-corrective-delta-01,3968742392a8967325c4a9a2c3f6c81776e00c02,refs/heads/codex/h3-ltx-director-console-v2-corrective-delta-01;refs/heads/codex/h3-ltx-director-console-v2-holiday-codeb;refs/heads/codex/h3storyboard-director-console-v2-holiday-codeb;refs/heads/codex/holiday-relay-supervisor-codec;refs/heads/codex/onecat-native-v150-awq-vlk-quality-c64-corrective-delta;refs/heads/codex/onecat-native-v150-c64-canonical-readiness;refs/heads/codex/three-runtime-c64-canonical-transport-remediation;refs/heads/codex/three-runtime-c64-cross-runtime-calibration;refs/heads/codex/three-runtime-c64-quality-gate-policy-corrective-delta;refs/heads/codex/three-runtime-c64-quality-gate-policy-freeze;refs/heads/control/holiday-codea-to-codeb-relay,reports/evidence/vm176-codexa-onecat-native-v150-awq-vlk-quality-c64-corrective-delta-20261002/phase-a1/quality-truth-table.txt,740809f8e4c08d191e4988048416d9cafa85348c,suncaifeng/DevSopByAi,archive/comfyui-minimax-h3/reports/evidence/vm176-codexa-onecat-native-v150-awq-vlk-quality-c64-corrective-delta-20261002/phase-a1/quality-truth-table.txt,ARCHIVE_ONLY,"Preserve immutable TaskContract, report, review/control evidence chain in control-plane archive; retain source commit and blob identity."
suncaifeng/comfyui-minimax-h3,refs/heads/codex/h3-ltx-director-console-v2-corrective-delta-01,3968742392a8967325c4a9a2c3f6c81776e00c02,refs/heads/codex/h3-ltx-director-console-v2-corrective-delta-01;refs/heads/codex/h3-ltx-director-console-v2-holiday-codeb;refs/heads/codex/h3storyboard-director-console-v2-holiday-codeb;refs/heads/codex/holiday-relay-supervisor-codec;refs/heads/codex/onecat-native-v150-awq-vlk-quality-c64-corrective-delta;refs/heads/codex/onecat-native-v150-c64-canonical-readiness;refs/heads/codex/three-runtime-c64-canonical-transport-remediation;refs/heads/codex/three-runtime-c64-cross-runtime-calibration;refs/heads/codex/three-runtime-c64-quality-gate-policy-corrective-delta;refs/heads/codex/three-runtime-c64-quality-gate-policy-freeze;refs/heads/control/holiday-codea-to-codeb-relay,reports/evidence/vm176-codexa-onecat-native-v150-awq-vlk-quality-c64-corrective-delta-20261002/phase-a1/route-health-content.txt,d86bac9de59abcc26bc7956c1e842237c7581859,suncaifeng/DevSopByAi,archive/comfyui-minimax-h3/reports/evidence/vm176-codexa-onecat-native-v150-awq-vlk-quality-c64-corrective-delta-20261002/phase-a1/route-health-content.txt,ARCHIVE_ONLY,"Preserve immutable TaskContract, report, review/control evidence chain in control-plane archive; retain source commit and blob identity."
suncaifeng/comfyui-minimax-h3,refs/heads/codex/h3-ltx-director-console-v2-corrective-delta-01,3968742392a8967325c4a9a2c3f6c81776e00c02,refs/heads/codex/h3-ltx-director-console-v2-corrective-delta-01;refs/heads/codex/h3-ltx-director-console-v2-holiday-codeb;refs/heads/codex/h3storyboard-director-console-v2-holiday-codeb;refs/heads/codex/holiday-relay-supervisor-codec;refs/heads/codex/onecat-native-v150-awq-vlk-quality-c64-corrective-delta;refs/heads/codex/onecat-native-v150-c64-canonical-readiness;refs/heads/codex/three-runtime-c64-canonical-transport-remediation;refs/heads/codex/three-runtime-c64-cross-runtime-calibration;refs/heads/codex/three-runtime-c64-quality-gate-policy-corrective-delta;refs/heads/codex/three-runtime-c64-quality-gate-policy-freeze;refs/heads/control/holiday-codea-to-codeb-relay,reports/evidence/vm176-codexa-onecat-native-v150-awq-vlk-quality-c64-corrective-delta-20261002/phase-a1/route-health-http-status.txt,08839f6bb296e888d311d8ea2f35f7ff82dd3f2d,suncaifeng/DevSopByAi,archive/comfyui-minimax-h3/reports/evidence/vm176-codexa-onecat-native-v150-awq-vlk-quality-c64-corrective-delta-20261002/phase-a1/route-health-http-status.txt,ARCHIVE_ONLY,"Preserve immutable TaskContract, report, review/control evidence chain in control-plane archive; retain source commit and blob identity."
suncaifeng/comfyui-minimax-h3,refs/heads/codex/h3-ltx-director-console-v2-corrective-delta-01,3968742392a8967325c4a9a2c3f6c81776e00c02,refs/heads/codex/h3-ltx-director-console-v2-corrective-delta-01;refs/heads/codex/h3-ltx-director-console-v2-holiday-codeb;refs/heads/codex/h3storyboard-director-console-v2-holiday-codeb;refs/heads/codex/holiday-relay-supervisor-codec;refs/heads/codex/onecat-native-v150-awq-vlk-quality-c64-corrective-delta;refs/heads/codex/onecat-native-v150-c64-canonical-readiness;refs/heads/codex/three-runtime-c64-canonical-transport-remediation;refs/heads/codex/three-runtime-c64-cross-runtime-calibration;refs/heads/codex/three-runtime-c64-quality-gate-policy-corrective-delta;refs/heads/codex/three-runtime-c64-quality-gate-policy-freeze;refs/heads/control/holiday-codea-to-codeb-relay,reports/evidence/vm176-codexa-onecat-native-v150-awq-vlk-quality-c64-corrective-delta-20261002/phase-a1/route-health-request.json,4a92f9f4c0882d7801fdb7f0291118456f303688,suncaifeng/DevSopByAi,archive/comfyui-minimax-h3/reports/evidence/vm176-codexa-onecat-native-v150-awq-vlk-quality-c64-corrective-delta-20261002/phase-a1/route-health-request.json,ARCHIVE_ONLY,"Preserve immutable TaskContract, report, review/control evidence chain in control-plane archive; retain source commit and blob identity."
suncaifeng/comfyui-minimax-h3,refs/heads/codex/h3-ltx-director-console-v2-corrective-delta-01,3968742392a8967325c4a9a2c3f6c81776e00c02,refs/heads/codex/h3-ltx-director-console-v2-corrective-delta-01;refs/heads/codex/h3-ltx-director-console-v2-holiday-codeb;refs/heads/codex/h3storyboard-director-console-v2-holiday-codeb;refs/heads/codex/holiday-relay-supervisor-codec;refs/heads/codex/onecat-native-v150-awq-vlk-quality-c64-corrective-delta;refs/heads/codex/onecat-native-v150-c64-canonical-readiness;refs/heads/codex/three-runtime-c64-canonical-transport-remediation;refs/heads/codex/three-runtime-c64-cross-runtime-calibration;refs/heads/codex/three-runtime-c64-quality-gate-policy-corrective-delta;refs/heads/codex/three-runtime-c64-quality-gate-policy-freeze;refs/heads/control/holiday-codea-to-codeb-relay,reports/evidence/vm176-codexa-onecat-native-v150-awq-vlk-quality-c64-corrective-delta-20261002/phase-a1/route-health-response.raw.json,ec8b3a13f85465594b0870b4008831e75e71d9da,suncaifeng/DevSopByAi,archive/comfyui-minimax-h3/reports/evidence/vm176-codexa-onecat-native-v150-awq-vlk-quality-c64-corrective-delta-20261002/phase-a1/route-health-response.raw.json,ARCHIVE_ONLY,"Preserve immutable TaskContract, report, review/control evidence chain in control-plane archive; retain source commit and blob identity."
suncaifeng/comfyui-minimax-h3,refs/heads/codex/h3-ltx-director-console-v2-corrective-delta-01,3968742392a8967325c4a9a2c3f6c81776e00c02,refs/heads/codex/h3-ltx-director-console-v2-corrective-delta-01;refs/heads/codex/h3-ltx-director-console-v2-holiday-codeb;refs/heads/codex/h3storyboard-director-console-v2-holiday-codeb;refs/heads/codex/holiday-relay-supervisor-codec;refs/heads/codex/onecat-native-v150-awq-vlk-quality-c64-corrective-delta;refs/heads/codex/onecat-native-v150-c64-canonical-readiness;refs/heads/codex/three-runtime-c64-canonical-transport-remediation;refs/heads/codex/three-runtime-c64-cross-runtime-calibration;refs/heads/codex/three-runtime-c64-quality-gate-policy-corrective-delta;refs/heads/codex/three-runtime-c64-quality-gate-policy-freeze;refs/heads/control/holiday-codea-to-codeb-relay,reports/evidence/vm176-codexa-onecat-native-v150-awq-vlk-quality-c64-corrective-delta-20261002/phase-a1/route-proof.json,d46867fdc40effdbf5a52fbda99c625b44cea78a,suncaifeng/DevSopByAi,archive/comfyui-minimax-h3/reports/evidence/vm176-codexa-onecat-native-v150-awq-vlk-quality-c64-corrective-delta-20261002/phase-a1/route-proof.json,ARCHIVE_ONLY,"Preserve immutable TaskContract, report, review/control evidence chain in control-plane archive; retain source commit and blob identity."
suncaifeng/comfyui-minimax-h3,refs/heads/codex/h3-ltx-director-console-v2-corrective-delta-01,3968742392a8967325c4a9a2c3f6c81776e00c02,refs/heads/codex/h3-ltx-director-console-v2-corrective-delta-01;refs/heads/codex/h3-ltx-director-console-v2-holiday-codeb;refs/heads/codex/h3storyboard-director-console-v2-holiday-codeb;refs/heads/codex/holiday-relay-supervisor-codec;refs/heads/codex/onecat-native-v150-awq-vlk-quality-c64-corrective-delta;refs/heads/codex/onecat-native-v150-c64-canonical-readiness;refs/heads/codex/three-runtime-c64-canonical-transport-remediation;refs/heads/codex/three-runtime-c64-cross-runtime-calibration;refs/heads/codex/three-runtime-c64-quality-gate-policy-corrective-delta;refs/heads/codex/three-runtime-c64-quality-gate-policy-freeze;refs/heads/control/holiday-codea-to-codeb-relay,reports/evidence/vm176-codexa-onecat-native-v150-awq-vlk-quality-c64-corrective-delta-20261002/phase-a1/run_phase-a1.sh,29c9274cef1d0f4a320096ace1e5aec1ffa1425d,suncaifeng/DevSopByAi,archive/comfyui-minimax-h3/reports/evidence/vm176-codexa-onecat-native-v150-awq-vlk-quality-c64-corrective-delta-20261002/phase-a1/run_phase-a1.sh,ARCHIVE_ONLY,"Preserve immutable TaskContract, report, review/control evidence chain in control-plane archive; retain source commit and blob identity."
suncaifeng/comfyui-minimax-h3,refs/heads/codex/h3-ltx-director-console-v2-corrective-delta-01,3968742392a8967325c4a9a2c3f6c81776e00c02,refs/heads/codex/h3-ltx-director-console-v2-corrective-delta-01;refs/heads/codex/h3-ltx-director-console-v2-holiday-codeb;refs/heads/codex/h3storyboard-director-console-v2-holiday-codeb;refs/heads/codex/holiday-relay-supervisor-codec;refs/heads/codex/onecat-native-v150-awq-vlk-quality-c64-corrective-delta;refs/heads/codex/onecat-native-v150-c64-canonical-readiness;refs/heads/codex/three-runtime-c64-canonical-transport-remediation;refs/heads/codex/three-runtime-c64-cross-runtime-calibration;refs/heads/codex/three-runtime-c64-quality-gate-policy-corrective-delta;refs/heads/codex/three-runtime-c64-quality-gate-policy-freeze;refs/heads/control/holiday-codea-to-codeb-relay,reports/evidence/vm176-codexa-onecat-native-v150-awq-vlk-quality-c64-corrective-delta-20261002/phase-a1/run_sustained_once.py,6c1abb4ab93385e6d7a7f63f57f1067307991883,suncaifeng/DevSopByAi,archive/comfyui-minimax-h3/reports/evidence/vm176-codexa-onecat-native-v150-awq-vlk-quality-c64-corrective-delta-20261002/phase-a1/run_sustained_once.py,ARCHIVE_ONLY,"Preserve immutable TaskContract, report, review/control evidence chain in control-plane archive; retain source commit and blob identity."
suncaifeng/comfyui-minimax-h3,refs/heads/codex/h3-ltx-director-console-v2-corrective-delta-01,3968742392a8967325c4a9a2c3f6c81776e00c02,refs/heads/codex/h3-ltx-director-console-v2-corrective-delta-01;refs/heads/codex/h3-ltx-director-console-v2-holiday-codeb;refs/heads/codex/h3storyboard-director-console-v2-holiday-codeb;refs/heads/codex/holiday-relay-supervisor-codec;refs/heads/codex/onecat-native-v150-awq-vlk-quality-c64-corrective-delta;refs/heads/codex/onecat-native-v150-c64-canonical-readiness;refs/heads/codex/three-runtime-c64-canonical-transport-remediation;refs/heads/codex/three-runtime-c64-cross-runtime-calibration;refs/heads/codex/three-runtime-c64-quality-gate-policy-corrective-delta;refs/heads/codex/three-runtime-c64-quality-gate-policy-freeze;refs/heads/control/holiday-codea-to-codeb-relay,reports/evidence/vm176-codexa-onecat-native-v150-awq-vlk-quality-c64-corrective-delta-20261002/phase-a1/runtime-route-log-excerpt.source.txt,f2142abe9fba886dc3bcd9f0f51fbc9584c6ed85,suncaifeng/DevSopByAi,archive/comfyui-minimax-h3/reports/evidence/vm176-codexa-onecat-native-v150-awq-vlk-quality-c64-corrective-delta-20261002/phase-a1/runtime-route-log-excerpt.source.txt,ARCHIVE_ONLY,"Preserve immutable TaskContract, report, review/control evidence chain in control-plane archive; retain source commit and blob identity."
suncaifeng/comfyui-minimax-h3,refs/heads/codex/h3-ltx-director-console-v2-corrective-delta-01,3968742392a8967325c4a9a2c3f6c81776e00c02,refs/heads/codex/h3-ltx-director-console-v2-corrective-delta-01;refs/heads/codex/h3-ltx-director-console-v2-holiday-codeb;refs/heads/codex/h3storyboard-director-console-v2-holiday-codeb;refs/heads/codex/holiday-relay-supervisor-codec;refs/heads/codex/onecat-native-v150-awq-vlk-quality-c64-corrective-delta;refs/heads/codex/onecat-native-v150-c64-canonical-readiness;refs/heads/codex/three-runtime-c64-canonical-transport-remediation;refs/heads/codex/three-runtime-c64-cross-runtime-calibration;refs/heads/codex/three-runtime-c64-quality-gate-policy-corrective-delta;refs/heads/codex/three-runtime-c64-quality-gate-policy-freeze;refs/heads/control/holiday-codea-to-codeb-relay,reports/evidence/vm176-codexa-onecat-native-v150-awq-vlk-quality-c64-corrective-delta-20261002/phase-a1/runtime-route-log-excerpt.txt,785c2408722b6e3be19590eb3b3ba36e7f4b89c6,suncaifeng/DevSopByAi,archive/comfyui-minimax-h3/reports/evidence/vm176-codexa-onecat-native-v150-awq-vlk-quality-c64-corrective-delta-20261002/phase-a1/runtime-route-log-excerpt.txt,ARCHIVE_ONLY,"Preserve immutable TaskContract, report, review/control evidence chain in control-plane archive; retain source commit and blob identity."
suncaifeng/comfyui-minimax-h3,refs/heads/codex/h3-ltx-director-console-v2-corrective-delta-01,3968742392a8967325c4a9a2c3f6c81776e00c02,refs/heads/codex/h3-ltx-director-console-v2-corrective-delta-01;refs/heads/codex/h3-ltx-director-console-v2-holiday-codeb;refs/heads/codex/h3storyboard-director-console-v2-holiday-codeb;refs/heads/codex/holiday-relay-supervisor-codec;refs/heads/codex/onecat-native-v150-awq-vlk-quality-c64-corrective-delta;refs/heads/codex/onecat-native-v150-c64-canonical-readiness;refs/heads/codex/three-runtime-c64-canonical-transport-remediation;refs/heads/codex/three-runtime-c64-cross-runtime-calibration;refs/heads/codex/three-runtime-c64-quality-gate-policy-corrective-delta;refs/heads/codex/three-runtime-c64-quality-gate-policy-freeze;refs/heads/control/holiday-codea-to-codeb-relay,reports/evidence/vm176-codexa-onecat-native-v150-awq-vlk-quality-c64-corrective-delta-20261002/phase-a1/scope-reconciliation.txt,abc0c584d6dea81f27793b4cf262cb5c1cd891ec,suncaifeng/DevSopByAi,archive/comfyui-minimax-h3/reports/evidence/vm176-codexa-onecat-native-v150-awq-vlk-quality-c64-corrective-delta-20261002/phase-a1/scope-reconciliation.txt,ARCHIVE_ONLY,"Preserve immutable TaskContract, report, review/control evidence chain in control-plane archive; retain source commit and blob identity."
suncaifeng/comfyui-minimax-h3,refs/heads/codex/h3-ltx-director-console-v2-corrective-delta-01,3968742392a8967325c4a9a2c3f6c81776e00c02,refs/heads/codex/h3-ltx-director-console-v2-corrective-delta-01;refs/heads/codex/h3-ltx-director-console-v2-holiday-codeb;refs/heads/codex/h3storyboard-director-console-v2-holiday-codeb;refs/heads/codex/holiday-relay-supervisor-codec;refs/heads/codex/onecat-native-v150-awq-vlk-quality-c64-corrective-delta;refs/heads/codex/onecat-native-v150-c64-canonical-readiness;refs/heads/codex/three-runtime-c64-canonical-transport-remediation;refs/heads/codex/three-runtime-c64-cross-runtime-calibration;refs/heads/codex/three-runtime-c64-quality-gate-policy-corrective-delta;refs/heads/codex/three-runtime-c64-quality-gate-policy-freeze;refs/heads/control/holiday-codea-to-codeb-relay,reports/evidence/vm176-codexa-onecat-native-v150-awq-vlk-quality-c64-corrective-delta-20261002/phase-a1/sustained_reasoning-content.txt,a62abad6c332deb5a6ed849dbbe539865ef07e26,suncaifeng/DevSopByAi,archive/comfyui-minimax-h3/reports/evidence/vm176-codexa-onecat-native-v150-awq-vlk-quality-c64-corrective-delta-20261002/phase-a1/sustained_reasoning-content.txt,ARCHIVE_ONLY,"Preserve immutable TaskContract, report, review/control evidence chain in control-plane archive; retain source commit and blob identity."
suncaifeng/comfyui-minimax-h3,refs/heads/codex/h3-ltx-director-console-v2-corrective-delta-01,3968742392a8967325c4a9a2c3f6c81776e00c02,refs/heads/codex/h3-ltx-director-console-v2-corrective-delta-01;refs/heads/codex/h3-ltx-director-console-v2-holiday-codeb;refs/heads/codex/h3storyboard-director-console-v2-holiday-codeb;refs/heads/codex/holiday-relay-supervisor-codec;refs/heads/codex/onecat-native-v150-awq-vlk-quality-c64-corrective-delta;refs/heads/codex/onecat-native-v150-c64-canonical-readiness;refs/heads/codex/three-runtime-c64-canonical-transport-remediation;refs/heads/codex/three-runtime-c64-cross-runtime-calibration;refs/heads/codex/three-runtime-c64-quality-gate-policy-corrective-delta;refs/heads/codex/three-runtime-c64-quality-gate-policy-freeze;refs/heads/control/holiday-codea-to-codeb-relay,reports/evidence/vm176-codexa-onecat-native-v150-awq-vlk-quality-c64-corrective-delta-20261002/phase-a1/sustained_reasoning-http-status.txt,08839f6bb296e888d311d8ea2f35f7ff82dd3f2d,suncaifeng/DevSopByAi,archive/comfyui-minimax-h3/reports/evidence/vm176-codexa-onecat-native-v150-awq-vlk-quality-c64-corrective-delta-20261002/phase-a1/sustained_reasoning-http-status.txt,ARCHIVE_ONLY,"Preserve immutable TaskContract, report, review/control evidence chain in control-plane archive; retain source commit and blob identity."
suncaifeng/comfyui-minimax-h3,refs/heads/codex/h3-ltx-director-console-v2-corrective-delta-01,3968742392a8967325c4a9a2c3f6c81776e00c02,refs/heads/codex/h3-ltx-director-console-v2-corrective-delta-01;refs/heads/codex/h3-ltx-director-console-v2-holiday-codeb;refs/heads/codex/h3storyboard-director-console-v2-holiday-codeb;refs/heads/codex/holiday-relay-supervisor-codec;refs/heads/codex/onecat-native-v150-awq-vlk-quality-c64-corrective-delta;refs/heads/codex/onecat-native-v150-c64-canonical-readiness;refs/heads/codex/three-runtime-c64-canonical-transport-remediation;refs/heads/codex/three-runtime-c64-cross-runtime-calibration;refs/heads/codex/three-runtime-c64-quality-gate-policy-corrective-delta;refs/heads/codex/three-runtime-c64-quality-gate-policy-freeze;refs/heads/control/holiday-codea-to-codeb-relay,reports/evidence/vm176-codexa-onecat-native-v150-awq-vlk-quality-c64-corrective-delta-20261002/phase-a1/sustained_reasoning-metadata.json,da7a8621437ec877f1e3332e42744403623bad15,suncaifeng/DevSopByAi,archive/comfyui-minimax-h3/reports/evidence/vm176-codexa-onecat-native-v150-awq-vlk-quality-c64-corrective-delta-20261002/phase-a1/sustained_reasoning-metadata.json,ARCHIVE_ONLY,"Preserve immutable TaskContract, report, review/control evidence chain in control-plane archive; retain source commit and blob identity."
suncaifeng/comfyui-minimax-h3,refs/heads/codex/h3-ltx-director-console-v2-corrective-delta-01,3968742392a8967325c4a9a2c3f6c81776e00c02,refs/heads/codex/h3-ltx-director-console-v2-corrective-delta-01;refs/heads/codex/h3-ltx-director-console-v2-holiday-codeb;refs/heads/codex/h3storyboard-director-console-v2-holiday-codeb;refs/heads/codex/holiday-relay-supervisor-codec;refs/heads/codex/onecat-native-v150-awq-vlk-quality-c64-corrective-delta;refs/heads/codex/onecat-native-v150-c64-canonical-readiness;refs/heads/codex/three-runtime-c64-canonical-transport-remediation;refs/heads/codex/three-runtime-c64-cross-runtime-calibration;refs/heads/codex/three-runtime-c64-quality-gate-policy-corrective-delta;refs/heads/codex/three-runtime-c64-quality-gate-policy-freeze;refs/heads/control/holiday-codea-to-codeb-relay,reports/evidence/vm176-codexa-onecat-native-v150-awq-vlk-quality-c64-corrective-delta-20261002/phase-a1/sustained_reasoning-request.json,ad500213c90bb5c67024292714b5aea513385070,suncaifeng/DevSopByAi,archive/comfyui-minimax-h3/reports/evidence/vm176-codexa-onecat-native-v150-awq-vlk-quality-c64-corrective-delta-20261002/phase-a1/sustained_reasoning-request.json,ARCHIVE_ONLY,"Preserve immutable TaskContract, report, review/control evidence chain in control-plane archive; retain source commit and blob identity."
suncaifeng/comfyui-minimax-h3,refs/heads/codex/h3-ltx-director-console-v2-corrective-delta-01,3968742392a8967325c4a9a2c3f6c81776e00c02,refs/heads/codex/h3-ltx-director-console-v2-corrective-delta-01;refs/heads/codex/h3-ltx-director-console-v2-holiday-codeb;refs/heads/codex/h3storyboard-director-console-v2-holiday-codeb;refs/heads/codex/holiday-relay-supervisor-codec;refs/heads/codex/onecat-native-v150-awq-vlk-quality-c64-corrective-delta;refs/heads/codex/onecat-native-v150-c64-canonical-readiness;refs/heads/codex/three-runtime-c64-canonical-transport-remediation;refs/heads/codex/three-runtime-c64-cross-runtime-calibration;refs/heads/codex/three-runtime-c64-quality-gate-policy-corrective-delta;refs/heads/codex/three-runtime-c64-quality-gate-policy-freeze;refs/heads/control/holiday-codea-to-codeb-relay,reports/evidence/vm176-codexa-onecat-native-v150-awq-vlk-quality-c64-corrective-delta-20261002/phase-a1/sustained_reasoning-response.raw.json,58f24caef87a31aa2f5bb1607dfe5f1207f78f9b,suncaifeng/DevSopByAi,archive/comfyui-minimax-h3/reports/evidence/vm176-codexa-onecat-native-v150-awq-vlk-quality-c64-corrective-delta-20261002/phase-a1/sustained_reasoning-response.raw.json,ARCHIVE_ONLY,"Preserve immutable TaskContract, report, review/control evidence chain in control-plane archive; retain source commit and blob identity."
suncaifeng/comfyui-minimax-h3,refs/heads/codex/h3-ltx-director-console-v2-corrective-delta-01,3968742392a8967325c4a9a2c3f6c81776e00c02,refs/heads/codex/h3-ltx-director-console-v2-corrective-delta-01;refs/heads/codex/h3-ltx-director-console-v2-holiday-codeb;refs/heads/codex/h3storyboard-director-console-v2-holiday-codeb;refs/heads/codex/holiday-relay-supervisor-codec;refs/heads/codex/onecat-native-v150-awq-vlk-quality-c64-corrective-delta;refs/heads/codex/onecat-native-v150-c64-canonical-readiness;refs/heads/codex/three-runtime-c64-canonical-transport-remediation;refs/heads/codex/three-runtime-c64-cross-runtime-calibration;refs/heads/codex/three-runtime-c64-quality-gate-policy-corrective-delta;refs/heads/codex/three-runtime-c64-quality-gate-policy-freeze;refs/heads/control/holiday-codea-to-codeb-relay,reports/evidence/vm176-codexa-onecat-native-v150-awq-vlk-quality-c64-corrective-delta-20261002/phase-a1/sustained_reasoning-validator.txt,1ec48e456ec0118757c876fd74e1304a653c3593,suncaifeng/DevSopByAi,archive/comfyui-minimax-h3/reports/evidence/vm176-codexa-onecat-native-v150-awq-vlk-quality-c64-corrective-delta-20261002/phase-a1/sustained_reasoning-validator.txt,ARCHIVE_ONLY,"Preserve immutable TaskContract, report, review/control evidence chain in control-plane archive; retain source commit and blob identity."
suncaifeng/comfyui-minimax-h3,refs/heads/codex/h3-ltx-director-console-v2-corrective-delta-01,3968742392a8967325c4a9a2c3f6c81776e00c02,refs/heads/codex/h3-ltx-director-console-v2-corrective-delta-01;refs/heads/codex/h3-ltx-director-console-v2-holiday-codeb;refs/heads/codex/h3storyboard-director-console-v2-holiday-codeb;refs/heads/codex/holiday-relay-supervisor-codec;refs/heads/codex/onecat-native-v150-awq-vlk-quality-c64-corrective-delta;refs/heads/codex/onecat-native-v150-c64-canonical-readiness;refs/heads/codex/three-runtime-c64-canonical-transport-remediation;refs/heads/codex/three-runtime-c64-cross-runtime-calibration;refs/heads/codex/three-runtime-c64-quality-gate-policy-corrective-delta;refs/heads/codex/three-runtime-c64-quality-gate-policy-freeze;refs/heads/control/holiday-codea-to-codeb-relay,reports/evidence/vm176-codexa-onecat-native-v150-awq-vlk-quality-c64-corrective-delta-20261002/phase-a1/sustained_reasoning.case.json,6767a535c623a0fe23070f2de22db5b6df8c59dc,suncaifeng/DevSopByAi,archive/comfyui-minimax-h3/reports/evidence/vm176-codexa-onecat-native-v150-awq-vlk-quality-c64-corrective-delta-20261002/phase-a1/sustained_reasoning.case.json,ARCHIVE_ONLY,"Preserve immutable TaskContract, report, review/control evidence chain in control-plane archive; retain source commit and blob identity."
suncaifeng/comfyui-minimax-h3,refs/heads/codex/h3-ltx-director-console-v2-corrective-delta-01,3968742392a8967325c4a9a2c3f6c81776e00c02,refs/heads/codex/h3-ltx-director-console-v2-corrective-delta-01;refs/heads/codex/h3-ltx-director-console-v2-holiday-codeb;refs/heads/codex/h3storyboard-director-console-v2-holiday-codeb;refs/heads/codex/holiday-relay-supervisor-codec;refs/heads/codex/onecat-native-v150-awq-vlk-quality-c64-corrective-delta;refs/heads/codex/onecat-native-v150-c64-canonical-readiness;refs/heads/codex/three-runtime-c64-canonical-transport-remediation;refs/heads/codex/three-runtime-c64-cross-runtime-calibration;refs/heads/codex/three-runtime-c64-quality-gate-policy-corrective-delta;refs/heads/codex/three-runtime-c64-quality-gate-policy-freeze;refs/heads/control/holiday-codea-to-codeb-relay,reports/evidence/vm176-codexa-onecat-native-v150-awq-vlk-quality-c64-corrective-delta-20261002/phase-a1/telemetry-summary.txt,a80057f88fee80d4c7147670454a478b8390e48f,suncaifeng/DevSopByAi,archive/comfyui-minimax-h3/reports/evidence/vm176-codexa-onecat-native-v150-awq-vlk-quality-c64-corrective-delta-20261002/phase-a1/telemetry-summary.txt,ARCHIVE_ONLY,"Preserve immutable TaskContract, report, review/control evidence chain in control-plane archive; retain source commit and blob identity."
suncaifeng/comfyui-minimax-h3,refs/heads/codex/h3-ltx-director-console-v2-corrective-delta-01,3968742392a8967325c4a9a2c3f6c81776e00c02,refs/heads/codex/h3-ltx-director-console-v2-corrective-delta-01;refs/heads/codex/h3-ltx-director-console-v2-holiday-codeb;refs/heads/codex/h3storyboard-director-console-v2-holiday-codeb;refs/heads/codex/holiday-relay-supervisor-codec;refs/heads/codex/onecat-native-v150-awq-vlk-quality-c64-corrective-delta;refs/heads/codex/onecat-native-v150-c64-canonical-readiness;refs/heads/codex/three-runtime-c64-canonical-transport-remediation;refs/heads/codex/three-runtime-c64-cross-runtime-calibration;refs/heads/codex/three-runtime-c64-quality-gate-policy-corrective-delta;refs/heads/codex/three-runtime-c64-quality-gate-policy-freeze;refs/heads/control/holiday-codea-to-codeb-relay,reports/evidence/vm176-codexa-onecat-native-v150-awq-vlk-quality-c64-corrective-delta-20261002/phase-a1/tiny-fp16-cuda-probe.txt,60fa9fceb7943e415d904667ceb48afc19279fdd,suncaifeng/DevSopByAi,archive/comfyui-minimax-h3/reports/evidence/vm176-codexa-onecat-native-v150-awq-vlk-quality-c64-corrective-delta-20261002/phase-a1/tiny-fp16-cuda-probe.txt,ARCHIVE_ONLY,"Preserve immutable TaskContract, report, review/control evidence chain in control-plane archive; retain source commit and blob identity."
suncaifeng/comfyui-minimax-h3,refs/heads/codex/h3-ltx-director-console-v2-corrective-delta-01,3968742392a8967325c4a9a2c3f6c81776e00c02,refs/heads/codex/h3-ltx-director-console-v2-corrective-delta-01;refs/heads/codex/h3-ltx-director-console-v2-holiday-codeb;refs/heads/codex/h3storyboard-director-console-v2-holiday-codeb;refs/heads/codex/holiday-relay-supervisor-codec;refs/heads/codex/onecat-native-v150-awq-vlk-quality-c64-corrective-delta;refs/heads/codex/onecat-native-v150-c64-canonical-readiness;refs/heads/codex/three-runtime-c64-canonical-transport-remediation;refs/heads/codex/three-runtime-c64-cross-runtime-calibration;refs/heads/codex/three-runtime-c64-quality-gate-policy-corrective-delta;refs/heads/codex/three-runtime-c64-quality-gate-policy-freeze;refs/heads/control/holiday-codea-to-codeb-relay,reports/evidence/vm176-codexa-onecat-native-v150-awq-vlk-quality-c64-corrective-delta-20261002/phase-a1/vlk-source-sha.txt,3d1d9e74788f710f1f50bf1e35eafc2093df41d3,suncaifeng/DevSopByAi,archive/comfyui-minimax-h3/reports/evidence/vm176-codexa-onecat-native-v150-awq-vlk-quality-c64-corrective-delta-20261002/phase-a1/vlk-source-sha.txt,ARCHIVE_ONLY,"Preserve immutable TaskContract, report, review/control evidence chain in control-plane archive; retain source commit and blob identity."
suncaifeng/comfyui-minimax-h3,refs/heads/codex/h3-ltx-director-console-v2-corrective-delta-01,3968742392a8967325c4a9a2c3f6c81776e00c02,refs/heads/codex/h3-ltx-director-console-v2-corrective-delta-01;refs/heads/codex/h3-ltx-director-console-v2-holiday-codeb;refs/heads/codex/h3storyboard-director-console-v2-holiday-codeb;refs/heads/codex/holiday-relay-supervisor-codec;refs/heads/codex/onecat-native-v150-awq-vlk-quality-c64-corrective-delta;refs/heads/codex/onecat-native-v150-awq-vlk-quality-c64-delta;refs/heads/codex/onecat-native-v150-c64-canonical-readiness;refs/heads/codex/three-runtime-c64-canonical-transport-remediation;refs/heads/codex/three-runtime-c64-cross-runtime-calibration;refs/heads/codex/three-runtime-c64-quality-gate-policy-corrective-delta;refs/heads/codex/three-runtime-c64-quality-gate-policy-freeze;refs/heads/control/holiday-codea-to-codeb-relay,reports/evidence/vm176-codexa-onecat-native-v150-awq-vlk-quality-c64-delta-20261002/preflight/c64-tokenizer-attempt1.txt,5485261bf68968b35155bb5d0ec70478b5de7665,suncaifeng/DevSopByAi,archive/comfyui-minimax-h3/reports/evidence/vm176-codexa-onecat-native-v150-awq-vlk-quality-c64-delta-20261002/preflight/c64-tokenizer-attempt1.txt,ARCHIVE_ONLY,"Preserve immutable TaskContract, report, review/control evidence chain in control-plane archive; retain source commit and blob identity."
suncaifeng/comfyui-minimax-h3,refs/heads/codex/h3-ltx-director-console-v2-corrective-delta-01,3968742392a8967325c4a9a2c3f6c81776e00c02,refs/heads/codex/h3-ltx-director-console-v2-corrective-delta-01;refs/heads/codex/h3-ltx-director-console-v2-holiday-codeb;refs/heads/codex/h3storyboard-director-console-v2-holiday-codeb;refs/heads/codex/holiday-relay-supervisor-codec;refs/heads/codex/onecat-native-v150-awq-vlk-quality-c64-corrective-delta;refs/heads/codex/onecat-native-v150-awq-vlk-quality-c64-delta;refs/heads/codex/onecat-native-v150-c64-canonical-readiness;refs/heads/codex/three-runtime-c64-canonical-transport-remediation;refs/heads/codex/three-runtime-c64-cross-runtime-calibration;refs/heads/codex/three-runtime-c64-quality-gate-policy-corrective-delta;refs/heads/codex/three-runtime-c64-quality-gate-policy-freeze;refs/heads/control/holiday-codea-to-codeb-relay,reports/evidence/vm176-codexa-onecat-native-v150-awq-vlk-quality-c64-delta-20261002/preflight/c64-tokenizer-attempt2.txt,f1a787ffd76e56dd921c676304967bb85c19754d,suncaifeng/DevSopByAi,archive/comfyui-minimax-h3/reports/evidence/vm176-codexa-onecat-native-v150-awq-vlk-quality-c64-delta-20261002/preflight/c64-tokenizer-attempt2.txt,ARCHIVE_ONLY,"Preserve immutable TaskContract, report, review/control evidence chain in control-plane archive; retain source commit and blob identity."
suncaifeng/comfyui-minimax-h3,refs/heads/codex/h3-ltx-director-console-v2-corrective-delta-01,3968742392a8967325c4a9a2c3f6c81776e00c02,refs/heads/codex/h3-ltx-director-console-v2-corrective-delta-01;refs/heads/codex/h3-ltx-director-console-v2-holiday-codeb;refs/heads/codex/h3storyboard-director-console-v2-holiday-codeb;refs/heads/codex/holiday-relay-supervisor-codec;refs/heads/codex/onecat-native-v150-awq-vlk-quality-c64-corrective-delta;refs/heads/codex/onecat-native-v150-awq-vlk-quality-c64-delta;refs/heads/codex/onecat-native-v150-c64-canonical-readiness;refs/heads/codex/three-runtime-c64-canonical-transport-remediation;refs/heads/codex/three-runtime-c64-cross-runtime-calibration;refs/heads/codex/three-runtime-c64-quality-gate-policy-corrective-delta;refs/heads/codex/three-runtime-c64-quality-gate-policy-freeze;refs/heads/control/holiday-codea-to-codeb-relay,reports/evidence/vm176-codexa-onecat-native-v150-awq-vlk-quality-c64-delta-20261002/preflight/c64-tokenizer-failure-reconcile.txt,e86ce9a4e9402059d084c03ad02ecc080735224c,suncaifeng/DevSopByAi,archive/comfyui-minimax-h3/reports/evidence/vm176-codexa-onecat-native-v150-awq-vlk-quality-c64-delta-20261002/preflight/c64-tokenizer-failure-reconcile.txt,ARCHIVE_ONLY,"Preserve immutable TaskContract, report, review/control evidence chain in control-plane archive; retain source commit and blob identity."
suncaifeng/comfyui-minimax-h3,refs/heads/codex/h3-ltx-director-console-v2-corrective-delta-01,3968742392a8967325c4a9a2c3f6c81776e00c02,refs/heads/codex/h3-ltx-director-console-v2-corrective-delta-01;refs/heads/codex/h3-ltx-director-console-v2-holiday-codeb;refs/heads/codex/h3storyboard-director-console-v2-holiday-codeb;refs/heads/codex/holiday-relay-supervisor-codec;refs/heads/codex/onecat-native-v150-awq-vlk-quality-c64-corrective-delta;refs/heads/codex/onecat-native-v150-awq-vlk-quality-c64-delta;refs/heads/codex/onecat-native-v150-c64-canonical-readiness;refs/heads/codex/three-runtime-c64-canonical-transport-remediation;refs/heads/codex/three-runtime-c64-cross-runtime-calibration;refs/heads/codex/three-runtime-c64-quality-gate-policy-corrective-delta;refs/heads/codex/three-runtime-c64-quality-gate-policy-freeze;refs/heads/control/holiday-codea-to-codeb-relay,reports/evidence/vm176-codexa-onecat-native-v150-awq-vlk-quality-c64-delta-20261002/preflight/c64-tokenizer-reconcile.txt,f01599df52296d65db87c798be64f19668a13f5e,suncaifeng/DevSopByAi,archive/comfyui-minimax-h3/reports/evidence/vm176-codexa-onecat-native-v150-awq-vlk-quality-c64-delta-20261002/preflight/c64-tokenizer-reconcile.txt,ARCHIVE_ONLY,"Preserve immutable TaskContract, report, review/control evidence chain in control-plane archive; retain source commit and blob identity."
suncaifeng/comfyui-minimax-h3,refs/heads/codex/h3-ltx-director-console-v2-corrective-delta-01,3968742392a8967325c4a9a2c3f6c81776e00c02,refs/heads/codex/h3-ltx-director-console-v2-corrective-delta-01;refs/heads/codex/h3-ltx-director-console-v2-holiday-codeb;refs/heads/codex/h3storyboard-director-console-v2-holiday-codeb;refs/heads/codex/holiday-relay-supervisor-codec;refs/heads/codex/onecat-native-v150-awq-vlk-quality-c64-corrective-delta;refs/heads/codex/onecat-native-v150-awq-vlk-quality-c64-delta;refs/heads/codex/onecat-native-v150-c64-canonical-readiness;refs/heads/codex/three-runtime-c64-canonical-transport-remediation;refs/heads/codex/three-runtime-c64-cross-runtime-calibration;refs/heads/codex/three-runtime-c64-quality-gate-policy-corrective-delta;refs/heads/codex/three-runtime-c64-quality-gate-policy-freeze;refs/heads/control/holiday-codea-to-codeb-relay,reports/evidence/vm176-codexa-onecat-native-v150-awq-vlk-quality-c64-delta-20261002/preflight/gpu-processes-before.txt,caa51dc9b53d073930ae0ae7b086e0703e097f7c,suncaifeng/DevSopByAi,archive/comfyui-minimax-h3/reports/evidence/vm176-codexa-onecat-native-v150-awq-vlk-quality-c64-delta-20261002/preflight/gpu-processes-before.txt,ARCHIVE_ONLY,"Preserve immutable TaskContract, report, review/control evidence chain in control-plane archive; retain source commit and blob identity."
suncaifeng/comfyui-minimax-h3,refs/heads/codex/h3-ltx-director-console-v2-corrective-delta-01,3968742392a8967325c4a9a2c3f6c81776e00c02,refs/heads/codex/h3-ltx-director-console-v2-corrective-delta-01;refs/heads/codex/h3-ltx-director-console-v2-holiday-codeb;refs/heads/codex/h3storyboard-director-console-v2-holiday-codeb;refs/heads/codex/holiday-relay-supervisor-codec;refs/heads/codex/onecat-native-v150-awq-vlk-quality-c64-corrective-delta;refs/heads/codex/onecat-native-v150-awq-vlk-quality-c64-delta;refs/heads/codex/onecat-native-v150-c64-canonical-readiness;refs/heads/codex/three-runtime-c64-canonical-transport-remediation;refs/heads/codex/three-runtime-c64-cross-runtime-calibration;refs/heads/codex/three-runtime-c64-quality-gate-policy-corrective-delta;refs/heads/codex/three-runtime-c64-quality-gate-policy-freeze;refs/heads/control/holiday-codea-to-codeb-relay,reports/evidence/vm176-codexa-onecat-native-v150-awq-vlk-quality-c64-delta-20261002/preflight/h3-active.txt,584c84786d9f1c072767a37bc1ba690769b6e15f,suncaifeng/DevSopByAi,archive/comfyui-minimax-h3/reports/evidence/vm176-codexa-onecat-native-v150-awq-vlk-quality-c64-delta-20261002/preflight/h3-active.txt,ARCHIVE_ONLY,"Preserve immutable TaskContract, report, review/control evidence chain in control-plane archive; retain source commit and blob identity."
suncaifeng/comfyui-minimax-h3,refs/heads/codex/h3-ltx-director-console-v2-corrective-delta-01,3968742392a8967325c4a9a2c3f6c81776e00c02,refs/heads/codex/h3-ltx-director-console-v2-corrective-delta-01;refs/heads/codex/h3-ltx-director-console-v2-holiday-codeb;refs/heads/codex/h3storyboard-director-console-v2-holiday-codeb;refs/heads/codex/holiday-relay-supervisor-codec;refs/heads/codex/onecat-native-v150-awq-vlk-quality-c64-corrective-delta;refs/heads/codex/onecat-native-v150-awq-vlk-quality-c64-delta;refs/heads/codex/onecat-native-v150-c64-canonical-readiness;refs/heads/codex/three-runtime-c64-canonical-transport-remediation;refs/heads/codex/three-runtime-c64-cross-runtime-calibration;refs/heads/codex/three-runtime-c64-quality-gate-policy-corrective-delta;refs/heads/codex/three-runtime-c64-quality-gate-policy-freeze;refs/heads/control/holiday-codea-to-codeb-relay,reports/evidence/vm176-codexa-onecat-native-v150-awq-vlk-quality-c64-delta-20261002/preflight/h3-http.txt,08839f6bb296e888d311d8ea2f35f7ff82dd3f2d,suncaifeng/DevSopByAi,archive/comfyui-minimax-h3/reports/evidence/vm176-codexa-onecat-native-v150-awq-vlk-quality-c64-delta-20261002/preflight/h3-http.txt,ARCHIVE_ONLY,"Preserve immutable TaskContract, report, review/control evidence chain in control-plane archive; retain source commit and blob identity."
suncaifeng/comfyui-minimax-h3,refs/heads/codex/h3-ltx-director-console-v2-corrective-delta-01,3968742392a8967325c4a9a2c3f6c81776e00c02,refs/heads/codex/h3-ltx-director-console-v2-corrective-delta-01;refs/heads/codex/h3-ltx-director-console-v2-holiday-codeb;refs/heads/codex/h3storyboard-director-console-v2-holiday-codeb;refs/heads/codex/holiday-relay-supervisor-codec;refs/heads/codex/onecat-native-v150-awq-vlk-quality-c64-corrective-delta;refs/heads/codex/onecat-native-v150-awq-vlk-quality-c64-delta;refs/heads/codex/onecat-native-v150-c64-canonical-readiness;refs/heads/codex/three-runtime-c64-canonical-transport-remediation;refs/heads/codex/three-runtime-c64-cross-runtime-calibration;refs/heads/codex/three-runtime-c64-quality-gate-policy-corrective-delta;refs/heads/codex/three-runtime-c64-quality-gate-policy-freeze;refs/heads/control/holiday-codea-to-codeb-relay,reports/evidence/vm176-codexa-onecat-native-v150-awq-vlk-quality-c64-delta-20261002/preflight/h3-pid.txt,43ee2b2138ca0c634958b9334e8366a048d5233e,suncaifeng/DevSopByAi,archive/comfyui-minimax-h3/reports/evidence/vm176-codexa-onecat-native-v150-awq-vlk-quality-c64-delta-20261002/preflight/h3-pid.txt,ARCHIVE_ONLY,"Preserve immutable TaskContract, report, review/control evidence chain in control-plane archive; retain source commit and blob identity."
suncaifeng/comfyui-minimax-h3,refs/heads/codex/h3-ltx-director-console-v2-corrective-delta-01,3968742392a8967325c4a9a2c3f6c81776e00c02,refs/heads/codex/h3-ltx-director-console-v2-corrective-delta-01;refs/heads/codex/h3-ltx-director-console-v2-holiday-codeb;refs/heads/codex/h3storyboard-director-console-v2-holiday-codeb;refs/heads/codex/holiday-relay-supervisor-codec;refs/heads/codex/onecat-native-v150-awq-vlk-quality-c64-corrective-delta;refs/heads/codex/onecat-native-v150-awq-vlk-quality-c64-delta;refs/heads/codex/onecat-native-v150-c64-canonical-readiness;refs/heads/codex/three-runtime-c64-canonical-transport-remediation;refs/heads/codex/three-runtime-c64-cross-runtime-calibration;refs/heads/codex/three-runtime-c64-quality-gate-policy-corrective-delta;refs/heads/codex/three-runtime-c64-quality-gate-policy-freeze;refs/heads/control/holiday-codea-to-codeb-relay,reports/evidence/vm176-codexa-onecat-native-v150-awq-vlk-quality-c64-delta-20261002/preflight/h3-system-stats.json,f9a5658cf40923c4d71c2e88d81ec8a2d1872032,suncaifeng/DevSopByAi,archive/comfyui-minimax-h3/reports/evidence/vm176-codexa-onecat-native-v150-awq-vlk-quality-c64-delta-20261002/preflight/h3-system-stats.json,ARCHIVE_ONLY,"Preserve immutable TaskContract, report, review/control evidence chain in control-plane archive; retain source commit and blob identity."
suncaifeng/comfyui-minimax-h3,refs/heads/codex/h3-ltx-director-console-v2-corrective-delta-01,3968742392a8967325c4a9a2c3f6c81776e00c02,refs/heads/codex/h3-ltx-director-console-v2-corrective-delta-01;refs/heads/codex/h3-ltx-director-console-v2-holiday-codeb;refs/heads/codex/h3storyboard-director-console-v2-holiday-codeb;refs/heads/codex/holiday-relay-supervisor-codec;refs/heads/codex/onecat-native-v150-awq-vlk-quality-c64-corrective-delta;refs/heads/codex/onecat-native-v150-awq-vlk-quality-c64-delta;refs/heads/codex/onecat-native-v150-c64-canonical-readiness;refs/heads/codex/three-runtime-c64-canonical-transport-remediation;refs/heads/codex/three-runtime-c64-cross-runtime-calibration;refs/heads/codex/three-runtime-c64-quality-gate-policy-corrective-delta;refs/heads/codex/three-runtime-c64-quality-gate-policy-freeze;refs/heads/control/holiday-codea-to-codeb-relay,reports/evidence/vm176-codexa-onecat-native-v150-awq-vlk-quality-c64-delta-20261002/preflight/lineage-and-c64-preflight.txt,1dd807e0521dee6922a5ace9ffd9122fcb5bdc00,suncaifeng/DevSopByAi,archive/comfyui-minimax-h3/reports/evidence/vm176-codexa-onecat-native-v150-awq-vlk-quality-c64-delta-20261002/preflight/lineage-and-c64-preflight.txt,ARCHIVE_ONLY,"Preserve immutable TaskContract, report, review/control evidence chain in control-plane archive; retain source commit and blob identity."
suncaifeng/comfyui-minimax-h3,refs/heads/codex/h3-ltx-director-console-v2-corrective-delta-01,3968742392a8967325c4a9a2c3f6c81776e00c02,refs/heads/codex/h3-ltx-director-console-v2-corrective-delta-01;refs/heads/codex/h3-ltx-director-console-v2-holiday-codeb;refs/heads/codex/h3storyboard-director-console-v2-holiday-codeb;refs/heads/codex/holiday-relay-supervisor-codec;refs/heads/codex/onecat-native-v150-awq-vlk-quality-c64-corrective-delta;refs/heads/codex/onecat-native-v150-awq-vlk-quality-c64-delta;refs/heads/codex/onecat-native-v150-c64-canonical-readiness;refs/heads/codex/three-runtime-c64-canonical-transport-remediation;refs/heads/codex/three-runtime-c64-cross-runtime-calibration;refs/heads/codex/three-runtime-c64-quality-gate-policy-corrective-delta;refs/heads/codex/three-runtime-c64-quality-gate-policy-freeze;refs/heads/control/holiday-codea-to-codeb-relay,reports/evidence/vm176-codexa-onecat-native-v150-awq-vlk-quality-c64-delta-20261002/preflight/model-hashes.txt,6bbadde4d58e6486f92aca7fe777c1041f1a4ad2,suncaifeng/DevSopByAi,archive/comfyui-minimax-h3/reports/evidence/vm176-codexa-onecat-native-v150-awq-vlk-quality-c64-delta-20261002/preflight/model-hashes.txt,ARCHIVE_ONLY,"Preserve immutable TaskContract, report, review/control evidence chain in control-plane archive; retain source commit and blob identity."
suncaifeng/comfyui-minimax-h3,refs/heads/codex/h3-ltx-director-console-v2-corrective-delta-01,3968742392a8967325c4a9a2c3f6c81776e00c02,refs/heads/codex/h3-ltx-director-console-v2-corrective-delta-01;refs/heads/codex/h3-ltx-director-console-v2-holiday-codeb;refs/heads/codex/h3storyboard-director-console-v2-holiday-codeb;refs/heads/codex/holiday-relay-supervisor-codec;refs/heads/codex/onecat-native-v150-awq-vlk-quality-c64-corrective-delta;refs/heads/codex/onecat-native-v150-awq-vlk-quality-c64-delta;refs/heads/codex/onecat-native-v150-c64-canonical-readiness;refs/heads/codex/three-runtime-c64-canonical-transport-remediation;refs/heads/codex/three-runtime-c64-cross-runtime-calibration;refs/heads/codex/three-runtime-c64-quality-gate-policy-corrective-delta;refs/heads/codex/three-runtime-c64-quality-gate-policy-freeze;refs/heads/control/holiday-codea-to-codeb-relay,reports/evidence/vm176-codexa-onecat-native-v150-awq-vlk-quality-c64-delta-20261002/preflight/official-venv.txt,580606a37dc76911a2e8f3ee4c41d3c97eadba87,suncaifeng/DevSopByAi,archive/comfyui-minimax-h3/reports/evidence/vm176-codexa-onecat-native-v150-awq-vlk-quality-c64-delta-20261002/preflight/official-venv.txt,ARCHIVE_ONLY,"Preserve immutable TaskContract, report, review/control evidence chain in control-plane archive; retain source commit and blob identity."
suncaifeng/comfyui-minimax-h3,refs/heads/codex/h3-ltx-director-console-v2-corrective-delta-01,3968742392a8967325c4a9a2c3f6c81776e00c02,refs/heads/codex/h3-ltx-director-console-v2-corrective-delta-01;refs/heads/codex/h3-ltx-director-console-v2-holiday-codeb;refs/heads/codex/h3storyboard-director-console-v2-holiday-codeb;refs/heads/codex/holiday-relay-supervisor-codec;refs/heads/codex/onecat-native-v150-awq-vlk-quality-c64-corrective-delta;refs/heads/codex/onecat-native-v150-awq-vlk-quality-c64-delta;refs/heads/codex/onecat-native-v150-c64-canonical-readiness;refs/heads/codex/three-runtime-c64-canonical-transport-remediation;refs/heads/codex/three-runtime-c64-cross-runtime-calibration;refs/heads/codex/three-runtime-c64-quality-gate-policy-corrective-delta;refs/heads/codex/three-runtime-c64-quality-gate-policy-freeze;refs/heads/control/holiday-codea-to-codeb-relay,reports/evidence/vm176-codexa-onecat-native-v150-awq-vlk-quality-c64-delta-20261002/preflight/pip-check.txt,c688d8ccdad82420475fc31cb40020cccfeeef2b,suncaifeng/DevSopByAi,archive/comfyui-minimax-h3/reports/evidence/vm176-codexa-onecat-native-v150-awq-vlk-quality-c64-delta-20261002/preflight/pip-check.txt,ARCHIVE_ONLY,"Preserve immutable TaskContract, report, review/control evidence chain in control-plane archive; retain source commit and blob identity."
suncaifeng/comfyui-minimax-h3,refs/heads/codex/h3-ltx-director-console-v2-corrective-delta-01,3968742392a8967325c4a9a2c3f6c81776e00c02,refs/heads/codex/h3-ltx-director-console-v2-corrective-delta-01;refs/heads/codex/h3-ltx-director-console-v2-holiday-codeb;refs/heads/codex/h3storyboard-director-console-v2-holiday-codeb;refs/heads/codex/holiday-relay-supervisor-codec;refs/heads/codex/onecat-native-v150-awq-vlk-quality-c64-corrective-delta;refs/heads/codex/onecat-native-v150-awq-vlk-quality-c64-delta;refs/heads/codex/onecat-native-v150-c64-canonical-readiness;refs/heads/codex/three-runtime-c64-canonical-transport-remediation;refs/heads/codex/three-runtime-c64-cross-runtime-calibration;refs/heads/codex/three-runtime-c64-quality-gate-policy-corrective-delta;refs/heads/codex/three-runtime-c64-quality-gate-policy-freeze;refs/heads/control/holiday-codea-to-codeb-relay,reports/evidence/vm176-codexa-onecat-native-v150-awq-vlk-quality-c64-delta-20261002/preflight/runtime-truth-final.txt,bb341813eb43b253775654289a559d63de992842,suncaifeng/DevSopByAi,archive/comfyui-minimax-h3/reports/evidence/vm176-codexa-onecat-native-v150-awq-vlk-quality-c64-delta-20261002/preflight/runtime-truth-final.txt,ARCHIVE_ONLY,"Preserve immutable TaskContract, report, review/control evidence chain in control-plane archive; retain source commit and blob identity."
suncaifeng/comfyui-minimax-h3,refs/heads/codex/h3-ltx-director-console-v2-corrective-delta-01,3968742392a8967325c4a9a2c3f6c81776e00c02,refs/heads/codex/h3-ltx-director-console-v2-corrective-delta-01;refs/heads/codex/h3-ltx-director-console-v2-holiday-codeb;refs/heads/codex/h3storyboard-director-console-v2-holiday-codeb;refs/heads/codex/holiday-relay-supervisor-codec;refs/heads/codex/onecat-native-v150-awq-vlk-quality-c64-corrective-delta;refs/heads/codex/onecat-native-v150-awq-vlk-quality-c64-delta;refs/heads/codex/onecat-native-v150-c64-canonical-readiness;refs/heads/codex/three-runtime-c64-canonical-transport-remediation;refs/heads/codex/three-runtime-c64-cross-runtime-calibration;refs/heads/codex/three-runtime-c64-quality-gate-policy-corrective-delta;refs/heads/codex/three-runtime-c64-quality-gate-policy-freeze;refs/heads/control/holiday-codea-to-codeb-relay,reports/evidence/vm176-codexa-onecat-native-v150-awq-vlk-quality-c64-delta-20261002/preflight/source-sha.txt,3d1d9e74788f710f1f50bf1e35eafc2093df41d3,suncaifeng/DevSopByAi,archive/comfyui-minimax-h3/reports/evidence/vm176-codexa-onecat-native-v150-awq-vlk-quality-c64-delta-20261002/preflight/source-sha.txt,ARCHIVE_ONLY,"Preserve immutable TaskContract, report, review/control evidence chain in control-plane archive; retain source commit and blob identity."
suncaifeng/comfyui-minimax-h3,refs/heads/codex/h3-ltx-director-console-v2-corrective-delta-01,3968742392a8967325c4a9a2c3f6c81776e00c02,refs/heads/codex/h3-ltx-director-console-v2-corrective-delta-01;refs/heads/codex/h3-ltx-director-console-v2-holiday-codeb;refs/heads/codex/h3storyboard-director-console-v2-holiday-codeb;refs/heads/codex/holiday-relay-supervisor-codec;refs/heads/codex/onecat-native-v150-awq-vlk-quality-c64-corrective-delta;refs/heads/codex/onecat-native-v150-awq-vlk-quality-c64-delta;refs/heads/codex/onecat-native-v150-awq-vlk-recovery;refs/heads/codex/onecat-native-v150-c64-canonical-readiness;refs/heads/codex/three-runtime-c64-canonical-transport-remediation;refs/heads/codex/three-runtime-c64-cross-runtime-calibration;refs/heads/codex/three-runtime-c64-quality-gate-policy-corrective-delta;refs/heads/codex/three-runtime-c64-quality-gate-policy-freeze;refs/heads/control/holiday-codea-to-codeb-relay,reports/evidence/vm176-codexa-onecat-native-v150-awq-vlk-recovery-20261002/accepted-control-adoption.txt,4dd080d30892172e3c3073d4db6b8fff58ef4a6e,suncaifeng/DevSopByAi,archive/comfyui-minimax-h3/reports/evidence/vm176-codexa-onecat-native-v150-awq-vlk-recovery-20261002/accepted-control-adoption.txt,ARCHIVE_ONLY,"Preserve immutable TaskContract, report, review/control evidence chain in control-plane archive; retain source commit and blob identity."
suncaifeng/comfyui-minimax-h3,refs/heads/codex/h3-ltx-director-console-v2-corrective-delta-01,3968742392a8967325c4a9a2c3f6c81776e00c02,refs/heads/codex/h3-ltx-director-console-v2-corrective-delta-01;refs/heads/codex/h3-ltx-director-console-v2-holiday-codeb;refs/heads/codex/h3storyboard-director-console-v2-holiday-codeb;refs/heads/codex/holiday-relay-supervisor-codec;refs/heads/codex/onecat-native-v150-awq-vlk-quality-c64-corrective-delta;refs/heads/codex/onecat-native-v150-awq-vlk-quality-c64-delta;refs/heads/codex/onecat-native-v150-awq-vlk-recovery;refs/heads/codex/onecat-native-v150-c64-canonical-readiness;refs/heads/codex/three-runtime-c64-canonical-transport-remediation;refs/heads/codex/three-runtime-c64-cross-runtime-calibration;refs/heads/codex/three-runtime-c64-quality-gate-policy-corrective-delta;refs/heads/codex/three-runtime-c64-quality-gate-policy-freeze;refs/heads/control/holiday-codea-to-codeb-relay,reports/evidence/vm176-codexa-onecat-native-v150-awq-vlk-recovery-20261002/control-treatment-command-diff.txt,34b81f3c93b12bfe4f67d942100f63b467253825,suncaifeng/DevSopByAi,archive/comfyui-minimax-h3/reports/evidence/vm176-codexa-onecat-native-v150-awq-vlk-recovery-20261002/control-treatment-command-diff.txt,ARCHIVE_ONLY,"Preserve immutable TaskContract, report, review/control evidence chain in control-plane archive; retain source commit and blob identity."
suncaifeng/comfyui-minimax-h3,refs/heads/codex/h3-ltx-director-console-v2-corrective-delta-01,3968742392a8967325c4a9a2c3f6c81776e00c02,refs/heads/codex/h3-ltx-director-console-v2-corrective-delta-01;refs/heads/codex/h3-ltx-director-console-v2-holiday-codeb;refs/heads/codex/h3storyboard-director-console-v2-holiday-codeb;refs/heads/codex/holiday-relay-supervisor-codec;refs/heads/codex/onecat-native-v150-awq-vlk-quality-c64-corrective-delta;refs/heads/codex/onecat-native-v150-awq-vlk-quality-c64-delta;refs/heads/codex/onecat-native-v150-awq-vlk-recovery;refs/heads/codex/onecat-native-v150-c64-canonical-readiness;refs/heads/codex/three-runtime-c64-canonical-transport-remediation;refs/heads/codex/three-runtime-c64-cross-runtime-calibration;refs/heads/codex/three-runtime-c64-quality-gate-policy-corrective-delta;refs/heads/codex/three-runtime-c64-quality-gate-policy-freeze;refs/heads/control/holiday-codea-to-codeb-relay,reports/evidence/vm176-codexa-onecat-native-v150-awq-vlk-recovery-20261002/execution-event-notes.txt,d5d0af4e23959565c8918c7d9fe7599a07c719f7,suncaifeng/DevSopByAi,archive/comfyui-minimax-h3/reports/evidence/vm176-codexa-onecat-native-v150-awq-vlk-recovery-20261002/execution-event-notes.txt,ARCHIVE_ONLY,"Preserve immutable TaskContract, report, review/control evidence chain in control-plane archive; retain source commit and blob identity."
suncaifeng/comfyui-minimax-h3,refs/heads/codex/h3-ltx-director-console-v2-corrective-delta-01,3968742392a8967325c4a9a2c3f6c81776e00c02,refs/heads/codex/h3-ltx-director-console-v2-corrective-delta-01;refs/heads/codex/h3-ltx-director-console-v2-holiday-codeb;refs/heads/codex/h3storyboard-director-console-v2-holiday-codeb;refs/heads/codex/holiday-relay-supervisor-codec;refs/heads/codex/onecat-native-v150-awq-vlk-quality-c64-corrective-delta;refs/heads/codex/onecat-native-v150-awq-vlk-quality-c64-delta;refs/heads/codex/onecat-native-v150-awq-vlk-recovery;refs/heads/codex/onecat-native-v150-c64-canonical-readiness;refs/heads/codex/three-runtime-c64-canonical-transport-remediation;refs/heads/codex/three-runtime-c64-cross-runtime-calibration;refs/heads/codex/three-runtime-c64-quality-gate-policy-corrective-delta;refs/heads/codex/three-runtime-c64-quality-gate-policy-freeze;refs/heads/control/holiday-codea-to-codeb-relay,reports/evidence/vm176-codexa-onecat-native-v150-awq-vlk-recovery-20261002/git-precommit-status.txt,97375337454995de850d0755442b828a0cb03437,suncaifeng/DevSopByAi,archive/comfyui-minimax-h3/reports/evidence/vm176-codexa-onecat-native-v150-awq-vlk-recovery-20261002/git-precommit-status.txt,ARCHIVE_ONLY,"Preserve immutable TaskContract, report, review/control evidence chain in control-plane archive; retain source commit and blob identity."
suncaifeng/comfyui-minimax-h3,refs/heads/codex/h3-ltx-director-console-v2-corrective-delta-01,3968742392a8967325c4a9a2c3f6c81776e00c02,refs/heads/codex/h3-ltx-director-console-v2-corrective-delta-01;refs/heads/codex/h3-ltx-director-console-v2-holiday-codeb;refs/heads/codex/h3storyboard-director-console-v2-holiday-codeb;refs/heads/codex/holiday-relay-supervisor-codec;refs/heads/codex/onecat-native-v150-awq-vlk-quality-c64-corrective-delta;refs/heads/codex/onecat-native-v150-awq-vlk-quality-c64-delta;refs/heads/codex/onecat-native-v150-awq-vlk-recovery;refs/heads/codex/onecat-native-v150-c64-canonical-readiness;refs/heads/codex/three-runtime-c64-canonical-transport-remediation;refs/heads/codex/three-runtime-c64-cross-runtime-calibration;refs/heads/codex/three-runtime-c64-quality-gate-policy-corrective-delta;refs/heads/codex/three-runtime-c64-quality-gate-policy-freeze;refs/heads/control/holiday-codea-to-codeb-relay,reports/evidence/vm176-codexa-onecat-native-v150-awq-vlk-recovery-20261002/gpu-lease-authorization.txt,4ff6487f4fd0b7e06c404dbd50c98f55a4320965,suncaifeng/DevSopByAi,archive/comfyui-minimax-h3/reports/evidence/vm176-codexa-onecat-native-v150-awq-vlk-recovery-20261002/gpu-lease-authorization.txt,ARCHIVE_ONLY,"Preserve immutable TaskContract, report, review/control evidence chain in control-plane archive; retain source commit and blob identity."
suncaifeng/comfyui-minimax-h3,refs/heads/codex/h3-ltx-director-console-v2-corrective-delta-01,3968742392a8967325c4a9a2c3f6c81776e00c02,refs/heads/codex/h3-ltx-director-console-v2-corrective-delta-01;refs/heads/codex/h3-ltx-director-console-v2-holiday-codeb;refs/heads/codex/h3storyboard-director-console-v2-holiday-codeb;refs/heads/codex/holiday-relay-supervisor-codec;refs/heads/codex/onecat-native-v150-awq-vlk-quality-c64-corrective-delta;refs/heads/codex/onecat-native-v150-awq-vlk-quality-c64-delta;refs/heads/codex/onecat-native-v150-awq-vlk-recovery;refs/heads/codex/onecat-native-v150-c64-canonical-readiness;refs/heads/codex/three-runtime-c64-canonical-transport-remediation;refs/heads/codex/three-runtime-c64-cross-runtime-calibration;refs/heads/codex/three-runtime-c64-quality-gate-policy-corrective-delta;refs/heads/codex/three-runtime-c64-quality-gate-policy-freeze;refs/heads/control/holiday-codea-to-codeb-relay,reports/evidence/vm176-codexa-onecat-native-v150-awq-vlk-recovery-20261002/h3-post-active.txt,584c84786d9f1c072767a37bc1ba690769b6e15f,suncaifeng/DevSopByAi,archive/comfyui-minimax-h3/reports/evidence/vm176-codexa-onecat-native-v150-awq-vlk-recovery-20261002/h3-post-active.txt,ARCHIVE_ONLY,"Preserve immutable TaskContract, report, review/control evidence chain in control-plane archive; retain source commit and blob identity."
suncaifeng/comfyui-minimax-h3,refs/heads/codex/h3-ltx-director-console-v2-corrective-delta-01,3968742392a8967325c4a9a2c3f6c81776e00c02,refs/heads/codex/h3-ltx-director-console-v2-corrective-delta-01;refs/heads/codex/h3-ltx-director-console-v2-holiday-codeb;refs/heads/codex/h3storyboard-director-console-v2-holiday-codeb;refs/heads/codex/holiday-relay-supervisor-codec;refs/heads/codex/onecat-native-v150-awq-vlk-quality-c64-corrective-delta;refs/heads/codex/onecat-native-v150-awq-vlk-quality-c64-delta;refs/heads/codex/onecat-native-v150-awq-vlk-recovery;refs/heads/codex/onecat-native-v150-c64-canonical-readiness;refs/heads/codex/three-runtime-c64-canonical-transport-remediation;refs/heads/codex/three-runtime-c64-cross-runtime-calibration;refs/heads/codex/three-runtime-c64-quality-gate-policy-corrective-delta;refs/heads/codex/three-runtime-c64-quality-gate-policy-freeze;refs/heads/control/holiday-codea-to-codeb-relay,reports/evidence/vm176-codexa-onecat-native-v150-awq-vlk-recovery-20261002/h3-post-http-status.txt,08839f6bb296e888d311d8ea2f35f7ff82dd3f2d,suncaifeng/DevSopByAi,archive/comfyui-minimax-h3/reports/evidence/vm176-codexa-onecat-native-v150-awq-vlk-recovery-20261002/h3-post-http-status.txt,ARCHIVE_ONLY,"Preserve immutable TaskContract, report, review/control evidence chain in control-plane archive; retain source commit and blob identity."
suncaifeng/comfyui-minimax-h3,refs/heads/codex/h3-ltx-director-console-v2-corrective-delta-01,3968742392a8967325c4a9a2c3f6c81776e00c02,refs/heads/codex/h3-ltx-director-console-v2-corrective-delta-01;refs/heads/codex/h3-ltx-director-console-v2-holiday-codeb;refs/heads/codex/h3storyboard-director-console-v2-holiday-codeb;refs/heads/codex/holiday-relay-supervisor-codec;refs/heads/codex/onecat-native-v150-awq-vlk-quality-c64-corrective-delta;refs/heads/codex/onecat-native-v150-awq-vlk-quality-c64-delta;refs/heads/codex/onecat-native-v150-awq-vlk-recovery;refs/heads/codex/onecat-native-v150-c64-canonical-readiness;refs/heads/codex/three-runtime-c64-canonical-transport-remediation;refs/heads/codex/three-runtime-c64-cross-runtime-calibration;refs/heads/codex/three-runtime-c64-quality-gate-policy-corrective-delta;refs/heads/codex/three-runtime-c64-quality-gate-policy-freeze;refs/heads/control/holiday-codea-to-codeb-relay,reports/evidence/vm176-codexa-onecat-native-v150-awq-vlk-recovery-20261002/h3-post-system-stats.json,bdc5d11c6accd2bb4872094af4a38cd85a3301a2,suncaifeng/DevSopByAi,archive/comfyui-minimax-h3/reports/evidence/vm176-codexa-onecat-native-v150-awq-vlk-recovery-20261002/h3-post-system-stats.json,ARCHIVE_ONLY,"Preserve immutable TaskContract, report, review/control evidence chain in control-plane archive; retain source commit and blob identity."
suncaifeng/comfyui-minimax-h3,refs/heads/codex/h3-ltx-director-console-v2-corrective-delta-01,3968742392a8967325c4a9a2c3f6c81776e00c02,refs/heads/codex/h3-ltx-director-console-v2-corrective-delta-01;refs/heads/codex/h3-ltx-director-console-v2-holiday-codeb;refs/heads/codex/h3storyboard-director-console-v2-holiday-codeb;refs/heads/codex/holiday-relay-supervisor-codec;refs/heads/codex/onecat-native-v150-awq-vlk-quality-c64-corrective-delta;refs/heads/codex/onecat-native-v150-awq-vlk-quality-c64-delta;refs/heads/codex/onecat-native-v150-awq-vlk-recovery;refs/heads/codex/onecat-native-v150-c64-canonical-readiness;refs/heads/codex/three-runtime-c64-canonical-transport-remediation;refs/heads/codex/three-runtime-c64-cross-runtime-calibration;refs/heads/codex/three-runtime-c64-quality-gate-policy-corrective-delta;refs/heads/codex/three-runtime-c64-quality-gate-policy-freeze;refs/heads/control/holiday-codea-to-codeb-relay,reports/evidence/vm176-codexa-onecat-native-v150-awq-vlk-recovery-20261002/h3-pre-active.txt,584c84786d9f1c072767a37bc1ba690769b6e15f,suncaifeng/DevSopByAi,archive/comfyui-minimax-h3/reports/evidence/vm176-codexa-onecat-native-v150-awq-vlk-recovery-20261002/h3-pre-active.txt,ARCHIVE_ONLY,"Preserve immutable TaskContract, report, review/control evidence chain in control-plane archive; retain source commit and blob identity."
suncaifeng/comfyui-minimax-h3,refs/heads/codex/h3-ltx-director-console-v2-corrective-delta-01,3968742392a8967325c4a9a2c3f6c81776e00c02,refs/heads/codex/h3-ltx-director-console-v2-corrective-delta-01;refs/heads/codex/h3-ltx-director-console-v2-holiday-codeb;refs/heads/codex/h3storyboard-director-console-v2-holiday-codeb;refs/heads/codex/holiday-relay-supervisor-codec;refs/heads/codex/onecat-native-v150-awq-vlk-quality-c64-corrective-delta;refs/heads/codex/onecat-native-v150-awq-vlk-quality-c64-delta;refs/heads/codex/onecat-native-v150-awq-vlk-recovery;refs/heads/codex/onecat-native-v150-c64-canonical-readiness;refs/heads/codex/three-runtime-c64-canonical-transport-remediation;refs/heads/codex/three-runtime-c64-cross-runtime-calibration;refs/heads/codex/three-runtime-c64-quality-gate-policy-corrective-delta;refs/heads/codex/three-runtime-c64-quality-gate-policy-freeze;refs/heads/control/holiday-codea-to-codeb-relay,reports/evidence/vm176-codexa-onecat-native-v150-awq-vlk-recovery-20261002/h3-pre-http-status.txt,08839f6bb296e888d311d8ea2f35f7ff82dd3f2d,suncaifeng/DevSopByAi,archive/comfyui-minimax-h3/reports/evidence/vm176-codexa-onecat-native-v150-awq-vlk-recovery-20261002/h3-pre-http-status.txt,ARCHIVE_ONLY,"Preserve immutable TaskContract, report, review/control evidence chain in control-plane archive; retain source commit and blob identity."
suncaifeng/comfyui-minimax-h3,refs/heads/codex/h3-ltx-director-console-v2-corrective-delta-01,3968742392a8967325c4a9a2c3f6c81776e00c02,refs/heads/codex/h3-ltx-director-console-v2-corrective-delta-01;refs/heads/codex/h3-ltx-director-console-v2-holiday-codeb;refs/heads/codex/h3storyboard-director-console-v2-holiday-codeb;refs/heads/codex/holiday-relay-supervisor-codec;refs/heads/codex/onecat-native-v150-awq-vlk-quality-c64-corrective-delta;refs/heads/codex/onecat-native-v150-awq-vlk-quality-c64-delta;refs/heads/codex/onecat-native-v150-awq-vlk-recovery;refs/heads/codex/onecat-native-v150-c64-canonical-readiness;refs/heads/codex/three-runtime-c64-canonical-transport-remediation;refs/heads/codex/three-runtime-c64-cross-runtime-calibration;refs/heads/codex/three-runtime-c64-quality-gate-policy-corrective-delta;refs/heads/codex/three-runtime-c64-quality-gate-policy-freeze;refs/heads/control/holiday-codea-to-codeb-relay,reports/evidence/vm176-codexa-onecat-native-v150-awq-vlk-recovery-20261002/h3-pre-system-stats.json,8988cad4464dc432aeb0bb61a4f5a8bd3dfef186,suncaifeng/DevSopByAi,archive/comfyui-minimax-h3/reports/evidence/vm176-codexa-onecat-native-v150-awq-vlk-recovery-20261002/h3-pre-system-stats.json,ARCHIVE_ONLY,"Preserve immutable TaskContract, report, review/control evidence chain in control-plane archive; retain source commit and blob identity."
suncaifeng/comfyui-minimax-h3,refs/heads/codex/h3-ltx-director-console-v2-corrective-delta-01,3968742392a8967325c4a9a2c3f6c81776e00c02,refs/heads/codex/h3-ltx-director-console-v2-corrective-delta-01;refs/heads/codex/h3-ltx-director-console-v2-holiday-codeb;refs/heads/codex/h3storyboard-director-console-v2-holiday-codeb;refs/heads/codex/holiday-relay-supervisor-codec;refs/heads/codex/onecat-native-v150-awq-vlk-quality-c64-corrective-delta;refs/heads/codex/onecat-native-v150-awq-vlk-quality-c64-delta;refs/heads/codex/onecat-native-v150-awq-vlk-recovery;refs/heads/codex/onecat-native-v150-c64-canonical-readiness;refs/heads/codex/three-runtime-c64-canonical-transport-remediation;refs/heads/codex/three-runtime-c64-cross-runtime-calibration;refs/heads/codex/three-runtime-c64-quality-gate-policy-corrective-delta;refs/heads/codex/three-runtime-c64-quality-gate-policy-freeze;refs/heads/control/holiday-codea-to-codeb-relay,reports/evidence/vm176-codexa-onecat-native-v150-awq-vlk-recovery-20261002/kernel-post-matches.txt,e69de29bb2d1d6434b8b29ae775ad8c2e48c5391,suncaifeng/DevSopByAi,archive/comfyui-minimax-h3/reports/evidence/vm176-codexa-onecat-native-v150-awq-vlk-recovery-20261002/kernel-post-matches.txt,ARCHIVE_ONLY,"Preserve immutable TaskContract, report, review/control evidence chain in control-plane archive; retain source commit and blob identity."
suncaifeng/comfyui-minimax-h3,refs/heads/codex/h3-ltx-director-console-v2-corrective-delta-01,3968742392a8967325c4a9a2c3f6c81776e00c02,refs/heads/codex/h3-ltx-director-console-v2-corrective-delta-01;refs/heads/codex/h3-ltx-director-console-v2-holiday-codeb;refs/heads/codex/h3storyboard-director-console-v2-holiday-codeb;refs/heads/codex/holiday-relay-supervisor-codec;refs/heads/codex/onecat-native-v150-awq-vlk-quality-c64-corrective-delta;refs/heads/codex/onecat-native-v150-awq-vlk-quality-c64-delta;refs/heads/codex/onecat-native-v150-awq-vlk-recovery;refs/heads/codex/onecat-native-v150-c64-canonical-readiness;refs/heads/codex/three-runtime-c64-canonical-transport-remediation;refs/heads/codex/three-runtime-c64-cross-runtime-calibration;refs/heads/codex/three-runtime-c64-quality-gate-policy-corrective-delta;refs/heads/codex/three-runtime-c64-quality-gate-policy-freeze;refs/heads/control/holiday-codea-to-codeb-relay,reports/evidence/vm176-codexa-onecat-native-v150-awq-vlk-recovery-20261002/kernel-pre-matches.txt,e69de29bb2d1d6434b8b29ae775ad8c2e48c5391,suncaifeng/DevSopByAi,archive/comfyui-minimax-h3/reports/evidence/vm176-codexa-onecat-native-v150-awq-vlk-recovery-20261002/kernel-pre-matches.txt,ARCHIVE_ONLY,"Preserve immutable TaskContract, report, review/control evidence chain in control-plane archive; retain source commit and blob identity."
suncaifeng/comfyui-minimax-h3,refs/heads/codex/h3-ltx-director-console-v2-corrective-delta-01,3968742392a8967325c4a9a2c3f6c81776e00c02,refs/heads/codex/h3-ltx-director-console-v2-corrective-delta-01;refs/heads/codex/h3-ltx-director-console-v2-holiday-codeb;refs/heads/codex/h3storyboard-director-console-v2-holiday-codeb;refs/heads/codex/holiday-relay-supervisor-codec;refs/heads/codex/onecat-native-v150-awq-vlk-quality-c64-corrective-delta;refs/heads/codex/onecat-native-v150-awq-vlk-quality-c64-delta;refs/heads/codex/onecat-native-v150-awq-vlk-recovery;refs/heads/codex/onecat-native-v150-c64-canonical-readiness;refs/heads/codex/three-runtime-c64-canonical-transport-remediation;refs/heads/codex/three-runtime-c64-cross-runtime-calibration;refs/heads/codex/three-runtime-c64-quality-gate-policy-corrective-delta;refs/heads/codex/three-runtime-c64-quality-gate-policy-freeze;refs/heads/control/holiday-codea-to-codeb-relay,reports/evidence/vm176-codexa-onecat-native-v150-awq-vlk-recovery-20261002/model-hashes.txt,6bbadde4d58e6486f92aca7fe777c1041f1a4ad2,suncaifeng/DevSopByAi,archive/comfyui-minimax-h3/reports/evidence/vm176-codexa-onecat-native-v150-awq-vlk-recovery-20261002/model-hashes.txt,ARCHIVE_ONLY,"Preserve immutable TaskContract, report, review/control evidence chain in control-plane archive; retain source commit and blob identity."
suncaifeng/comfyui-minimax-h3,refs/heads/codex/h3-ltx-director-console-v2-corrective-delta-01,3968742392a8967325c4a9a2c3f6c81776e00c02,refs/heads/codex/h3-ltx-director-console-v2-corrective-delta-01;refs/heads/codex/h3-ltx-director-console-v2-holiday-codeb;refs/heads/codex/h3storyboard-director-console-v2-holiday-codeb;refs/heads/codex/holiday-relay-supervisor-codec;refs/heads/codex/onecat-native-v150-awq-vlk-quality-c64-corrective-delta;refs/heads/codex/onecat-native-v150-awq-vlk-quality-c64-delta;refs/heads/codex/onecat-native-v150-awq-vlk-recovery;refs/heads/codex/onecat-native-v150-c64-canonical-readiness;refs/heads/codex/three-runtime-c64-canonical-transport-remediation;refs/heads/codex/three-runtime-c64-cross-runtime-calibration;refs/heads/codex/three-runtime-c64-quality-gate-policy-corrective-delta;refs/heads/codex/three-runtime-c64-quality-gate-policy-freeze;refs/heads/control/holiday-codea-to-codeb-relay,reports/evidence/vm176-codexa-onecat-native-v150-awq-vlk-recovery-20261002/official-package-versions.txt,8b4ff9b0f79ad28a062d25a03e0f5d3c8f0567be,suncaifeng/DevSopByAi,archive/comfyui-minimax-h3/reports/evidence/vm176-codexa-onecat-native-v150-awq-vlk-recovery-20261002/official-package-versions.txt,ARCHIVE_ONLY,"Preserve immutable TaskContract, report, review/control evidence chain in control-plane archive; retain source commit and blob identity."
suncaifeng/comfyui-minimax-h3,refs/heads/codex/h3-ltx-director-console-v2-corrective-delta-01,3968742392a8967325c4a9a2c3f6c81776e00c02,refs/heads/codex/h3-ltx-director-console-v2-corrective-delta-01;refs/heads/codex/h3-ltx-director-console-v2-holiday-codeb;refs/heads/codex/h3storyboard-director-console-v2-holiday-codeb;refs/heads/codex/holiday-relay-supervisor-codec;refs/heads/codex/onecat-native-v150-awq-vlk-quality-c64-corrective-delta;refs/heads/codex/onecat-native-v150-awq-vlk-quality-c64-delta;refs/heads/codex/onecat-native-v150-awq-vlk-recovery;refs/heads/codex/onecat-native-v150-c64-canonical-readiness;refs/heads/codex/three-runtime-c64-canonical-transport-remediation;refs/heads/codex/three-runtime-c64-cross-runtime-calibration;refs/heads/codex/three-runtime-c64-quality-gate-policy-corrective-delta;refs/heads/codex/three-runtime-c64-quality-gate-policy-freeze;refs/heads/control/holiday-codea-to-codeb-relay,reports/evidence/vm176-codexa-onecat-native-v150-awq-vlk-recovery-20261002/official-vlk-source-proof.txt,a5872faa91cd7f811eeb96fd4f4addddadcbf925,suncaifeng/DevSopByAi,archive/comfyui-minimax-h3/reports/evidence/vm176-codexa-onecat-native-v150-awq-vlk-recovery-20261002/official-vlk-source-proof.txt,ARCHIVE_ONLY,"Preserve immutable TaskContract, report, review/control evidence chain in control-plane archive; retain source commit and blob identity."
suncaifeng/comfyui-minimax-h3,refs/heads/codex/h3-ltx-director-console-v2-corrective-delta-01,3968742392a8967325c4a9a2c3f6c81776e00c02,refs/heads/codex/h3-ltx-director-console-v2-corrective-delta-01;refs/heads/codex/h3-ltx-director-console-v2-holiday-codeb;refs/heads/codex/h3storyboard-director-console-v2-holiday-codeb;refs/heads/codex/holiday-relay-supervisor-codec;refs/heads/codex/onecat-native-v150-awq-vlk-quality-c64-corrective-delta;refs/heads/codex/onecat-native-v150-awq-vlk-quality-c64-delta;refs/heads/codex/onecat-native-v150-awq-vlk-recovery;refs/heads/codex/onecat-native-v150-c64-canonical-readiness;refs/heads/codex/three-runtime-c64-canonical-transport-remediation;refs/heads/codex/three-runtime-c64-cross-runtime-calibration;refs/heads/codex/three-runtime-c64-quality-gate-policy-corrective-delta;refs/heads/codex/three-runtime-c64-quality-gate-policy-freeze;refs/heads/control/holiday-codea-to-codeb-relay,reports/evidence/vm176-codexa-onecat-native-v150-awq-vlk-recovery-20261002/onecat-8k-quality-cases.json,a0e1d0ddcecc9d920f874d52e959c3990f51864b,suncaifeng/DevSopByAi,archive/comfyui-minimax-h3/reports/evidence/vm176-codexa-onecat-native-v150-awq-vlk-recovery-20261002/onecat-8k-quality-cases.json,ARCHIVE_ONLY,"Preserve immutable TaskContract, report, review/control evidence chain in control-plane archive; retain source commit and blob identity."
suncaifeng/comfyui-minimax-h3,refs/heads/codex/h3-ltx-director-console-v2-corrective-delta-01,3968742392a8967325c4a9a2c3f6c81776e00c02,refs/heads/codex/h3-ltx-director-console-v2-corrective-delta-01;refs/heads/codex/h3-ltx-director-console-v2-holiday-codeb;refs/heads/codex/h3storyboard-director-console-v2-holiday-codeb;refs/heads/codex/holiday-relay-supervisor-codec;refs/heads/codex/onecat-native-v150-awq-vlk-quality-c64-corrective-delta;refs/heads/codex/onecat-native-v150-awq-vlk-quality-c64-delta;refs/heads/codex/onecat-native-v150-awq-vlk-recovery;refs/heads/codex/onecat-native-v150-c64-canonical-readiness;refs/heads/codex/three-runtime-c64-canonical-transport-remediation;refs/heads/codex/three-runtime-c64-cross-runtime-calibration;refs/heads/codex/three-runtime-c64-quality-gate-policy-corrective-delta;refs/heads/codex/three-runtime-c64-quality-gate-policy-freeze;refs/heads/control/holiday-codea-to-codeb-relay,reports/evidence/vm176-codexa-onecat-native-v150-awq-vlk-recovery-20261002/phase-status.txt,d4a86f331d061e7a7da14ba1324e16b0a55a7a7e,suncaifeng/DevSopByAi,archive/comfyui-minimax-h3/reports/evidence/vm176-codexa-onecat-native-v150-awq-vlk-recovery-20261002/phase-status.txt,ARCHIVE_ONLY,"Preserve immutable TaskContract, report, review/control evidence chain in control-plane archive; retain source commit and blob identity."
suncaifeng/comfyui-minimax-h3,refs/heads/codex/h3-ltx-director-console-v2-corrective-delta-01,3968742392a8967325c4a9a2c3f6c81776e00c02,refs/heads/codex/h3-ltx-director-console-v2-corrective-delta-01;refs/heads/codex/h3-ltx-director-console-v2-holiday-codeb;refs/heads/codex/h3storyboard-director-console-v2-holiday-codeb;refs/heads/codex/holiday-relay-supervisor-codec;refs/heads/codex/onecat-native-v150-awq-vlk-quality-c64-corrective-delta;refs/heads/codex/onecat-native-v150-awq-vlk-quality-c64-delta;refs/heads/codex/onecat-native-v150-awq-vlk-recovery;refs/heads/codex/onecat-native-v150-c64-canonical-readiness;refs/heads/codex/three-runtime-c64-canonical-transport-remediation;refs/heads/codex/three-runtime-c64-cross-runtime-calibration;refs/heads/codex/three-runtime-c64-quality-gate-policy-corrective-delta;refs/heads/codex/three-runtime-c64-quality-gate-policy-freeze;refs/heads/control/holiday-codea-to-codeb-relay,reports/evidence/vm176-codexa-onecat-native-v150-awq-vlk-recovery-20261002/prelease-check.txt,a4288d7b5672c932937665722e56b33ad3acf933,suncaifeng/DevSopByAi,archive/comfyui-minimax-h3/reports/evidence/vm176-codexa-onecat-native-v150-awq-vlk-recovery-20261002/prelease-check.txt,ARCHIVE_ONLY,"Preserve immutable TaskContract, report, review/control evidence chain in control-plane archive; retain source commit and blob identity."
suncaifeng/comfyui-minimax-h3,refs/heads/codex/h3-ltx-director-console-v2-corrective-delta-01,3968742392a8967325c4a9a2c3f6c81776e00c02,refs/heads/codex/h3-ltx-director-console-v2-corrective-delta-01;refs/heads/codex/h3-ltx-director-console-v2-holiday-codeb;refs/heads/codex/h3storyboard-director-console-v2-holiday-codeb;refs/heads/codex/holiday-relay-supervisor-codec;refs/heads/codex/onecat-native-v150-awq-vlk-quality-c64-corrective-delta;refs/heads/codex/onecat-native-v150-awq-vlk-quality-c64-delta;refs/heads/codex/onecat-native-v150-awq-vlk-recovery;refs/heads/codex/onecat-native-v150-c64-canonical-readiness;refs/heads/codex/three-runtime-c64-canonical-transport-remediation;refs/heads/codex/three-runtime-c64-cross-runtime-calibration;refs/heads/codex/three-runtime-c64-quality-gate-policy-corrective-delta;refs/heads/codex/three-runtime-c64-quality-gate-policy-freeze;refs/heads/control/holiday-codea-to-codeb-relay,reports/evidence/vm176-codexa-onecat-native-v150-awq-vlk-recovery-20261002/quality-results.jsonl,55cfe206b57bddc8e2ccf88b5d4cfbb716efc146,suncaifeng/DevSopByAi,archive/comfyui-minimax-h3/reports/evidence/vm176-codexa-onecat-native-v150-awq-vlk-recovery-20261002/quality-results.jsonl,ARCHIVE_ONLY,"Preserve immutable TaskContract, report, review/control evidence chain in control-plane archive; retain source commit and blob identity."
suncaifeng/comfyui-minimax-h3,refs/heads/codex/h3-ltx-director-console-v2-corrective-delta-01,3968742392a8967325c4a9a2c3f6c81776e00c02,refs/heads/codex/h3-ltx-director-console-v2-corrective-delta-01;refs/heads/codex/h3-ltx-director-console-v2-holiday-codeb;refs/heads/codex/h3storyboard-director-console-v2-holiday-codeb;refs/heads/codex/holiday-relay-supervisor-codec;refs/heads/codex/onecat-native-v150-awq-vlk-quality-c64-corrective-delta;refs/heads/codex/onecat-native-v150-awq-vlk-quality-c64-delta;refs/heads/codex/onecat-native-v150-awq-vlk-recovery;refs/heads/codex/onecat-native-v150-c64-canonical-readiness;refs/heads/codex/three-runtime-c64-canonical-transport-remediation;refs/heads/codex/three-runtime-c64-cross-runtime-calibration;refs/heads/codex/three-runtime-c64-quality-gate-policy-corrective-delta;refs/heads/codex/three-runtime-c64-quality-gate-policy-freeze;refs/heads/control/holiday-codea-to-codeb-relay,reports/evidence/vm176-codexa-onecat-native-v150-awq-vlk-recovery-20261002/quality-summary.json,99d2cfa9e78d5239680b4d1ddb0a607ebc195d7d,suncaifeng/DevSopByAi,archive/comfyui-minimax-h3/reports/evidence/vm176-codexa-onecat-native-v150-awq-vlk-recovery-20261002/quality-summary.json,ARCHIVE_ONLY,"Preserve immutable TaskContract, report, review/control evidence chain in control-plane archive; retain source commit and blob identity."
suncaifeng/comfyui-minimax-h3,refs/heads/codex/h3-ltx-director-console-v2-corrective-delta-01,3968742392a8967325c4a9a2c3f6c81776e00c02,refs/heads/codex/h3-ltx-director-console-v2-corrective-delta-01;refs/heads/codex/h3-ltx-director-console-v2-holiday-codeb;refs/heads/codex/h3storyboard-director-console-v2-holiday-codeb;refs/heads/codex/holiday-relay-supervisor-codec;refs/heads/codex/onecat-native-v150-awq-vlk-quality-c64-corrective-delta;refs/heads/codex/onecat-native-v150-awq-vlk-quality-c64-delta;refs/heads/codex/onecat-native-v150-awq-vlk-recovery;refs/heads/codex/onecat-native-v150-c64-canonical-readiness;refs/heads/codex/three-runtime-c64-canonical-transport-remediation;refs/heads/codex/three-runtime-c64-cross-runtime-calibration;refs/heads/codex/three-runtime-c64-quality-gate-policy-corrective-delta;refs/heads/codex/three-runtime-c64-quality-gate-policy-freeze;refs/heads/control/holiday-codea-to-codeb-relay,reports/evidence/vm176-codexa-onecat-native-v150-awq-vlk-recovery-20261002/raw-artifact-manifest.sha256,cc76c3634a1767952913cbf0dc364d473e328131,suncaifeng/DevSopByAi,archive/comfyui-minimax-h3/reports/evidence/vm176-codexa-onecat-native-v150-awq-vlk-recovery-20261002/raw-artifact-manifest.sha256,ARCHIVE_ONLY,"Preserve immutable TaskContract, report, review/control evidence chain in control-plane archive; retain source commit and blob identity."
suncaifeng/comfyui-minimax-h3,refs/heads/codex/h3-ltx-director-console-v2-corrective-delta-01,3968742392a8967325c4a9a2c3f6c81776e00c02,refs/heads/codex/h3-ltx-director-console-v2-corrective-delta-01;refs/heads/codex/h3-ltx-director-console-v2-holiday-codeb;refs/heads/codex/h3storyboard-director-console-v2-holiday-codeb;refs/heads/codex/holiday-relay-supervisor-codec;refs/heads/codex/onecat-native-v150-awq-vlk-quality-c64-corrective-delta;refs/heads/codex/onecat-native-v150-awq-vlk-quality-c64-delta;refs/heads/codex/onecat-native-v150-awq-vlk-recovery;refs/heads/codex/onecat-native-v150-c64-canonical-readiness;refs/heads/codex/three-runtime-c64-canonical-transport-remediation;refs/heads/codex/three-runtime-c64-cross-runtime-calibration;refs/heads/codex/three-runtime-c64-quality-gate-policy-corrective-delta;refs/heads/codex/three-runtime-c64-quality-gate-policy-freeze;refs/heads/control/holiday-codea-to-codeb-relay,reports/evidence/vm176-codexa-onecat-native-v150-awq-vlk-recovery-20261002/run_phase-treatment.sh,c96c2ec5640cd3a9c5551abd9529f83b48423478,suncaifeng/DevSopByAi,archive/comfyui-minimax-h3/reports/evidence/vm176-codexa-onecat-native-v150-awq-vlk-recovery-20261002/run_phase-treatment.sh,ARCHIVE_ONLY,"Preserve immutable TaskContract, report, review/control evidence chain in control-plane archive; retain source commit and blob identity."
suncaifeng/comfyui-minimax-h3,refs/heads/codex/h3-ltx-director-console-v2-corrective-delta-01,3968742392a8967325c4a9a2c3f6c81776e00c02,refs/heads/codex/h3-ltx-director-console-v2-corrective-delta-01;refs/heads/codex/h3-ltx-director-console-v2-holiday-codeb;refs/heads/codex/h3storyboard-director-console-v2-holiday-codeb;refs/heads/codex/holiday-relay-supervisor-codec;refs/heads/codex/onecat-native-v150-awq-vlk-quality-c64-corrective-delta;refs/heads/codex/onecat-native-v150-awq-vlk-quality-c64-delta;refs/heads/codex/onecat-native-v150-awq-vlk-recovery;refs/heads/codex/onecat-native-v150-c64-canonical-readiness;refs/heads/codex/three-runtime-c64-canonical-transport-remediation;refs/heads/codex/three-runtime-c64-cross-runtime-calibration;refs/heads/codex/three-runtime-c64-quality-gate-policy-corrective-delta;refs/heads/codex/three-runtime-c64-quality-gate-policy-freeze;refs/heads/control/holiday-codea-to-codeb-relay,reports/evidence/vm176-codexa-onecat-native-v150-awq-vlk-recovery-20261002/run_quality_checked.py,2c9a41e69d8fbcc1a13c530d322a5cb2cbd772b7,suncaifeng/DevSopByAi,archive/comfyui-minimax-h3/reports/evidence/vm176-codexa-onecat-native-v150-awq-vlk-recovery-20261002/run_quality_checked.py,ARCHIVE_ONLY,"Preserve immutable TaskContract, report, review/control evidence chain in control-plane archive; retain source commit and blob identity."
suncaifeng/comfyui-minimax-h3,refs/heads/codex/h3-ltx-director-console-v2-corrective-delta-01,3968742392a8967325c4a9a2c3f6c81776e00c02,refs/heads/codex/h3-ltx-director-console-v2-corrective-delta-01;refs/heads/codex/h3-ltx-director-console-v2-holiday-codeb;refs/heads/codex/h3storyboard-director-console-v2-holiday-codeb;refs/heads/codex/holiday-relay-supervisor-codec;refs/heads/codex/onecat-native-v150-awq-vlk-quality-c64-corrective-delta;refs/heads/codex/onecat-native-v150-awq-vlk-quality-c64-delta;refs/heads/codex/onecat-native-v150-awq-vlk-recovery;refs/heads/codex/onecat-native-v150-c64-canonical-readiness;refs/heads/codex/three-runtime-c64-canonical-transport-remediation;refs/heads/codex/three-runtime-c64-cross-runtime-calibration;refs/heads/codex/three-runtime-c64-quality-gate-policy-corrective-delta;refs/heads/codex/three-runtime-c64-quality-gate-policy-freeze;refs/heads/control/holiday-codea-to-codeb-relay,reports/evidence/vm176-codexa-onecat-native-v150-awq-vlk-recovery-20261002/runtime-route-evidence.txt,752529f23f20d8abba1aa9987cd2da9d7e6708a8,suncaifeng/DevSopByAi,archive/comfyui-minimax-h3/reports/evidence/vm176-codexa-onecat-native-v150-awq-vlk-recovery-20261002/runtime-route-evidence.txt,ARCHIVE_ONLY,"Preserve immutable TaskContract, report, review/control evidence chain in control-plane archive; retain source commit and blob identity."
suncaifeng/comfyui-minimax-h3,refs/heads/codex/h3-ltx-director-console-v2-corrective-delta-01,3968742392a8967325c4a9a2c3f6c81776e00c02,refs/heads/codex/h3-ltx-director-console-v2-corrective-delta-01;refs/heads/codex/h3-ltx-director-console-v2-holiday-codeb;refs/heads/codex/h3storyboard-director-console-v2-holiday-codeb;refs/heads/codex/holiday-relay-supervisor-codec;refs/heads/codex/onecat-native-v150-awq-vlk-quality-c64-corrective-delta;refs/heads/codex/onecat-native-v150-awq-vlk-quality-c64-delta;refs/heads/codex/onecat-native-v150-awq-vlk-recovery;refs/heads/codex/onecat-native-v150-c64-canonical-readiness;refs/heads/codex/three-runtime-c64-canonical-transport-remediation;refs/heads/codex/three-runtime-c64-cross-runtime-calibration;refs/heads/codex/three-runtime-c64-quality-gate-policy-corrective-delta;refs/heads/codex/three-runtime-c64-quality-gate-policy-freeze;refs/heads/control/holiday-codea-to-codeb-relay,reports/evidence/vm176-codexa-onecat-native-v150-awq-vlk-recovery-20261002/safety-summary.txt,09f975ea025a9398270ec560f0ac32fe0908fa08,suncaifeng/DevSopByAi,archive/comfyui-minimax-h3/reports/evidence/vm176-codexa-onecat-native-v150-awq-vlk-recovery-20261002/safety-summary.txt,ARCHIVE_ONLY,"Preserve immutable TaskContract, report, review/control evidence chain in control-plane archive; retain source commit and blob identity."
suncaifeng/comfyui-minimax-h3,refs/heads/codex/h3-ltx-director-console-v2-corrective-delta-01,3968742392a8967325c4a9a2c3f6c81776e00c02,refs/heads/codex/h3-ltx-director-console-v2-corrective-delta-01;refs/heads/codex/h3-ltx-director-console-v2-holiday-codeb;refs/heads/codex/h3storyboard-director-console-v2-holiday-codeb;refs/heads/codex/holiday-relay-supervisor-codec;refs/heads/codex/onecat-native-v150-awq-vlk-quality-c64-corrective-delta;refs/heads/codex/onecat-native-v150-awq-vlk-quality-c64-delta;refs/heads/codex/onecat-native-v150-awq-vlk-recovery;refs/heads/codex/onecat-native-v150-c64-canonical-readiness;refs/heads/codex/three-runtime-c64-canonical-transport-remediation;refs/heads/codex/three-runtime-c64-cross-runtime-calibration;refs/heads/codex/three-runtime-c64-quality-gate-policy-corrective-delta;refs/heads/codex/three-runtime-c64-quality-gate-policy-freeze;refs/heads/control/holiday-codea-to-codeb-relay,reports/evidence/vm176-codexa-onecat-native-v150-awq-vlk-recovery-20261002/telemetry-summary.txt,88c05d21e091fbe0251674d882c2bfa9f65ace92,suncaifeng/DevSopByAi,archive/comfyui-minimax-h3/reports/evidence/vm176-codexa-onecat-native-v150-awq-vlk-recovery-20261002/telemetry-summary.txt,ARCHIVE_ONLY,"Preserve immutable TaskContract, report, review/control evidence chain in control-plane archive; retain source commit and blob identity."
suncaifeng/comfyui-minimax-h3,refs/heads/codex/h3-ltx-director-console-v2-corrective-delta-01,3968742392a8967325c4a9a2c3f6c81776e00c02,refs/heads/codex/h3-ltx-director-console-v2-corrective-delta-01;refs/heads/codex/h3-ltx-director-console-v2-holiday-codeb;refs/heads/codex/h3storyboard-director-console-v2-holiday-codeb;refs/heads/codex/holiday-relay-supervisor-codec;refs/heads/codex/onecat-native-v150-awq-vlk-quality-c64-corrective-delta;refs/heads/codex/onecat-native-v150-awq-vlk-quality-c64-delta;refs/heads/codex/onecat-native-v150-awq-vlk-recovery;refs/heads/codex/onecat-native-v150-c64-canonical-readiness;refs/heads/codex/three-runtime-c64-canonical-transport-remediation;refs/heads/codex/three-runtime-c64-cross-runtime-calibration;refs/heads/codex/three-runtime-c64-quality-gate-policy-corrective-delta;refs/heads/codex/three-runtime-c64-quality-gate-policy-freeze;refs/heads/control/holiday-codea-to-codeb-relay,reports/evidence/vm176-codexa-onecat-native-v150-awq-vlk-recovery-20261002/tiny-fp16-cuda-probe.txt,60fa9fceb7943e415d904667ceb48afc19279fdd,suncaifeng/DevSopByAi,archive/comfyui-minimax-h3/reports/evidence/vm176-codexa-onecat-native-v150-awq-vlk-recovery-20261002/tiny-fp16-cuda-probe.txt,ARCHIVE_ONLY,"Preserve immutable TaskContract, report, review/control evidence chain in control-plane archive; retain source commit and blob identity."
suncaifeng/comfyui-minimax-h3,refs/heads/codex/h3-ltx-director-console-v2-corrective-delta-01,3968742392a8967325c4a9a2c3f6c81776e00c02,refs/heads/codex/h3-ltx-director-console-v2-corrective-delta-01;refs/heads/codex/h3-ltx-director-console-v2-holiday-codeb;refs/heads/codex/h3storyboard-director-console-v2-holiday-codeb;refs/heads/codex/holiday-relay-supervisor-codec;refs/heads/codex/onecat-native-v150-c64-canonical-readiness;refs/heads/codex/three-runtime-c64-canonical-transport-remediation;refs/heads/codex/three-runtime-c64-cross-runtime-calibration;refs/heads/codex/three-runtime-c64-quality-gate-policy-corrective-delta;refs/heads/codex/three-runtime-c64-quality-gate-policy-freeze;refs/heads/control/holiday-codea-to-codeb-relay,reports/evidence/vm176-codexa-onecat-native-v150-c64-canonical-readiness-20261002/c64-response-content.txt,4f1c5d72e6a3fd92c81d5e33213b565edfaf5f94,suncaifeng/DevSopByAi,archive/comfyui-minimax-h3/reports/evidence/vm176-codexa-onecat-native-v150-c64-canonical-readiness-20261002/c64-response-content.txt,ARCHIVE_ONLY,"Preserve immutable TaskContract, report, review/control evidence chain in control-plane archive; retain source commit and blob identity."
suncaifeng/comfyui-minimax-h3,refs/heads/codex/h3-ltx-director-console-v2-corrective-delta-01,3968742392a8967325c4a9a2c3f6c81776e00c02,refs/heads/codex/h3-ltx-director-console-v2-corrective-delta-01;refs/heads/codex/h3-ltx-director-console-v2-holiday-codeb;refs/heads/codex/h3storyboard-director-console-v2-holiday-codeb;refs/heads/codex/holiday-relay-supervisor-codec;refs/heads/codex/onecat-native-v150-c64-canonical-readiness;refs/heads/codex/three-runtime-c64-canonical-transport-remediation;refs/heads/codex/three-runtime-c64-cross-runtime-calibration;refs/heads/codex/three-runtime-c64-quality-gate-policy-corrective-delta;refs/heads/codex/three-runtime-c64-quality-gate-policy-freeze;refs/heads/control/holiday-codea-to-codeb-relay,reports/evidence/vm176-codexa-onecat-native-v150-c64-canonical-readiness-20261002/c64-response-metadata.json,0af946e48881f3b3e084319e38e060676b7710cc,suncaifeng/DevSopByAi,archive/comfyui-minimax-h3/reports/evidence/vm176-codexa-onecat-native-v150-c64-canonical-readiness-20261002/c64-response-metadata.json,ARCHIVE_ONLY,"Preserve immutable TaskContract, report, review/control evidence chain in control-plane archive; retain source commit and blob identity."
suncaifeng/comfyui-minimax-h3,refs/heads/codex/h3-ltx-director-console-v2-corrective-delta-01,3968742392a8967325c4a9a2c3f6c81776e00c02,refs/heads/codex/h3-ltx-director-console-v2-corrective-delta-01;refs/heads/codex/h3-ltx-director-console-v2-holiday-codeb;refs/heads/codex/h3storyboard-director-console-v2-holiday-codeb;refs/heads/codex/holiday-relay-supervisor-codec;refs/heads/codex/onecat-native-v150-c64-canonical-readiness;refs/heads/codex/three-runtime-c64-canonical-transport-remediation;refs/heads/codex/three-runtime-c64-cross-runtime-calibration;refs/heads/codex/three-runtime-c64-quality-gate-policy-corrective-delta;refs/heads/codex/three-runtime-c64-quality-gate-policy-freeze;refs/heads/control/holiday-codea-to-codeb-relay,reports/evidence/vm176-codexa-onecat-native-v150-c64-canonical-readiness-20261002/c64-validator.json,a04885090364470e47240f0e5f9de0bc91859f68,suncaifeng/DevSopByAi,archive/comfyui-minimax-h3/reports/evidence/vm176-codexa-onecat-native-v150-c64-canonical-readiness-20261002/c64-validator.json,ARCHIVE_ONLY,"Preserve immutable TaskContract, report, review/control evidence chain in control-plane archive; retain source commit and blob identity."
suncaifeng/comfyui-minimax-h3,refs/heads/codex/h3-ltx-director-console-v2-corrective-delta-01,3968742392a8967325c4a9a2c3f6c81776e00c02,refs/heads/codex/h3-ltx-director-console-v2-corrective-delta-01;refs/heads/codex/h3-ltx-director-console-v2-holiday-codeb;refs/heads/codex/h3storyboard-director-console-v2-holiday-codeb;refs/heads/codex/holiday-relay-supervisor-codec;refs/heads/codex/onecat-native-v150-c64-canonical-readiness;refs/heads/codex/three-runtime-c64-canonical-transport-remediation;refs/heads/codex/three-runtime-c64-cross-runtime-calibration;refs/heads/codex/three-runtime-c64-quality-gate-policy-corrective-delta;refs/heads/codex/three-runtime-c64-quality-gate-policy-freeze;refs/heads/control/holiday-codea-to-codeb-relay,reports/evidence/vm176-codexa-onecat-native-v150-c64-canonical-readiness-20261002/git-evidence-sha256.txt,4be806547e8e05dc389998ab7e9e4d10b920b2e9,suncaifeng/DevSopByAi,archive/comfyui-minimax-h3/reports/evidence/vm176-codexa-onecat-native-v150-c64-canonical-readiness-20261002/git-evidence-sha256.txt,ARCHIVE_ONLY,"Preserve immutable TaskContract, report, review/control evidence chain in control-plane archive; retain source commit and blob identity."
suncaifeng/comfyui-minimax-h3,refs/heads/codex/h3-ltx-director-console-v2-corrective-delta-01,3968742392a8967325c4a9a2c3f6c81776e00c02,refs/heads/codex/h3-ltx-director-console-v2-corrective-delta-01;refs/heads/codex/h3-ltx-director-console-v2-holiday-codeb;refs/heads/codex/h3storyboard-director-console-v2-holiday-codeb;refs/heads/codex/holiday-relay-supervisor-codec;refs/heads/codex/onecat-native-v150-c64-canonical-readiness;refs/heads/codex/three-runtime-c64-canonical-transport-remediation;refs/heads/codex/three-runtime-c64-cross-runtime-calibration;refs/heads/codex/three-runtime-c64-quality-gate-policy-corrective-delta;refs/heads/codex/three-runtime-c64-quality-gate-policy-freeze;refs/heads/control/holiday-codea-to-codeb-relay,reports/evidence/vm176-codexa-onecat-native-v150-c64-canonical-readiness-20261002/git-guarded-push.txt,4922f9bf6fea5b53137617b70a1ff91f6ee42092,suncaifeng/DevSopByAi,archive/comfyui-minimax-h3/reports/evidence/vm176-codexa-onecat-native-v150-c64-canonical-readiness-20261002/git-guarded-push.txt,ARCHIVE_ONLY,"Preserve immutable TaskContract, report, review/control evidence chain in control-plane archive; retain source commit and blob identity."
suncaifeng/comfyui-minimax-h3,refs/heads/codex/h3-ltx-director-console-v2-corrective-delta-01,3968742392a8967325c4a9a2c3f6c81776e00c02,refs/heads/codex/h3-ltx-director-console-v2-corrective-delta-01;refs/heads/codex/h3-ltx-director-console-v2-holiday-codeb;refs/heads/codex/h3storyboard-director-console-v2-holiday-codeb;refs/heads/codex/holiday-relay-supervisor-codec;refs/heads/codex/onecat-native-v150-c64-canonical-readiness;refs/heads/codex/three-runtime-c64-canonical-transport-remediation;refs/heads/codex/three-runtime-c64-cross-runtime-calibration;refs/heads/codex/three-runtime-c64-quality-gate-policy-corrective-delta;refs/heads/codex/three-runtime-c64-quality-gate-policy-freeze;refs/heads/control/holiday-codea-to-codeb-relay,reports/evidence/vm176-codexa-onecat-native-v150-c64-canonical-readiness-20261002/launch-command.txt,4780fc8db257d1e55d2c710f65cb9a5e9792c920,suncaifeng/DevSopByAi,archive/comfyui-minimax-h3/reports/evidence/vm176-codexa-onecat-native-v150-c64-canonical-readiness-20261002/launch-command.txt,ARCHIVE_ONLY,"Preserve immutable TaskContract, report, review/control evidence chain in control-plane archive; retain source commit and blob identity."
suncaifeng/comfyui-minimax-h3,refs/heads/codex/h3-ltx-director-console-v2-corrective-delta-01,3968742392a8967325c4a9a2c3f6c81776e00c02,refs/heads/codex/h3-ltx-director-console-v2-corrective-delta-01;refs/heads/codex/h3-ltx-director-console-v2-holiday-codeb;refs/heads/codex/h3storyboard-director-console-v2-holiday-codeb;refs/heads/codex/holiday-relay-supervisor-codec;refs/heads/codex/onecat-native-v150-c64-canonical-readiness;refs/heads/codex/three-runtime-c64-canonical-transport-remediation;refs/heads/codex/three-runtime-c64-cross-runtime-calibration;refs/heads/codex/three-runtime-c64-quality-gate-policy-corrective-delta;refs/heads/codex/three-runtime-c64-quality-gate-policy-freeze;refs/heads/control/holiday-codea-to-codeb-relay,reports/evidence/vm176-codexa-onecat-native-v150-c64-canonical-readiness-20261002/phase-a-canonical-identity.txt,002b5e413ae4ba7b69ca30c5e9d3decde1a000ea,suncaifeng/DevSopByAi,archive/comfyui-minimax-h3/reports/evidence/vm176-codexa-onecat-native-v150-c64-canonical-readiness-20261002/phase-a-canonical-identity.txt,ARCHIVE_ONLY,"Preserve immutable TaskContract, report, review/control evidence chain in control-plane archive; retain source commit and blob identity."
suncaifeng/comfyui-minimax-h3,refs/heads/codex/h3-ltx-director-console-v2-corrective-delta-01,3968742392a8967325c4a9a2c3f6c81776e00c02,refs/heads/codex/h3-ltx-director-console-v2-corrective-delta-01;refs/heads/codex/h3-ltx-director-console-v2-holiday-codeb;refs/heads/codex/h3storyboard-director-console-v2-holiday-codeb;refs/heads/codex/holiday-relay-supervisor-codec;refs/heads/codex/onecat-native-v150-c64-canonical-readiness;refs/heads/codex/three-runtime-c64-canonical-transport-remediation;refs/heads/codex/three-runtime-c64-cross-runtime-calibration;refs/heads/codex/three-runtime-c64-quality-gate-policy-corrective-delta;refs/heads/codex/three-runtime-c64-quality-gate-policy-freeze;refs/heads/control/holiday-codea-to-codeb-relay,reports/evidence/vm176-codexa-onecat-native-v150-c64-canonical-readiness-20261002/phase-a-runtime-tokenizer.txt,a67733694a2c25835d8f3db137c506016dea09fe,suncaifeng/DevSopByAi,archive/comfyui-minimax-h3/reports/evidence/vm176-codexa-onecat-native-v150-c64-canonical-readiness-20261002/phase-a-runtime-tokenizer.txt,ARCHIVE_ONLY,"Preserve immutable TaskContract, report, review/control evidence chain in control-plane archive; retain source commit and blob identity."
suncaifeng/comfyui-minimax-h3,refs/heads/codex/h3-ltx-director-console-v2-corrective-delta-01,3968742392a8967325c4a9a2c3f6c81776e00c02,refs/heads/codex/h3-ltx-director-console-v2-corrective-delta-01;refs/heads/codex/h3-ltx-director-console-v2-holiday-codeb;refs/heads/codex/h3storyboard-director-console-v2-holiday-codeb;refs/heads/codex/holiday-relay-supervisor-codec;refs/heads/codex/onecat-native-v150-c64-canonical-readiness;refs/heads/codex/three-runtime-c64-canonical-transport-remediation;refs/heads/codex/three-runtime-c64-cross-runtime-calibration;refs/heads/codex/three-runtime-c64-quality-gate-policy-corrective-delta;refs/heads/codex/three-runtime-c64-quality-gate-policy-freeze;refs/heads/control/holiday-codea-to-codeb-relay,reports/evidence/vm176-codexa-onecat-native-v150-c64-canonical-readiness-20261002/phase-a-wrapper-reconciliation.txt,2d46b2064548db2a5de5c714bf7d96718c28b26b,suncaifeng/DevSopByAi,archive/comfyui-minimax-h3/reports/evidence/vm176-codexa-onecat-native-v150-c64-canonical-readiness-20261002/phase-a-wrapper-reconciliation.txt,ARCHIVE_ONLY,"Preserve immutable TaskContract, report, review/control evidence chain in control-plane archive; retain source commit and blob identity."
suncaifeng/comfyui-minimax-h3,refs/heads/codex/h3-ltx-director-console-v2-corrective-delta-01,3968742392a8967325c4a9a2c3f6c81776e00c02,refs/heads/codex/h3-ltx-director-console-v2-corrective-delta-01;refs/heads/codex/h3-ltx-director-console-v2-holiday-codeb;refs/heads/codex/h3storyboard-director-console-v2-holiday-codeb;refs/heads/codex/holiday-relay-supervisor-codec;refs/heads/codex/onecat-native-v150-c64-canonical-readiness;refs/heads/codex/three-runtime-c64-canonical-transport-remediation;refs/heads/codex/three-runtime-c64-cross-runtime-calibration;refs/heads/codex/three-runtime-c64-quality-gate-policy-corrective-delta;refs/heads/codex/three-runtime-c64-quality-gate-policy-freeze;refs/heads/control/holiday-codea-to-codeb-relay,reports/evidence/vm176-codexa-onecat-native-v150-c64-canonical-readiness-20261002/phase-b-preflight.txt,05cc7dd0c607e54e552512d1be009b930947d35e,suncaifeng/DevSopByAi,archive/comfyui-minimax-h3/reports/evidence/vm176-codexa-onecat-native-v150-c64-canonical-readiness-20261002/phase-b-preflight.txt,ARCHIVE_ONLY,"Preserve immutable TaskContract, report, review/control evidence chain in control-plane archive; retain source commit and blob identity."
suncaifeng/comfyui-minimax-h3,refs/heads/codex/h3-ltx-director-console-v2-corrective-delta-01,3968742392a8967325c4a9a2c3f6c81776e00c02,refs/heads/codex/h3-ltx-director-console-v2-corrective-delta-01;refs/heads/codex/h3-ltx-director-console-v2-holiday-codeb;refs/heads/codex/h3storyboard-director-console-v2-holiday-codeb;refs/heads/codex/holiday-relay-supervisor-codec;refs/heads/codex/onecat-native-v150-c64-canonical-readiness;refs/heads/codex/three-runtime-c64-canonical-transport-remediation;refs/heads/codex/three-runtime-c64-cross-runtime-calibration;refs/heads/codex/three-runtime-c64-quality-gate-policy-corrective-delta;refs/heads/codex/three-runtime-c64-quality-gate-policy-freeze;refs/heads/control/holiday-codea-to-codeb-relay,reports/evidence/vm176-codexa-onecat-native-v150-c64-canonical-readiness-20261002/phase-c64-result-reconciled.txt,5606479ec9a9b7f281d114d58adecbed4c75f3f1,suncaifeng/DevSopByAi,archive/comfyui-minimax-h3/reports/evidence/vm176-codexa-onecat-native-v150-c64-canonical-readiness-20261002/phase-c64-result-reconciled.txt,ARCHIVE_ONLY,"Preserve immutable TaskContract, report, review/control evidence chain in control-plane archive; retain source commit and blob identity."
suncaifeng/comfyui-minimax-h3,refs/heads/codex/h3-ltx-director-console-v2-corrective-delta-01,3968742392a8967325c4a9a2c3f6c81776e00c02,refs/heads/codex/h3-ltx-director-console-v2-corrective-delta-01;refs/heads/codex/h3-ltx-director-console-v2-holiday-codeb;refs/heads/codex/h3storyboard-director-console-v2-holiday-codeb;refs/heads/codex/holiday-relay-supervisor-codec;refs/heads/codex/onecat-native-v150-c64-canonical-readiness;refs/heads/codex/three-runtime-c64-canonical-transport-remediation;refs/heads/codex/three-runtime-c64-cross-runtime-calibration;refs/heads/codex/three-runtime-c64-quality-gate-policy-corrective-delta;refs/heads/codex/three-runtime-c64-quality-gate-policy-freeze;refs/heads/control/holiday-codea-to-codeb-relay,reports/evidence/vm176-codexa-onecat-native-v150-c64-canonical-readiness-20261002/phase-c64-status.txt,28a5230e5d0d2d614d68d8fb63def761523396f0,suncaifeng/DevSopByAi,archive/comfyui-minimax-h3/reports/evidence/vm176-codexa-onecat-native-v150-c64-canonical-readiness-20261002/phase-c64-status.txt,ARCHIVE_ONLY,"Preserve immutable TaskContract, report, review/control evidence chain in control-plane archive; retain source commit and blob identity."
suncaifeng/comfyui-minimax-h3,refs/heads/codex/h3-ltx-director-console-v2-corrective-delta-01,3968742392a8967325c4a9a2c3f6c81776e00c02,refs/heads/codex/h3-ltx-director-console-v2-corrective-delta-01;refs/heads/codex/h3-ltx-director-console-v2-holiday-codeb;refs/heads/codex/h3storyboard-director-console-v2-holiday-codeb;refs/heads/codex/holiday-relay-supervisor-codec;refs/heads/codex/onecat-native-v150-c64-canonical-readiness;refs/heads/codex/three-runtime-c64-canonical-transport-remediation;refs/heads/codex/three-runtime-c64-cross-runtime-calibration;refs/heads/codex/three-runtime-c64-quality-gate-policy-corrective-delta;refs/heads/codex/three-runtime-c64-quality-gate-policy-freeze;refs/heads/control/holiday-codea-to-codeb-relay,reports/evidence/vm176-codexa-onecat-native-v150-c64-canonical-readiness-20261002/raw-artifact-manifest.sha256,458796fae282b69f1678d18e5faeb59bffaf2399,suncaifeng/DevSopByAi,archive/comfyui-minimax-h3/reports/evidence/vm176-codexa-onecat-native-v150-c64-canonical-readiness-20261002/raw-artifact-manifest.sha256,ARCHIVE_ONLY,"Preserve immutable TaskContract, report, review/control evidence chain in control-plane archive; retain source commit and blob identity."
suncaifeng/comfyui-minimax-h3,refs/heads/codex/h3-ltx-director-console-v2-corrective-delta-01,3968742392a8967325c4a9a2c3f6c81776e00c02,refs/heads/codex/h3-ltx-director-console-v2-corrective-delta-01;refs/heads/codex/h3-ltx-director-console-v2-holiday-codeb;refs/heads/codex/h3storyboard-director-console-v2-holiday-codeb;refs/heads/codex/holiday-relay-supervisor-codec;refs/heads/codex/onecat-native-v150-c64-canonical-readiness;refs/heads/codex/three-runtime-c64-canonical-transport-remediation;refs/heads/codex/three-runtime-c64-cross-runtime-calibration;refs/heads/codex/three-runtime-c64-quality-gate-policy-corrective-delta;refs/heads/codex/three-runtime-c64-quality-gate-policy-freeze;refs/heads/control/holiday-codea-to-codeb-relay,reports/evidence/vm176-codexa-onecat-native-v150-c64-canonical-readiness-20261002/request_c64_stream.py,882a842f50fb625b4017cfd63e2cd3c7416b2f9a,suncaifeng/DevSopByAi,archive/comfyui-minimax-h3/reports/evidence/vm176-codexa-onecat-native-v150-c64-canonical-readiness-20261002/request_c64_stream.py,ARCHIVE_ONLY,"Preserve immutable TaskContract, report, review/control evidence chain in control-plane archive; retain source commit and blob identity."
suncaifeng/comfyui-minimax-h3,refs/heads/codex/h3-ltx-director-console-v2-corrective-delta-01,3968742392a8967325c4a9a2c3f6c81776e00c02,refs/heads/codex/h3-ltx-director-console-v2-corrective-delta-01;refs/heads/codex/h3-ltx-director-console-v2-holiday-codeb;refs/heads/codex/h3storyboard-director-console-v2-holiday-codeb;refs/heads/codex/holiday-relay-supervisor-codec;refs/heads/codex/onecat-native-v150-c64-canonical-readiness;refs/heads/codex/three-runtime-c64-canonical-transport-remediation;refs/heads/codex/three-runtime-c64-cross-runtime-calibration;refs/heads/codex/three-runtime-c64-quality-gate-policy-corrective-delta;refs/heads/codex/three-runtime-c64-quality-gate-policy-freeze;refs/heads/control/holiday-codea-to-codeb-relay,reports/evidence/vm176-codexa-onecat-native-v150-c64-canonical-readiness-20261002/run_c64_phase.sh,5990f4c15c96abf8d8bc5fb2acc81d1e976fd2fe,suncaifeng/DevSopByAi,archive/comfyui-minimax-h3/reports/evidence/vm176-codexa-onecat-native-v150-c64-canonical-readiness-20261002/run_c64_phase.sh,ARCHIVE_ONLY,"Preserve immutable TaskContract, report, review/control evidence chain in control-plane archive; retain source commit and blob identity."
suncaifeng/comfyui-minimax-h3,refs/heads/codex/h3-ltx-director-console-v2-corrective-delta-01,3968742392a8967325c4a9a2c3f6c81776e00c02,refs/heads/codex/h3-ltx-director-console-v2-corrective-delta-01;refs/heads/codex/h3-ltx-director-console-v2-holiday-codeb;refs/heads/codex/h3storyboard-director-console-v2-holiday-codeb;refs/heads/codex/holiday-relay-supervisor-codec;refs/heads/codex/onecat-native-v150-c64-canonical-readiness;refs/heads/codex/three-runtime-c64-canonical-transport-remediation;refs/heads/codex/three-runtime-c64-cross-runtime-calibration;refs/heads/codex/three-runtime-c64-quality-gate-policy-corrective-delta;refs/heads/codex/three-runtime-c64-quality-gate-policy-freeze;refs/heads/control/holiday-codea-to-codeb-relay,reports/evidence/vm176-codexa-onecat-native-v150-c64-canonical-readiness-20261002/runtime-route-proof.txt,00c29924c3d59df0bf9685174219cd4a59b0def7,suncaifeng/DevSopByAi,archive/comfyui-minimax-h3/reports/evidence/vm176-codexa-onecat-native-v150-c64-canonical-readiness-20261002/runtime-route-proof.txt,ARCHIVE_ONLY,"Preserve immutable TaskContract, report, review/control evidence chain in control-plane archive; retain source commit and blob identity."
suncaifeng/comfyui-minimax-h3,refs/heads/codex/h3-ltx-director-console-v2-corrective-delta-01,3968742392a8967325c4a9a2c3f6c81776e00c02,refs/heads/codex/h3-ltx-director-console-v2-corrective-delta-01;refs/heads/codex/h3-ltx-director-console-v2-holiday-codeb;refs/heads/codex/h3storyboard-director-console-v2-holiday-codeb;refs/heads/codex/holiday-relay-supervisor-codec;refs/heads/codex/onecat-native-v150-c64-canonical-readiness;refs/heads/codex/three-runtime-c64-canonical-transport-remediation;refs/heads/codex/three-runtime-c64-cross-runtime-calibration;refs/heads/codex/three-runtime-c64-quality-gate-policy-corrective-delta;refs/heads/codex/three-runtime-c64-quality-gate-policy-freeze;refs/heads/control/holiday-codea-to-codeb-relay,reports/evidence/vm176-codexa-onecat-native-v150-c64-canonical-readiness-20261002/tiny-fp16-cuda-probe.txt,60fa9fceb7943e415d904667ceb48afc19279fdd,suncaifeng/DevSopByAi,archive/comfyui-minimax-h3/reports/evidence/vm176-codexa-onecat-native-v150-c64-canonical-readiness-20261002/tiny-fp16-cuda-probe.txt,ARCHIVE_ONLY,"Preserve immutable TaskContract, report, review/control evidence chain in control-plane archive; retain source commit and blob identity."
suncaifeng/comfyui-minimax-h3,refs/heads/codex/h3-ltx-director-console-v2-corrective-delta-01,3968742392a8967325c4a9a2c3f6c81776e00c02,refs/heads/codex/h3-ltx-director-console-v2-corrective-delta-01;refs/heads/codex/h3-ltx-director-console-v2-holiday-codeb;refs/heads/codex/h3storyboard-director-console-v2-holiday-codeb;refs/heads/codex/holiday-relay-supervisor-codec;refs/heads/codex/onecat-native-v150-c64-canonical-readiness;refs/heads/codex/three-runtime-c64-canonical-transport-remediation;refs/heads/codex/three-runtime-c64-cross-runtime-calibration;refs/heads/codex/three-runtime-c64-quality-gate-policy-corrective-delta;refs/heads/codex/three-runtime-c64-quality-gate-policy-freeze;refs/heads/control/holiday-codea-to-codeb-relay,reports/evidence/vm176-codexa-onecat-native-v150-c64-canonical-readiness-20261002/validate_c64_response.py,49ed7fd5c674a4724c3bf481b9d0350a08b3dcea,suncaifeng/DevSopByAi,archive/comfyui-minimax-h3/reports/evidence/vm176-codexa-onecat-native-v150-c64-canonical-readiness-20261002/validate_c64_response.py,ARCHIVE_ONLY,"Preserve immutable TaskContract, report, review/control evidence chain in control-plane archive; retain source commit and blob identity."
suncaifeng/comfyui-minimax-h3,refs/heads/codex/onecat-native-v150-preflight,bd78b9c1f494af95108a0220a523a980e0b9b9a9,refs/heads/codex/onecat-native-v150-preflight,reports/evidence/vm176-codexb-onecat-native-v150-preflight-20260930/manifest.json,cb486035fdabc5b547f22ca3f359dfb9c6b5c271,suncaifeng/DevSopByAi,archive/comfyui-minimax-h3/reports/evidence/vm176-codexb-onecat-native-v150-preflight-20260930/manifest.json,ARCHIVE_ONLY,"Preserve immutable TaskContract, report, review/control evidence chain in control-plane archive; retain source commit and blob identity."
suncaifeng/comfyui-minimax-h3,refs/heads/codex/codexc-model-asset-acquisition-publish,ed0abf46b1733e9e0e4dd60e91379000880f6950,refs/heads/codex/codexc-model-asset-acquisition-publish;refs/heads/codex/codexc-pinkcherry-ltx23-q6kv-refresh,reports/evidence/vm176-codexc-model-acquisition-20260929/manifest.json,2b9ad713d5af363946a52aa15255fbdff9d10898,suncaifeng/DevSopByAi,archive/comfyui-minimax-h3/reports/evidence/vm176-codexc-model-acquisition-20260929/manifest.json,ARCHIVE_ONLY,"Preserve immutable TaskContract, report, review/control evidence chain in control-plane archive; retain source commit and blob identity."
suncaifeng/comfyui-minimax-h3,refs/heads/codex/codexc-pinkcherry-ltx23-q6kv-refresh,a1976cfcc4a5f93fd8d02b8e50a9873a4aba8e49,refs/heads/codex/codexc-pinkcherry-ltx23-q6kv-refresh,reports/evidence/vm176-codexc-pinkcherry-q6kv-refresh-20260930/manifest.json,df47fc21baeac88db082abf8ce6ee5b35fd26728,suncaifeng/DevSopByAi,archive/comfyui-minimax-h3/reports/evidence/vm176-codexc-pinkcherry-q6kv-refresh-20260930/manifest.json,ARCHIVE_ONLY,"Preserve immutable TaskContract, report, review/control evidence chain in control-plane archive; retain source commit and blob identity."
suncaifeng/comfyui-minimax-h3,refs/heads/codex/codexc-pinkcherry-ltx23-q6kv-refresh,a1976cfcc4a5f93fd8d02b8e50a9873a4aba8e49,refs/heads/codex/codexc-pinkcherry-ltx23-q6kv-refresh,reports/evidence/vm176-codexc-pinkcherry-q6kv-refresh-20260930/upstream-identity.json,508da7fb3eb58a84638b459f927f50b0b6f3ba76,suncaifeng/DevSopByAi,archive/comfyui-minimax-h3/reports/evidence/vm176-codexc-pinkcherry-q6kv-refresh-20260930/upstream-identity.json,ARCHIVE_ONLY,"Preserve immutable TaskContract, report, review/control evidence chain in control-plane archive; retain source commit and blob identity."
suncaifeng/comfyui-minimax-h3,refs/heads/codex/h3-ltx-director-console-v2-corrective-delta-01,3968742392a8967325c4a9a2c3f6c81776e00c02,refs/heads/codex/h3-ltx-director-console-v2-corrective-delta-01;refs/heads/codex/h3-ltx-director-console-v2-holiday-codeb;refs/heads/codex/h3storyboard-director-console-v2-holiday-codeb;refs/heads/codex/holiday-onecat-native-benchmark-campaign;refs/heads/codex/holiday-relay-supervisor-codec;refs/heads/codex/onecat-native-v150-awq-vlk-quality-c64-corrective-delta;refs/heads/codex/onecat-native-v150-awq-vlk-quality-c64-delta;refs/heads/codex/onecat-native-v150-awq-vlk-recovery;refs/heads/codex/onecat-native-v150-c64-canonical-readiness;refs/heads/codex/three-runtime-c64-canonical-transport-remediation;refs/heads/codex/three-runtime-c64-cross-runtime-calibration;refs/heads/codex/three-runtime-c64-quality-gate-policy-corrective-delta;refs/heads/codex/three-runtime-c64-quality-gate-policy-freeze;refs/heads/control/holiday-codea-to-codeb-relay,reports/evidence/vm176-holiday-codeb-native-benchmark-20260930/accepted-preflight-adoption.json,c75049be61871ad7fffe3564fe0225f18aeee307,suncaifeng/DevSopByAi,archive/comfyui-minimax-h3/reports/evidence/vm176-holiday-codeb-native-benchmark-20260930/accepted-preflight-adoption.json,ARCHIVE_ONLY,"Preserve immutable TaskContract, report, review/control evidence chain in control-plane archive; retain source commit and blob identity."
suncaifeng/comfyui-minimax-h3,refs/heads/codex/h3-ltx-director-console-v2-corrective-delta-01,3968742392a8967325c4a9a2c3f6c81776e00c02,refs/heads/codex/h3-ltx-director-console-v2-corrective-delta-01;refs/heads/codex/h3-ltx-director-console-v2-holiday-codeb;refs/heads/codex/h3storyboard-director-console-v2-holiday-codeb;refs/heads/codex/holiday-onecat-native-benchmark-campaign;refs/heads/codex/holiday-relay-supervisor-codec;refs/heads/codex/onecat-native-v150-awq-vlk-quality-c64-corrective-delta;refs/heads/codex/onecat-native-v150-awq-vlk-quality-c64-delta;refs/heads/codex/onecat-native-v150-awq-vlk-recovery;refs/heads/codex/onecat-native-v150-c64-canonical-readiness;refs/heads/codex/three-runtime-c64-canonical-transport-remediation;refs/heads/codex/three-runtime-c64-cross-runtime-calibration;refs/heads/codex/three-runtime-c64-quality-gate-policy-corrective-delta;refs/heads/codex/three-runtime-c64-quality-gate-policy-freeze;refs/heads/control/holiday-codea-to-codeb-relay,reports/evidence/vm176-holiday-codeb-native-benchmark-20260930/benchmark-64k.json,dc763468fd9d130072653e428216be34be2361cc,suncaifeng/DevSopByAi,archive/comfyui-minimax-h3/reports/evidence/vm176-holiday-codeb-native-benchmark-20260930/benchmark-64k.json,ARCHIVE_ONLY,"Preserve immutable TaskContract, report, review/control evidence chain in control-plane archive; retain source commit and blob identity."
suncaifeng/comfyui-minimax-h3,refs/heads/codex/h3-ltx-director-console-v2-corrective-delta-01,3968742392a8967325c4a9a2c3f6c81776e00c02,refs/heads/codex/h3-ltx-director-console-v2-corrective-delta-01;refs/heads/codex/h3-ltx-director-console-v2-holiday-codeb;refs/heads/codex/h3storyboard-director-console-v2-holiday-codeb;refs/heads/codex/holiday-onecat-native-benchmark-campaign;refs/heads/codex/holiday-relay-supervisor-codec;refs/heads/codex/onecat-native-v150-awq-vlk-quality-c64-corrective-delta;refs/heads/codex/onecat-native-v150-awq-vlk-quality-c64-delta;refs/heads/codex/onecat-native-v150-awq-vlk-recovery;refs/heads/codex/onecat-native-v150-c64-canonical-readiness;refs/heads/codex/three-runtime-c64-canonical-transport-remediation;refs/heads/codex/three-runtime-c64-cross-runtime-calibration;refs/heads/codex/three-runtime-c64-quality-gate-policy-corrective-delta;refs/heads/codex/three-runtime-c64-quality-gate-policy-freeze;refs/heads/control/holiday-codea-to-codeb-relay,reports/evidence/vm176-holiday-codeb-native-benchmark-20260930/campaign-state.json,bde93860ee11a73fa58f0982f66dbf0fd2437e58,suncaifeng/DevSopByAi,archive/comfyui-minimax-h3/reports/evidence/vm176-holiday-codeb-native-benchmark-20260930/campaign-state.json,ARCHIVE_ONLY,"Preserve immutable TaskContract, report, review/control evidence chain in control-plane archive; retain source commit and blob identity."
suncaifeng/comfyui-minimax-h3,refs/heads/codex/h3-ltx-director-console-v2-corrective-delta-01,3968742392a8967325c4a9a2c3f6c81776e00c02,refs/heads/codex/h3-ltx-director-console-v2-corrective-delta-01;refs/heads/codex/h3-ltx-director-console-v2-holiday-codeb;refs/heads/codex/h3storyboard-director-console-v2-holiday-codeb;refs/heads/codex/holiday-onecat-native-benchmark-campaign;refs/heads/codex/holiday-relay-supervisor-codec;refs/heads/codex/onecat-native-v150-awq-vlk-quality-c64-corrective-delta;refs/heads/codex/onecat-native-v150-awq-vlk-quality-c64-delta;refs/heads/codex/onecat-native-v150-awq-vlk-recovery;refs/heads/codex/onecat-native-v150-c64-canonical-readiness;refs/heads/codex/three-runtime-c64-canonical-transport-remediation;refs/heads/codex/three-runtime-c64-cross-runtime-calibration;refs/heads/codex/three-runtime-c64-quality-gate-policy-corrective-delta;refs/heads/codex/three-runtime-c64-quality-gate-policy-freeze;refs/heads/control/holiday-codea-to-codeb-relay,reports/evidence/vm176-holiday-codeb-native-benchmark-20260930/final-runtime-truth.json,2c5f192428a619f2494619078cd231452b44599e,suncaifeng/DevSopByAi,archive/comfyui-minimax-h3/reports/evidence/vm176-holiday-codeb-native-benchmark-20260930/final-runtime-truth.json,ARCHIVE_ONLY,"Preserve immutable TaskContract, report, review/control evidence chain in control-plane archive; retain source commit and blob identity."
suncaifeng/comfyui-minimax-h3,refs/heads/codex/h3-ltx-director-console-v2-corrective-delta-01,3968742392a8967325c4a9a2c3f6c81776e00c02,refs/heads/codex/h3-ltx-director-console-v2-corrective-delta-01;refs/heads/codex/h3-ltx-director-console-v2-holiday-codeb;refs/heads/codex/h3storyboard-director-console-v2-holiday-codeb;refs/heads/codex/holiday-onecat-native-benchmark-campaign;refs/heads/codex/holiday-relay-supervisor-codec;refs/heads/codex/onecat-native-v150-awq-vlk-quality-c64-corrective-delta;refs/heads/codex/onecat-native-v150-awq-vlk-quality-c64-delta;refs/heads/codex/onecat-native-v150-awq-vlk-recovery;refs/heads/codex/onecat-native-v150-c64-canonical-readiness;refs/heads/codex/three-runtime-c64-canonical-transport-remediation;refs/heads/codex/three-runtime-c64-cross-runtime-calibration;refs/heads/codex/three-runtime-c64-quality-gate-policy-corrective-delta;refs/heads/codex/three-runtime-c64-quality-gate-policy-freeze;refs/heads/control/holiday-codea-to-codeb-relay,reports/evidence/vm176-holiday-codeb-native-benchmark-20260930/native-runtime-readiness.json,ba95d791202082375c47d21f5f081e36132c14b5,suncaifeng/DevSopByAi,archive/comfyui-minimax-h3/reports/evidence/vm176-holiday-codeb-native-benchmark-20260930/native-runtime-readiness.json,ARCHIVE_ONLY,"Preserve immutable TaskContract, report, review/control evidence chain in control-plane archive; retain source commit and blob identity."
suncaifeng/comfyui-minimax-h3,refs/heads/codex/h3-ltx-director-console-v2-corrective-delta-01,3968742392a8967325c4a9a2c3f6c81776e00c02,refs/heads/codex/h3-ltx-director-console-v2-corrective-delta-01;refs/heads/codex/h3-ltx-director-console-v2-holiday-codeb;refs/heads/codex/h3storyboard-director-console-v2-holiday-codeb;refs/heads/codex/holiday-onecat-native-benchmark-campaign;refs/heads/codex/holiday-relay-supervisor-codec;refs/heads/codex/onecat-native-v150-awq-vlk-quality-c64-corrective-delta;refs/heads/codex/onecat-native-v150-awq-vlk-quality-c64-delta;refs/heads/codex/onecat-native-v150-awq-vlk-recovery;refs/heads/codex/onecat-native-v150-c64-canonical-readiness;refs/heads/codex/three-runtime-c64-canonical-transport-remediation;refs/heads/codex/three-runtime-c64-cross-runtime-calibration;refs/heads/codex/three-runtime-c64-quality-gate-policy-corrective-delta;refs/heads/codex/three-runtime-c64-quality-gate-policy-freeze;refs/heads/control/holiday-codea-to-codeb-relay,reports/evidence/vm176-holiday-codeb-native-benchmark-20260930/primary-model-acquisition.json,913757a995d513ca3d88e057e9103b8a58196996,suncaifeng/DevSopByAi,archive/comfyui-minimax-h3/reports/evidence/vm176-holiday-codeb-native-benchmark-20260930/primary-model-acquisition.json,ARCHIVE_ONLY,"Preserve immutable TaskContract, report, review/control evidence chain in control-plane archive; retain source commit and blob identity."
suncaifeng/comfyui-minimax-h3,refs/heads/codex/holiday-relay-supervisor-codec,afe6311af8586336ef240a14fc4395569547d57e,refs/heads/codex/holiday-relay-supervisor-codec,reports/evidence/vm176-holiday-relay-supervisor-20261002/dry-run.json,c9c7da583ab2e8dd8457c9987d561ce9463e1f8a,suncaifeng/DevSopByAi,archive/comfyui-minimax-h3/reports/evidence/vm176-holiday-relay-supervisor-20261002/dry-run.json,ARCHIVE_ONLY,"Preserve immutable TaskContract, report, review/control evidence chain in control-plane archive; retain source commit and blob identity."
suncaifeng/comfyui-minimax-h3,refs/heads/codex/holiday-relay-supervisor-codec,afe6311af8586336ef240a14fc4395569547d57e,refs/heads/codex/holiday-relay-supervisor-codec,reports/evidence/vm176-holiday-relay-supervisor-20261002/install.json,0db85c5f1ce1f42ca6768ca0b6923419a596b3ed,suncaifeng/DevSopByAi,archive/comfyui-minimax-h3/reports/evidence/vm176-holiday-relay-supervisor-20261002/install.json,ARCHIVE_ONLY,"Preserve immutable TaskContract, report, review/control evidence chain in control-plane archive; retain source commit and blob identity."
suncaifeng/comfyui-minimax-h3,refs/heads/codex/holiday-relay-supervisor-codec,afe6311af8586336ef240a14fc4395569547d57e,refs/heads/codex/holiday-relay-supervisor-codec,reports/evidence/vm176-holiday-relay-supervisor-20261002/launcher.json,b9538e61b79d4344aed625522d81dcdb5049dbe2,suncaifeng/DevSopByAi,archive/comfyui-minimax-h3/reports/evidence/vm176-holiday-relay-supervisor-20261002/launcher.json,ARCHIVE_ONLY,"Preserve immutable TaskContract, report, review/control evidence chain in control-plane archive; retain source commit and blob identity."
suncaifeng/comfyui-minimax-h3,refs/heads/codex/holiday-relay-supervisor-codec,afe6311af8586336ef240a14fc4395569547d57e,refs/heads/codex/holiday-relay-supervisor-codec,reports/evidence/vm176-holiday-relay-supervisor-20261002/manifest.json,d41c8a473d01fbada9657a3fe3950f54309805e1,suncaifeng/DevSopByAi,archive/comfyui-minimax-h3/reports/evidence/vm176-holiday-relay-supervisor-20261002/manifest.json,ARCHIVE_ONLY,"Preserve immutable TaskContract, report, review/control evidence chain in control-plane archive; retain source commit and blob identity."
suncaifeng/comfyui-minimax-h3,refs/heads/codex/holiday-relay-supervisor-codec,afe6311af8586336ef240a14fc4395569547d57e,refs/heads/codex/holiday-relay-supervisor-codec,reports/evidence/vm176-holiday-relay-supervisor-20261002/tests.json,44df3bfee4af7d96e1037df9f9eb5a5a41dc5655,suncaifeng/DevSopByAi,archive/comfyui-minimax-h3/reports/evidence/vm176-holiday-relay-supervisor-20261002/tests.json,ARCHIVE_ONLY,"Preserve immutable TaskContract, report, review/control evidence chain in control-plane archive; retain source commit and blob identity."
suncaifeng/comfyui-minimax-h3,refs/heads/codex/vm176-v100-power-hbm-thermal-characterization,b3911fa5c6fd1c4597a6c08a9c85d57afd2bed59,refs/heads/codex/vm176-v100-power-hbm-thermal-characterization,reports/evidence/vm176-power-hbm-test/final-readonly-state.txt,abf6161f959e9a23131b7df53f3a533f88f1fe18,suncaifeng/DevSopByAi,archive/comfyui-minimax-h3/reports/evidence/vm176-power-hbm-test/final-readonly-state.txt,ARCHIVE_ONLY,Preserve TaskContract/report/evidence source identity in the control-plane archive; no physical migration is executed.
suncaifeng/comfyui-minimax-h3,refs/heads/codex/vm176-v100-power-hbm-thermal-characterization,b3911fa5c6fd1c4597a6c08a9c85d57afd2bed59,refs/heads/codex/vm176-v100-power-hbm-thermal-characterization,reports/evidence/vm176-power-hbm-test/manifest.json,355d1a3e6c0e54988098fd092f234a9b491b5b32,suncaifeng/DevSopByAi,archive/comfyui-minimax-h3/reports/evidence/vm176-power-hbm-test/manifest.json,ARCHIVE_ONLY,Preserve TaskContract/report/evidence source identity in the control-plane archive; no physical migration is executed.
suncaifeng/comfyui-minimax-h3,refs/heads/codex/vm176-v100-power-hbm-thermal-characterization,b3911fa5c6fd1c4597a6c08a9c85d57afd2bed59,refs/heads/codex/vm176-v100-power-hbm-thermal-characterization,reports/evidence/vm176-power-hbm-test/preflight-git.txt,dfc3469011c48dab3fc7043a661fdd79af95ab0d,suncaifeng/DevSopByAi,archive/comfyui-minimax-h3/reports/evidence/vm176-power-hbm-test/preflight-git.txt,ARCHIVE_ONLY,Preserve TaskContract/report/evidence source identity in the control-plane archive; no physical migration is executed.
suncaifeng/comfyui-minimax-h3,refs/heads/codex/vm176-v100-power-hbm-thermal-characterization,b3911fa5c6fd1c4597a6c08a9c85d57afd2bed59,refs/heads/codex/vm176-v100-power-hbm-thermal-characterization,reports/evidence/vm176-power-hbm-test/preflight-gpu-owner.txt,f7fa5fe7a2b6fdb44a1d06b321ff596b3a80b907,suncaifeng/DevSopByAi,archive/comfyui-minimax-h3/reports/evidence/vm176-power-hbm-test/preflight-gpu-owner.txt,ARCHIVE_ONLY,Preserve TaskContract/report/evidence source identity in the control-plane archive; no physical migration is executed.
suncaifeng/comfyui-minimax-h3,refs/heads/codex/vm176-v100-power-hbm-thermal-characterization,b3911fa5c6fd1c4597a6c08a9c85d57afd2bed59,refs/heads/codex/vm176-v100-power-hbm-thermal-characterization,reports/evidence/vm176-power-hbm-test/preflight-host-gpu.txt,9dacd01a6a730a899eb0db38201f3bb5b42702f5,suncaifeng/DevSopByAi,archive/comfyui-minimax-h3/reports/evidence/vm176-power-hbm-test/preflight-host-gpu.txt,ARCHIVE_ONLY,Preserve TaskContract/report/evidence source identity in the control-plane archive; no physical migration is executed.
suncaifeng/comfyui-minimax-h3,refs/heads/codex/vm176-v100-power-hbm-thermal-characterization,b3911fa5c6fd1c4597a6c08a9c85d57afd2bed59,refs/heads/codex/vm176-v100-power-hbm-thermal-characterization,reports/evidence/vm176-power-hbm-test/preflight-supplemental.txt,531090531131ab364065e75a3ab0df60d1d9b6f3,suncaifeng/DevSopByAi,archive/comfyui-minimax-h3/reports/evidence/vm176-power-hbm-test/preflight-supplemental.txt,ARCHIVE_ONLY,Preserve TaskContract/report/evidence source identity in the control-plane archive; no physical migration is executed.
suncaifeng/comfyui-minimax-h3,refs/heads/codex/vm176-v100-power-hbm-thermal-characterization,b3911fa5c6fd1c4597a6c08a9c85d57afd2bed59,refs/heads/codex/vm176-v100-power-hbm-thermal-characterization,reports/vm176-power-hbm-test/analysis.md,217b50c2a127e8a86f4cecd31b1afdeae3ab88a4,suncaifeng/DevSopByAi,archive/comfyui-minimax-h3/reports/vm176-power-hbm-test/analysis.md,ARCHIVE_ONLY,Preserve TaskContract/report/evidence source identity in the control-plane archive; no physical migration is executed.
suncaifeng/comfyui-minimax-h3,refs/heads/codex/vm176-v100-power-hbm-thermal-characterization,b3911fa5c6fd1c4597a6c08a9c85d57afd2bed59,refs/heads/codex/vm176-v100-power-hbm-thermal-characterization,reports/vm176-power-hbm-test/final-report.md,f1f9be5fd0f3a93dc5a8ddb49ff47d1a9370c15d,suncaifeng/DevSopByAi,archive/comfyui-minimax-h3/reports/vm176-power-hbm-test/final-report.md,ARCHIVE_ONLY,Preserve TaskContract/report/evidence source identity in the control-plane archive; no physical migration is executed.
suncaifeng/comfyui-minimax-h3,refs/heads/codex/vm176-v100-power-hbm-thermal-characterization,b3911fa5c6fd1c4597a6c08a9c85d57afd2bed59,refs/heads/codex/vm176-v100-power-hbm-thermal-characterization,reports/vm176-power-hbm-test/preflight.json,a07100a4ad9e612de325cfd17fe1bc67ff5c8e7e,suncaifeng/DevSopByAi,archive/comfyui-minimax-h3/reports/vm176-power-hbm-test/preflight.json,ARCHIVE_ONLY,Preserve TaskContract/report/evidence source identity in the control-plane archive; no physical migration is executed.
suncaifeng/comfyui-minimax-h3,refs/heads/codex/vm176-v100-power-hbm-thermal-characterization,b3911fa5c6fd1c4597a6c08a9c85d57afd2bed59,refs/heads/codex/vm176-v100-power-hbm-thermal-characterization,reports/vm176-power-hbm-test/stages.json,a67430ad2ba757dda2de83cb463d3feafab92d32,suncaifeng/DevSopByAi,archive/comfyui-minimax-h3/reports/vm176-power-hbm-test/stages.json,ARCHIVE_ONLY,Preserve TaskContract/report/evidence source identity in the control-plane archive; no physical migration is executed.
suncaifeng/comfyui-minimax-h3,refs/heads/codex/vm176-v100-power-hbm-thermal-characterization,b3911fa5c6fd1c4597a6c08a9c85d57afd2bed59,refs/heads/codex/vm176-v100-power-hbm-thermal-characterization,reports/vm176-power-hbm-test/watchdog-tests.json,b2ac3e5eb0cc6222521f77dc195ee4bf16c35db9,suncaifeng/DevSopByAi,archive/comfyui-minimax-h3/reports/vm176-power-hbm-test/watchdog-tests.json,ARCHIVE_ONLY,Preserve TaskContract/report/evidence source identity in the control-plane archive; no physical migration is executed.
suncaifeng/comfyui-minimax-h3,refs/heads/main,644d7ff2a7a00e04db94ab347a85ed61488d5a76,refs/heads/codex/codexc-model-asset-acquisition-publish;refs/heads/codex/codexc-pinkcherry-ltx23-q6kv-refresh;refs/heads/codex/h3-ltx-director-console-v2-corrective-delta-01;refs/heads/codex/h3-ltx-director-console-v2-holiday-codeb;refs/heads/codex/h3storyboard-director-console-v2-holiday-codeb;refs/heads/codex/holiday-onecat-native-benchmark-campaign;refs/heads/codex/holiday-relay-supervisor-codec;refs/heads/codex/onecat-native-v150-awq-vlk-quality-c64-corrective-delta;refs/heads/codex/onecat-native-v150-awq-vlk-quality-c64-delta;refs/heads/codex/onecat-native-v150-awq-vlk-recovery;refs/heads/codex/onecat-native-v150-c64-canonical-readiness;refs/heads/codex/onecat-native-v150-preflight;refs/heads/codex/onecat-qwen38-gguf-loader-patch;refs/heads/codex/task2.1-offline-harness;refs/heads/codex/task2.2-canonical-benchmark-input-freeze;refs/heads/codex/task2.3-kvmem-harness-sync;refs/heads/codex/task2.4-prebenchmark-offline-readiness;refs/heads/codex/three-runtime-c64-canonical-transport-remediation;refs/heads/codex/three-runtime-c64-cross-runtime-calibration;refs/heads/codex/three-runtime-c64-quality-gate-policy-corrective-delta;refs/heads/codex/three-runtime-c64-quality-gate-policy-freeze;refs/heads/codex/vm176-v100-power-hbm-thermal-characterization;refs/heads/control/holiday-codea-to-codeb-relay;refs/heads/main,scripts/build_12x5s_continuation_workflow.py,616ef6c4148adc1ff094181309f78b0630ad5e6b,suncaifeng/gpu-compute + suncaifeng/video-generation,split:scripts/build_12x5s_continuation_workflow.py,SPLIT_REQUIRED,General orchestration crosses compute lifecycle and generation service boundaries; split behind versioned API.
suncaifeng/comfyui-minimax-h3,refs/heads/main,644d7ff2a7a00e04db94ab347a85ed61488d5a76,refs/heads/codex/codexc-model-asset-acquisition-publish;refs/heads/codex/codexc-pinkcherry-ltx23-q6kv-refresh;refs/heads/codex/h3-ltx-director-console-v2-corrective-delta-01;refs/heads/codex/h3-ltx-director-console-v2-holiday-codeb;refs/heads/codex/h3storyboard-director-console-v2-holiday-codeb;refs/heads/codex/holiday-onecat-native-benchmark-campaign;refs/heads/codex/holiday-relay-supervisor-codec;refs/heads/codex/onecat-native-v150-awq-vlk-quality-c64-corrective-delta;refs/heads/codex/onecat-native-v150-awq-vlk-quality-c64-delta;refs/heads/codex/onecat-native-v150-awq-vlk-recovery;refs/heads/codex/onecat-native-v150-c64-canonical-readiness;refs/heads/codex/onecat-native-v150-preflight;refs/heads/codex/onecat-qwen38-gguf-loader-patch;refs/heads/codex/task2.1-offline-harness;refs/heads/codex/task2.2-canonical-benchmark-input-freeze;refs/heads/codex/task2.3-kvmem-harness-sync;refs/heads/codex/task2.4-prebenchmark-offline-readiness;refs/heads/codex/three-runtime-c64-canonical-transport-remediation;refs/heads/codex/three-runtime-c64-cross-runtime-calibration;refs/heads/codex/three-runtime-c64-quality-gate-policy-corrective-delta;refs/heads/codex/three-runtime-c64-quality-gate-policy-freeze;refs/heads/codex/vm176-v100-power-hbm-thermal-characterization;refs/heads/control/holiday-codea-to-codeb-relay;refs/heads/main,scripts/build_firstblockcache_workflow.py,b86c788beedf1cdd55441f72023ea5b277938039,suncaifeng/gpu-compute + suncaifeng/video-generation,split:scripts/build_firstblockcache_workflow.py,SPLIT_REQUIRED,General orchestration crosses compute lifecycle and generation service boundaries; split behind versioned API.
suncaifeng/comfyui-minimax-h3,refs/heads/main,644d7ff2a7a00e04db94ab347a85ed61488d5a76,refs/heads/codex/codexc-model-asset-acquisition-publish;refs/heads/codex/codexc-pinkcherry-ltx23-q6kv-refresh;refs/heads/codex/h3-ltx-director-console-v2-corrective-delta-01;refs/heads/codex/h3-ltx-director-console-v2-holiday-codeb;refs/heads/codex/h3storyboard-director-console-v2-holiday-codeb;refs/heads/codex/holiday-onecat-native-benchmark-campaign;refs/heads/codex/holiday-relay-supervisor-codec;refs/heads/codex/onecat-native-v150-awq-vlk-quality-c64-corrective-delta;refs/heads/codex/onecat-native-v150-awq-vlk-quality-c64-delta;refs/heads/codex/onecat-native-v150-awq-vlk-recovery;refs/heads/codex/onecat-native-v150-c64-canonical-readiness;refs/heads/codex/onecat-native-v150-preflight;refs/heads/codex/onecat-qwen38-gguf-loader-patch;refs/heads/codex/task2.1-offline-harness;refs/heads/codex/task2.2-canonical-benchmark-input-freeze;refs/heads/codex/task2.3-kvmem-harness-sync;refs/heads/codex/task2.4-prebenchmark-offline-readiness;refs/heads/codex/three-runtime-c64-canonical-transport-remediation;refs/heads/codex/three-runtime-c64-cross-runtime-calibration;refs/heads/codex/three-runtime-c64-quality-gate-policy-corrective-delta;refs/heads/codex/three-runtime-c64-quality-gate-policy-freeze;refs/heads/codex/vm176-v100-power-hbm-thermal-characterization;refs/heads/control/holiday-codea-to-codeb-relay;refs/heads/main,scripts/clean_character_photo.py,c3d7909c2f1c43ff7204abb0b89ce9d7ee63691f,suncaifeng/gpu-compute + suncaifeng/video-generation,split:scripts/clean_character_photo.py,SPLIT_REQUIRED,General orchestration crosses compute lifecycle and generation service boundaries; split behind versioned API.
suncaifeng/comfyui-minimax-h3,refs/heads/codex/h3-ltx-director-console-v2-corrective-delta-01,3968742392a8967325c4a9a2c3f6c81776e00c02,refs/heads/codex/h3-ltx-director-console-v2-corrective-delta-01;refs/heads/codex/h3-ltx-director-console-v2-holiday-codeb,scripts/director_console_v2/__init__.py,7e74ac3f7439f332cad28b2ce69df8572062b152,suncaifeng/video-generation,scripts/director_console_v2/__init__.py,KEEP,"H3/LTX/ComfyUI workflow, Story API, Director Console or video generation service."
suncaifeng/comfyui-minimax-h3,refs/heads/codex/h3-ltx-director-console-v2-holiday-codeb,ca8c43b1e1bba98ba0c74c24681475caba1ae958,refs/heads/codex/h3-ltx-director-console-v2-holiday-codeb,scripts/director_console_v2/api.py,028ac8c80407a2c7d9c36fc2c512ababf98bb466,suncaifeng/video-generation,scripts/director_console_v2/api.py,KEEP,"H3/LTX/ComfyUI workflow, Story API, Director Console or video generation service."
suncaifeng/comfyui-minimax-h3,refs/heads/codex/h3-ltx-director-console-v2-corrective-delta-01,3968742392a8967325c4a9a2c3f6c81776e00c02,refs/heads/codex/h3-ltx-director-console-v2-corrective-delta-01,scripts/director_console_v2/api.py,78235c77d2bbf9613ef8a6feede8fb91d309a7f5,suncaifeng/video-generation,scripts/director_console_v2/api.py,KEEP,"H3/LTX/ComfyUI workflow, Story API, Director Console or video generation service."
suncaifeng/comfyui-minimax-h3,refs/heads/codex/h3-ltx-director-console-v2-corrective-delta-01,3968742392a8967325c4a9a2c3f6c81776e00c02,refs/heads/codex/h3-ltx-director-console-v2-corrective-delta-01;refs/heads/codex/h3-ltx-director-console-v2-holiday-codeb,scripts/director_console_v2/capabilities.py,2e30f396b1f654676ca485ad541b0aad22728ab4,suncaifeng/video-generation,scripts/director_console_v2/capabilities.py,KEEP,"H3/LTX/ComfyUI workflow, Story API, Director Console or video generation service."
suncaifeng/comfyui-minimax-h3,refs/heads/codex/h3-ltx-director-console-v2-corrective-delta-01,3968742392a8967325c4a9a2c3f6c81776e00c02,refs/heads/codex/h3-ltx-director-console-v2-corrective-delta-01,scripts/director_console_v2/compiler.py,406be1f1632f64979a3f2cf37e3ce69cc0c2c812,suncaifeng/video-generation,scripts/director_console_v2/compiler.py,KEEP,"H3/LTX/ComfyUI workflow, Story API, Director Console or video generation service."
suncaifeng/comfyui-minimax-h3,refs/heads/codex/h3-ltx-director-console-v2-holiday-codeb,ca8c43b1e1bba98ba0c74c24681475caba1ae958,refs/heads/codex/h3-ltx-director-console-v2-holiday-codeb,scripts/director_console_v2/compiler.py,67daba2ade8975b0e2a9b3d9718512c8e4a86499,suncaifeng/video-generation,scripts/director_console_v2/compiler.py,KEEP,"H3/LTX/ComfyUI workflow, Story API, Director Console or video generation service."
suncaifeng/comfyui-minimax-h3,refs/heads/codex/h3-ltx-director-console-v2-corrective-delta-01,3968742392a8967325c4a9a2c3f6c81776e00c02,refs/heads/codex/h3-ltx-director-console-v2-corrective-delta-01;refs/heads/codex/h3-ltx-director-console-v2-holiday-codeb,scripts/director_console_v2/domain.py,6c10a5fd788e0dc7ceebe30af0c0e792b120f04c,suncaifeng/video-generation,scripts/director_console_v2/domain.py,KEEP,"H3/LTX/ComfyUI workflow, Story API, Director Console or video generation service."
suncaifeng/comfyui-minimax-h3,refs/heads/codex/h3-ltx-director-console-v2-corrective-delta-01,3968742392a8967325c4a9a2c3f6c81776e00c02,refs/heads/codex/h3-ltx-director-console-v2-corrective-delta-01;refs/heads/codex/h3-ltx-director-console-v2-holiday-codeb,scripts/director_console_v2/legacy.py,5b1276fb8d47aaad8d215d33efd7a8c6c7194cb4,suncaifeng/video-generation,scripts/director_console_v2/legacy.py,KEEP,"H3/LTX/ComfyUI workflow, Story API, Director Console or video generation service."
suncaifeng/comfyui-minimax-h3,refs/heads/codex/h3-ltx-director-console-v2-corrective-delta-01,3968742392a8967325c4a9a2c3f6c81776e00c02,refs/heads/codex/h3-ltx-director-console-v2-corrective-delta-01,scripts/director_console_v2/media.py,99cc2d4853840136b5068b8edc552a84d2c6ee46,suncaifeng/video-generation,scripts/director_console_v2/media.py,KEEP,"H3/LTX/ComfyUI workflow, Story API, Director Console or video generation service."
suncaifeng/comfyui-minimax-h3,refs/heads/codex/h3-ltx-director-console-v2-holiday-codeb,ca8c43b1e1bba98ba0c74c24681475caba1ae958,refs/heads/codex/h3-ltx-director-console-v2-holiday-codeb,scripts/director_console_v2/production.py,5df342703ba6834fa3afb4ec91c32ad32de23f3f,suncaifeng/video-generation,scripts/director_console_v2/production.py,KEEP,"H3/LTX/ComfyUI workflow, Story API, Director Console or video generation service."
suncaifeng/comfyui-minimax-h3,refs/heads/codex/h3-ltx-director-console-v2-corrective-delta-01,3968742392a8967325c4a9a2c3f6c81776e00c02,refs/heads/codex/h3-ltx-director-console-v2-corrective-delta-01,scripts/director_console_v2/production.py,5f8520cd3ae43fd9a90c5773184867a29ccfadfb,suncaifeng/video-generation,scripts/director_console_v2/production.py,KEEP,"H3/LTX/ComfyUI workflow, Story API, Director Console or video generation service."
suncaifeng/comfyui-minimax-h3,refs/heads/codex/h3-ltx-director-console-v2-corrective-delta-01,3968742392a8967325c4a9a2c3f6c81776e00c02,refs/heads/codex/h3-ltx-director-console-v2-corrective-delta-01;refs/heads/codex/h3-ltx-director-console-v2-holiday-codeb,scripts/director_console_v2/renderer.py,1a29013cab2507d2043b0b990fc87da4215bfe01,suncaifeng/video-generation,scripts/director_console_v2/renderer.py,KEEP,"H3/LTX/ComfyUI workflow, Story API, Director Console or video generation service."
suncaifeng/comfyui-minimax-h3,refs/heads/codex/h3-ltx-director-console-v2-corrective-delta-01,3968742392a8967325c4a9a2c3f6c81776e00c02,refs/heads/codex/h3-ltx-director-console-v2-corrective-delta-01;refs/heads/codex/h3-ltx-director-console-v2-holiday-codeb,scripts/director_console_v2/stitch.py,6e6fd0496a4fab837da14c33614128ebd68926ac,suncaifeng/video-generation,scripts/director_console_v2/stitch.py,KEEP,"H3/LTX/ComfyUI workflow, Story API, Director Console or video generation service."
suncaifeng/comfyui-minimax-h3,refs/heads/codex/h3-ltx-director-console-v2-holiday-codeb,ca8c43b1e1bba98ba0c74c24681475caba1ae958,refs/heads/codex/h3-ltx-director-console-v2-holiday-codeb,scripts/director_console_v2/store.py,51a9cbb2d4fc5a6cc9d3bfff1e1eee4b257f8e2c,suncaifeng/video-generation,scripts/director_console_v2/store.py,KEEP,"H3/LTX/ComfyUI workflow, Story API, Director Console or video generation service."
suncaifeng/comfyui-minimax-h3,refs/heads/codex/h3-ltx-director-console-v2-corrective-delta-01,3968742392a8967325c4a9a2c3f6c81776e00c02,refs/heads/codex/h3-ltx-director-console-v2-corrective-delta-01,scripts/director_console_v2/store.py,ad2a8d57162d7bcde691d978d92741e0eb034679,suncaifeng/video-generation,scripts/director_console_v2/store.py,KEEP,"H3/LTX/ComfyUI workflow, Story API, Director Console or video generation service."
suncaifeng/comfyui-minimax-h3,refs/heads/codex/h3-ltx-director-console-v2-corrective-delta-01,3968742392a8967325c4a9a2c3f6c81776e00c02,refs/heads/codex/h3-ltx-director-console-v2-corrective-delta-01;refs/heads/codex/h3-ltx-director-console-v2-holiday-codeb,scripts/director_console_v2/stress.py,48a23c70b69beef0e5ed0d7a046c120123e502be,suncaifeng/video-generation,scripts/director_console_v2/stress.py,KEEP,"H3/LTX/ComfyUI workflow, Story API, Director Console or video generation service."
suncaifeng/comfyui-minimax-h3,refs/heads/codex/h3-ltx-director-console-v2-corrective-delta-01,3968742392a8967325c4a9a2c3f6c81776e00c02,refs/heads/codex/h3-ltx-director-console-v2-corrective-delta-01,scripts/director_console_v2/ui.html,18e58ae6826d8eca2bdb106f64f15d35ef00866b,suncaifeng/video-generation,scripts/director_console_v2/ui.html,KEEP,"H3/LTX/ComfyUI workflow, Story API, Director Console or video generation service."
suncaifeng/comfyui-minimax-h3,refs/heads/codex/h3-ltx-director-console-v2-holiday-codeb,ca8c43b1e1bba98ba0c74c24681475caba1ae958,refs/heads/codex/h3-ltx-director-console-v2-holiday-codeb,scripts/director_console_v2/ui.html,ca0003143587d3cbf15c49ff85264421caf690df,suncaifeng/video-generation,scripts/director_console_v2/ui.html,KEEP,"H3/LTX/ComfyUI workflow, Story API, Director Console or video generation service."
suncaifeng/comfyui-minimax-h3,refs/heads/codex/h3-ltx-director-console-v2-corrective-delta-01,3968742392a8967325c4a9a2c3f6c81776e00c02,refs/heads/codex/h3-ltx-director-console-v2-corrective-delta-01,scripts/director_console_v2/ui.js,09717831eea5dd0c2bd3ac027e9fef3ee729ae6d,suncaifeng/video-generation,scripts/director_console_v2/ui.js,KEEP,"H3/LTX/ComfyUI workflow, Story API, Director Console or video generation service."
suncaifeng/comfyui-minimax-h3,refs/heads/codex/h3-ltx-director-console-v2-holiday-codeb,ca8c43b1e1bba98ba0c74c24681475caba1ae958,refs/heads/codex/h3-ltx-director-console-v2-holiday-codeb,scripts/director_console_v2/ui.js,3241aa7314d8d635090ff64b065e0544f590f124,suncaifeng/video-generation,scripts/director_console_v2/ui.js,KEEP,"H3/LTX/ComfyUI workflow, Story API, Director Console or video generation service."
suncaifeng/comfyui-minimax-h3,refs/heads/main,644d7ff2a7a00e04db94ab347a85ed61488d5a76,refs/heads/codex/codexc-model-asset-acquisition-publish;refs/heads/codex/codexc-pinkcherry-ltx23-q6kv-refresh;refs/heads/codex/h3storyboard-director-console-v2-holiday-codeb;refs/heads/codex/holiday-onecat-native-benchmark-campaign;refs/heads/codex/holiday-relay-supervisor-codec;refs/heads/codex/onecat-native-v150-awq-vlk-quality-c64-corrective-delta;refs/heads/codex/onecat-native-v150-awq-vlk-quality-c64-delta;refs/heads/codex/onecat-native-v150-awq-vlk-recovery;refs/heads/codex/onecat-native-v150-c64-canonical-readiness;refs/heads/codex/onecat-native-v150-preflight;refs/heads/codex/onecat-qwen38-gguf-loader-patch;refs/heads/codex/task2.1-offline-harness;refs/heads/codex/task2.2-canonical-benchmark-input-freeze;refs/heads/codex/task2.3-kvmem-harness-sync;refs/heads/codex/task2.4-prebenchmark-offline-readiness;refs/heads/codex/three-runtime-c64-canonical-transport-remediation;refs/heads/codex/three-runtime-c64-cross-runtime-calibration;refs/heads/codex/three-runtime-c64-quality-gate-policy-corrective-delta;refs/heads/codex/three-runtime-c64-quality-gate-policy-freeze;refs/heads/codex/vm176-v100-power-hbm-thermal-characterization;refs/heads/control/holiday-codea-to-codeb-relay;refs/heads/main,scripts/h3_story_console.html,becd52e8498f4c6137af88cbed1ecb91ae441865,suncaifeng/video-generation,scripts/h3_story_console.html,KEEP,"H3/LTX/ComfyUI workflow, Story API, Director Console or video generation service."
suncaifeng/comfyui-minimax-h3,refs/heads/codex/h3-ltx-director-console-v2-corrective-delta-01,3968742392a8967325c4a9a2c3f6c81776e00c02,refs/heads/codex/h3-ltx-director-console-v2-corrective-delta-01;refs/heads/codex/h3-ltx-director-console-v2-holiday-codeb,scripts/h3_story_console.html,eb60f73c5424393dd1502bd6c01bf8adc96e339d,suncaifeng/video-generation,scripts/h3_story_console.html,KEEP,"H3/LTX/ComfyUI workflow, Story API, Director Console or video generation service."
suncaifeng/comfyui-minimax-h3,refs/heads/codex/h3-ltx-director-console-v2-corrective-delta-01,3968742392a8967325c4a9a2c3f6c81776e00c02,refs/heads/codex/h3-ltx-director-console-v2-corrective-delta-01;refs/heads/codex/h3-ltx-director-console-v2-holiday-codeb,scripts/h3_story_server.py,69ddec703678fb8bd8aa9ebdfa00378d0a59d8b3,suncaifeng/video-generation,scripts/h3_story_server.py,KEEP,"H3/LTX/ComfyUI workflow, Story API, Director Console or video generation service."
suncaifeng/comfyui-minimax-h3,refs/heads/main,644d7ff2a7a00e04db94ab347a85ed61488d5a76,refs/heads/codex/codexc-model-asset-acquisition-publish;refs/heads/codex/codexc-pinkcherry-ltx23-q6kv-refresh;refs/heads/codex/h3storyboard-director-console-v2-holiday-codeb;refs/heads/codex/holiday-onecat-native-benchmark-campaign;refs/heads/codex/holiday-relay-supervisor-codec;refs/heads/codex/onecat-native-v150-awq-vlk-quality-c64-corrective-delta;refs/heads/codex/onecat-native-v150-awq-vlk-quality-c64-delta;refs/heads/codex/onecat-native-v150-awq-vlk-recovery;refs/heads/codex/onecat-native-v150-c64-canonical-readiness;refs/heads/codex/onecat-native-v150-preflight;refs/heads/codex/onecat-qwen38-gguf-loader-patch;refs/heads/codex/task2.1-offline-harness;refs/heads/codex/task2.2-canonical-benchmark-input-freeze;refs/heads/codex/task2.3-kvmem-harness-sync;refs/heads/codex/task2.4-prebenchmark-offline-readiness;refs/heads/codex/three-runtime-c64-canonical-transport-remediation;refs/heads/codex/three-runtime-c64-cross-runtime-calibration;refs/heads/codex/three-runtime-c64-quality-gate-policy-corrective-delta;refs/heads/codex/three-runtime-c64-quality-gate-policy-freeze;refs/heads/codex/vm176-v100-power-hbm-thermal-characterization;refs/heads/control/holiday-codea-to-codeb-relay;refs/heads/main,scripts/h3_story_server.py,d51a93ab8f58158a46bdbf0c33f57c9f782284b4,suncaifeng/video-generation,scripts/h3_story_server.py,KEEP,"H3/LTX/ComfyUI workflow, Story API, Director Console or video generation service."
suncaifeng/comfyui-minimax-h3,refs/heads/main,644d7ff2a7a00e04db94ab347a85ed61488d5a76,refs/heads/codex/codexc-model-asset-acquisition-publish;refs/heads/codex/codexc-pinkcherry-ltx23-q6kv-refresh;refs/heads/codex/h3-ltx-director-console-v2-corrective-delta-01;refs/heads/codex/h3-ltx-director-console-v2-holiday-codeb;refs/heads/codex/h3storyboard-director-console-v2-holiday-codeb;refs/heads/codex/holiday-onecat-native-benchmark-campaign;refs/heads/codex/holiday-relay-supervisor-codec;refs/heads/codex/onecat-native-v150-awq-vlk-quality-c64-corrective-delta;refs/heads/codex/onecat-native-v150-awq-vlk-quality-c64-delta;refs/heads/codex/onecat-native-v150-awq-vlk-recovery;refs/heads/codex/onecat-native-v150-c64-canonical-readiness;refs/heads/codex/onecat-native-v150-preflight;refs/heads/codex/onecat-qwen38-gguf-loader-patch;refs/heads/codex/task2.1-offline-harness;refs/heads/codex/task2.2-canonical-benchmark-input-freeze;refs/heads/codex/task2.3-kvmem-harness-sync;refs/heads/codex/task2.4-prebenchmark-offline-readiness;refs/heads/codex/three-runtime-c64-canonical-transport-remediation;refs/heads/codex/three-runtime-c64-cross-runtime-calibration;refs/heads/codex/three-runtime-c64-quality-gate-policy-corrective-delta;refs/heads/codex/three-runtime-c64-quality-gate-policy-freeze;refs/heads/codex/vm176-v100-power-hbm-thermal-characterization;refs/heads/control/holiday-codea-to-codeb-relay;refs/heads/main,scripts/haarcascade_frontalface_default.xml,cbd1aa89e927d8d54b49fe666bf17244c3c46a7b,suncaifeng/gpu-compute + suncaifeng/video-generation,split:scripts/haarcascade_frontalface_default.xml,SPLIT_REQUIRED,General orchestration crosses compute lifecycle and generation service boundaries; split behind versioned API.
suncaifeng/comfyui-minimax-h3,refs/heads/main,644d7ff2a7a00e04db94ab347a85ed61488d5a76,refs/heads/codex/codexc-model-asset-acquisition-publish;refs/heads/codex/codexc-pinkcherry-ltx23-q6kv-refresh;refs/heads/codex/h3-ltx-director-console-v2-corrective-delta-01;refs/heads/codex/h3-ltx-director-console-v2-holiday-codeb;refs/heads/codex/h3storyboard-director-console-v2-holiday-codeb;refs/heads/codex/holiday-onecat-native-benchmark-campaign;refs/heads/codex/holiday-relay-supervisor-codec;refs/heads/codex/onecat-native-v150-awq-vlk-quality-c64-corrective-delta;refs/heads/codex/onecat-native-v150-awq-vlk-quality-c64-delta;refs/heads/codex/onecat-native-v150-awq-vlk-recovery;refs/heads/codex/onecat-native-v150-c64-canonical-readiness;refs/heads/codex/onecat-native-v150-preflight;refs/heads/codex/onecat-qwen38-gguf-loader-patch;refs/heads/codex/task2.1-offline-harness;refs/heads/codex/task2.2-canonical-benchmark-input-freeze;refs/heads/codex/task2.3-kvmem-harness-sync;refs/heads/codex/task2.4-prebenchmark-offline-readiness;refs/heads/codex/three-runtime-c64-canonical-transport-remediation;refs/heads/codex/three-runtime-c64-cross-runtime-calibration;refs/heads/codex/three-runtime-c64-quality-gate-policy-corrective-delta;refs/heads/codex/three-runtime-c64-quality-gate-policy-freeze;refs/heads/codex/vm176-v100-power-hbm-thermal-characterization;refs/heads/control/holiday-codea-to-codeb-relay;refs/heads/main,scripts/mask_tail_faces.py,f215e4ec5b43a458048ebbd4bd412ffa43096b45,suncaifeng/gpu-compute + suncaifeng/video-generation,split:scripts/mask_tail_faces.py,SPLIT_REQUIRED,General orchestration crosses compute lifecycle and generation service boundaries; split behind versioned API.
suncaifeng/comfyui-minimax-h3,refs/heads/main,644d7ff2a7a00e04db94ab347a85ed61488d5a76,refs/heads/codex/codexc-model-asset-acquisition-publish;refs/heads/codex/codexc-pinkcherry-ltx23-q6kv-refresh;refs/heads/codex/h3-ltx-director-console-v2-corrective-delta-01;refs/heads/codex/h3-ltx-director-console-v2-holiday-codeb;refs/heads/codex/h3storyboard-director-console-v2-holiday-codeb;refs/heads/codex/holiday-onecat-native-benchmark-campaign;refs/heads/codex/holiday-relay-supervisor-codec;refs/heads/codex/onecat-native-v150-awq-vlk-quality-c64-corrective-delta;refs/heads/codex/onecat-native-v150-awq-vlk-quality-c64-delta;refs/heads/codex/onecat-native-v150-awq-vlk-recovery;refs/heads/codex/onecat-native-v150-c64-canonical-readiness;refs/heads/codex/onecat-native-v150-preflight;refs/heads/codex/onecat-qwen38-gguf-loader-patch;refs/heads/codex/task2.1-offline-harness;refs/heads/codex/task2.2-canonical-benchmark-input-freeze;refs/heads/codex/task2.3-kvmem-harness-sync;refs/heads/codex/task2.4-prebenchmark-offline-readiness;refs/heads/codex/three-runtime-c64-canonical-transport-remediation;refs/heads/codex/three-runtime-c64-cross-runtime-calibration;refs/heads/codex/three-runtime-c64-quality-gate-policy-corrective-delta;refs/heads/codex/three-runtime-c64-quality-gate-policy-freeze;refs/heads/codex/vm176-v100-power-hbm-thermal-characterization;refs/heads/control/holiday-codea-to-codeb-relay;refs/heads/main,scripts/pve75-cold-identity-gate.sh,5666b31c44e718831092f08f575b01f8c5a48f49,suncaifeng/gpu-compute + suncaifeng/video-generation,split:scripts/pve75-cold-identity-gate.sh,SPLIT_REQUIRED,General orchestration crosses compute lifecycle and generation service boundaries; split behind versioned API.
suncaifeng/comfyui-minimax-h3,refs/heads/main,644d7ff2a7a00e04db94ab347a85ed61488d5a76,refs/heads/codex/codexc-model-asset-acquisition-publish;refs/heads/codex/codexc-pinkcherry-ltx23-q6kv-refresh;refs/heads/codex/h3-ltx-director-console-v2-corrective-delta-01;refs/heads/codex/h3-ltx-director-console-v2-holiday-codeb;refs/heads/codex/h3storyboard-director-console-v2-holiday-codeb;refs/heads/codex/holiday-onecat-native-benchmark-campaign;refs/heads/codex/holiday-relay-supervisor-codec;refs/heads/codex/onecat-native-v150-awq-vlk-quality-c64-corrective-delta;refs/heads/codex/onecat-native-v150-awq-vlk-quality-c64-delta;refs/heads/codex/onecat-native-v150-awq-vlk-recovery;refs/heads/codex/onecat-native-v150-c64-canonical-readiness;refs/heads/codex/onecat-native-v150-preflight;refs/heads/codex/onecat-qwen38-gguf-loader-patch;refs/heads/codex/task2.1-offline-harness;refs/heads/codex/task2.2-canonical-benchmark-input-freeze;refs/heads/codex/task2.3-kvmem-harness-sync;refs/heads/codex/task2.4-prebenchmark-offline-readiness;refs/heads/codex/three-runtime-c64-canonical-transport-remediation;refs/heads/codex/three-runtime-c64-cross-runtime-calibration;refs/heads/codex/three-runtime-c64-quality-gate-policy-corrective-delta;refs/heads/codex/three-runtime-c64-quality-gate-policy-freeze;refs/heads/codex/vm176-v100-power-hbm-thermal-characterization;refs/heads/control/holiday-codea-to-codeb-relay;refs/heads/main,scripts/start-comfyui-h3.sh,1764c1ad0a1776792d477a1b701a520ca30755a7,suncaifeng/video-generation,scripts/start-comfyui-h3.sh,KEEP,"H3/LTX/ComfyUI workflow, Story API, Director Console or video generation service."
suncaifeng/comfyui-minimax-h3,refs/heads/main,644d7ff2a7a00e04db94ab347a85ed61488d5a76,refs/heads/codex/codexc-model-asset-acquisition-publish;refs/heads/codex/codexc-pinkcherry-ltx23-q6kv-refresh;refs/heads/codex/h3-ltx-director-console-v2-corrective-delta-01;refs/heads/codex/h3-ltx-director-console-v2-holiday-codeb;refs/heads/codex/h3storyboard-director-console-v2-holiday-codeb;refs/heads/codex/holiday-onecat-native-benchmark-campaign;refs/heads/codex/holiday-relay-supervisor-codec;refs/heads/codex/onecat-native-v150-awq-vlk-quality-c64-corrective-delta;refs/heads/codex/onecat-native-v150-awq-vlk-quality-c64-delta;refs/heads/codex/onecat-native-v150-awq-vlk-recovery;refs/heads/codex/onecat-native-v150-c64-canonical-readiness;refs/heads/codex/onecat-native-v150-preflight;refs/heads/codex/onecat-qwen38-gguf-loader-patch;refs/heads/codex/task2.1-offline-harness;refs/heads/codex/task2.2-canonical-benchmark-input-freeze;refs/heads/codex/task2.3-kvmem-harness-sync;refs/heads/codex/task2.4-prebenchmark-offline-readiness;refs/heads/codex/three-runtime-c64-canonical-transport-remediation;refs/heads/codex/three-runtime-c64-cross-runtime-calibration;refs/heads/codex/three-runtime-c64-quality-gate-policy-corrective-delta;refs/heads/codex/three-runtime-c64-quality-gate-policy-freeze;refs/heads/codex/vm176-v100-power-hbm-thermal-characterization;refs/heads/control/holiday-codea-to-codeb-relay;refs/heads/main,scripts/start-comfyui.sh,bce16b94c94d2de66ae9e1c37a30a211f2e0d4d1,suncaifeng/video-generation,scripts/start-comfyui.sh,KEEP,"H3/LTX/ComfyUI workflow, Story API, Director Console or video generation service."
suncaifeng/comfyui-minimax-h3,refs/heads/main,644d7ff2a7a00e04db94ab347a85ed61488d5a76,refs/heads/codex/codexc-model-asset-acquisition-publish;refs/heads/codex/codexc-pinkcherry-ltx23-q6kv-refresh;refs/heads/codex/h3-ltx-director-console-v2-corrective-delta-01;refs/heads/codex/h3-ltx-director-console-v2-holiday-codeb;refs/heads/codex/h3storyboard-director-console-v2-holiday-codeb;refs/heads/codex/holiday-onecat-native-benchmark-campaign;refs/heads/codex/holiday-relay-supervisor-codec;refs/heads/codex/onecat-native-v150-awq-vlk-quality-c64-corrective-delta;refs/heads/codex/onecat-native-v150-awq-vlk-quality-c64-delta;refs/heads/codex/onecat-native-v150-awq-vlk-recovery;refs/heads/codex/onecat-native-v150-c64-canonical-readiness;refs/heads/codex/onecat-native-v150-preflight;refs/heads/codex/onecat-qwen38-gguf-loader-patch;refs/heads/codex/task2.1-offline-harness;refs/heads/codex/task2.2-canonical-benchmark-input-freeze;refs/heads/codex/task2.3-kvmem-harness-sync;refs/heads/codex/task2.4-prebenchmark-offline-readiness;refs/heads/codex/three-runtime-c64-canonical-transport-remediation;refs/heads/codex/three-runtime-c64-cross-runtime-calibration;refs/heads/codex/three-runtime-c64-quality-gate-policy-corrective-delta;refs/heads/codex/three-runtime-c64-quality-gate-policy-freeze;refs/heads/codex/vm176-v100-power-hbm-thermal-characterization;refs/heads/control/holiday-codea-to-codeb-relay;refs/heads/main,scripts/start-h3-story-server.sh,76c03b6a19598b085252b4007e66ec59dee3a482,suncaifeng/video-generation,scripts/start-h3-story-server.sh,KEEP,H3/Director/Story/ComfyUI implementation.
suncaifeng/comfyui-minimax-h3,refs/heads/main,644d7ff2a7a00e04db94ab347a85ed61488d5a76,refs/heads/codex/codexc-model-asset-acquisition-publish;refs/heads/codex/codexc-pinkcherry-ltx23-q6kv-refresh;refs/heads/codex/h3-ltx-director-console-v2-corrective-delta-01;refs/heads/codex/h3-ltx-director-console-v2-holiday-codeb;refs/heads/codex/h3storyboard-director-console-v2-holiday-codeb;refs/heads/codex/holiday-onecat-native-benchmark-campaign;refs/heads/codex/holiday-relay-supervisor-codec;refs/heads/codex/onecat-native-v150-awq-vlk-quality-c64-corrective-delta;refs/heads/codex/onecat-native-v150-awq-vlk-quality-c64-delta;refs/heads/codex/onecat-native-v150-awq-vlk-recovery;refs/heads/codex/onecat-native-v150-c64-canonical-readiness;refs/heads/codex/onecat-native-v150-preflight;refs/heads/codex/onecat-qwen38-gguf-loader-patch;refs/heads/codex/task2.1-offline-harness;refs/heads/codex/task2.2-canonical-benchmark-input-freeze;refs/heads/codex/task2.3-kvmem-harness-sync;refs/heads/codex/task2.4-prebenchmark-offline-readiness;refs/heads/codex/three-runtime-c64-canonical-transport-remediation;refs/heads/codex/three-runtime-c64-cross-runtime-calibration;refs/heads/codex/three-runtime-c64-quality-gate-policy-corrective-delta;refs/heads/codex/three-runtime-c64-quality-gate-policy-freeze;refs/heads/codex/vm176-v100-power-hbm-thermal-characterization;refs/heads/control/holiday-codea-to-codeb-relay;refs/heads/main,scripts/vm176-cold-preflight.sh,cf5a1bf1d2c542d9fdf8dc178c7745ed57542ab5,suncaifeng/gpu-compute,scripts/vm176-cold-preflight.sh,KEEP,GPU lifecycle or VM176 orchestration implementation.
suncaifeng/comfyui-minimax-h3,refs/heads/main,644d7ff2a7a00e04db94ab347a85ed61488d5a76,refs/heads/codex/codexc-model-asset-acquisition-publish;refs/heads/codex/codexc-pinkcherry-ltx23-q6kv-refresh;refs/heads/codex/h3-ltx-director-console-v2-corrective-delta-01;refs/heads/codex/h3-ltx-director-console-v2-holiday-codeb;refs/heads/codex/h3storyboard-director-console-v2-holiday-codeb;refs/heads/codex/holiday-onecat-native-benchmark-campaign;refs/heads/codex/holiday-relay-supervisor-codec;refs/heads/codex/onecat-native-v150-awq-vlk-quality-c64-corrective-delta;refs/heads/codex/onecat-native-v150-awq-vlk-quality-c64-delta;refs/heads/codex/onecat-native-v150-awq-vlk-recovery;refs/heads/codex/onecat-native-v150-c64-canonical-readiness;refs/heads/codex/onecat-native-v150-preflight;refs/heads/codex/onecat-qwen38-gguf-loader-patch;refs/heads/codex/task2.1-offline-harness;refs/heads/codex/task2.2-canonical-benchmark-input-freeze;refs/heads/codex/task2.3-kvmem-harness-sync;refs/heads/codex/task2.4-prebenchmark-offline-readiness;refs/heads/codex/three-runtime-c64-canonical-transport-remediation;refs/heads/codex/three-runtime-c64-cross-runtime-calibration;refs/heads/codex/three-runtime-c64-quality-gate-policy-corrective-delta;refs/heads/codex/three-runtime-c64-quality-gate-policy-freeze;refs/heads/codex/vm176-v100-power-hbm-thermal-characterization;refs/heads/control/holiday-codea-to-codeb-relay;refs/heads/main,scripts/vm176-qwen38-artifact-worker.py,ee4ce9cd9aa172d5ddf38ea3a551590fae763da4,suncaifeng/llm-inference,scripts/vm176-qwen38-artifact-worker.py,KEEP,"LLM runtime, policy, tokenizer, benchmark corpus, fixture or engine-specific integration."
suncaifeng/comfyui-minimax-h3,refs/heads/main,644d7ff2a7a00e04db94ab347a85ed61488d5a76,refs/heads/codex/codexc-model-asset-acquisition-publish;refs/heads/codex/codexc-pinkcherry-ltx23-q6kv-refresh;refs/heads/codex/h3-ltx-director-console-v2-corrective-delta-01;refs/heads/codex/h3-ltx-director-console-v2-holiday-codeb;refs/heads/codex/h3storyboard-director-console-v2-holiday-codeb;refs/heads/codex/holiday-onecat-native-benchmark-campaign;refs/heads/codex/holiday-relay-supervisor-codec;refs/heads/codex/onecat-native-v150-awq-vlk-quality-c64-corrective-delta;refs/heads/codex/onecat-native-v150-awq-vlk-quality-c64-delta;refs/heads/codex/onecat-native-v150-awq-vlk-recovery;refs/heads/codex/onecat-native-v150-c64-canonical-readiness;refs/heads/codex/onecat-native-v150-preflight;refs/heads/codex/onecat-qwen38-gguf-loader-patch;refs/heads/codex/task2.1-offline-harness;refs/heads/codex/task2.2-canonical-benchmark-input-freeze;refs/heads/codex/task2.3-kvmem-harness-sync;refs/heads/codex/task2.4-prebenchmark-offline-readiness;refs/heads/codex/three-runtime-c64-canonical-transport-remediation;refs/heads/codex/three-runtime-c64-cross-runtime-calibration;refs/heads/codex/three-runtime-c64-quality-gate-policy-corrective-delta;refs/heads/codex/three-runtime-c64-quality-gate-policy-freeze;refs/heads/codex/vm176-v100-power-hbm-thermal-characterization;refs/heads/control/holiday-codea-to-codeb-relay;refs/heads/main,scripts/wait-for-comfyui.sh,5b87ad6efc82743e4a360ffc5f75e3747c07c8f4,suncaifeng/video-generation,scripts/wait-for-comfyui.sh,KEEP,"H3/LTX/ComfyUI workflow, Story API, Director Console or video generation service."
suncaifeng/comfyui-minimax-h3,refs/heads/main,644d7ff2a7a00e04db94ab347a85ed61488d5a76,refs/heads/codex/codexc-model-asset-acquisition-publish;refs/heads/codex/codexc-pinkcherry-ltx23-q6kv-refresh;refs/heads/codex/h3-ltx-director-console-v2-corrective-delta-01;refs/heads/codex/h3-ltx-director-console-v2-holiday-codeb;refs/heads/codex/h3storyboard-director-console-v2-holiday-codeb;refs/heads/codex/holiday-onecat-native-benchmark-campaign;refs/heads/codex/holiday-relay-supervisor-codec;refs/heads/codex/onecat-native-v150-awq-vlk-quality-c64-corrective-delta;refs/heads/codex/onecat-native-v150-awq-vlk-quality-c64-delta;refs/heads/codex/onecat-native-v150-awq-vlk-recovery;refs/heads/codex/onecat-native-v150-c64-canonical-readiness;refs/heads/codex/onecat-native-v150-preflight;refs/heads/codex/onecat-qwen38-gguf-loader-patch;refs/heads/codex/task2.1-offline-harness;refs/heads/codex/task2.2-canonical-benchmark-input-freeze;refs/heads/codex/task2.3-kvmem-harness-sync;refs/heads/codex/task2.4-prebenchmark-offline-readiness;refs/heads/codex/three-runtime-c64-canonical-transport-remediation;refs/heads/codex/three-runtime-c64-cross-runtime-calibration;refs/heads/codex/three-runtime-c64-quality-gate-policy-corrective-delta;refs/heads/codex/three-runtime-c64-quality-gate-policy-freeze;refs/heads/codex/vm176-v100-power-hbm-thermal-characterization;refs/heads/control/holiday-codea-to-codeb-relay;refs/heads/main,systemd/ai-comfyui.service,9123a30207ee9e933ee509ddd20312209ef0096a,suncaifeng/gpu-compute + domain runtime,split:systemd/ai-comfyui.service,SPLIT_REQUIRED,Keep GPU lease/fencing and privileged host lifecycle in gpu-compute; keep application ExecStart/runtime contract with video-generation or llm-inference. No unit/config move before a versioned interface and single-controller gate.
suncaifeng/comfyui-minimax-h3,refs/heads/main,644d7ff2a7a00e04db94ab347a85ed61488d5a76,refs/heads/codex/codexc-model-asset-acquisition-publish;refs/heads/codex/codexc-pinkcherry-ltx23-q6kv-refresh;refs/heads/codex/h3-ltx-director-console-v2-corrective-delta-01;refs/heads/codex/h3-ltx-director-console-v2-holiday-codeb;refs/heads/codex/h3storyboard-director-console-v2-holiday-codeb;refs/heads/codex/holiday-onecat-native-benchmark-campaign;refs/heads/codex/holiday-relay-supervisor-codec;refs/heads/codex/onecat-native-v150-awq-vlk-quality-c64-corrective-delta;refs/heads/codex/onecat-native-v150-awq-vlk-quality-c64-delta;refs/heads/codex/onecat-native-v150-awq-vlk-recovery;refs/heads/codex/onecat-native-v150-c64-canonical-readiness;refs/heads/codex/onecat-native-v150-preflight;refs/heads/codex/onecat-qwen38-gguf-loader-patch;refs/heads/codex/task2.1-offline-harness;refs/heads/codex/task2.2-canonical-benchmark-input-freeze;refs/heads/codex/task2.3-kvmem-harness-sync;refs/heads/codex/task2.4-prebenchmark-offline-readiness;refs/heads/codex/three-runtime-c64-canonical-transport-remediation;refs/heads/codex/three-runtime-c64-cross-runtime-calibration;refs/heads/codex/three-runtime-c64-quality-gate-policy-corrective-delta;refs/heads/codex/three-runtime-c64-quality-gate-policy-freeze;refs/heads/codex/vm176-v100-power-hbm-thermal-characterization;refs/heads/control/holiday-codea-to-codeb-relay;refs/heads/main,systemd/ai-llm.service,6e6a370115543147409b5552ee85ed4849933552,suncaifeng/gpu-compute + domain runtime,split:systemd/ai-llm.service,SPLIT_REQUIRED,Keep GPU lease/fencing and privileged host lifecycle in gpu-compute; keep application ExecStart/runtime contract with video-generation or llm-inference. No unit/config move before a versioned interface and single-controller gate.
suncaifeng/comfyui-minimax-h3,refs/heads/main,644d7ff2a7a00e04db94ab347a85ed61488d5a76,refs/heads/codex/codexc-model-asset-acquisition-publish;refs/heads/codex/codexc-pinkcherry-ltx23-q6kv-refresh;refs/heads/codex/h3-ltx-director-console-v2-corrective-delta-01;refs/heads/codex/h3-ltx-director-console-v2-holiday-codeb;refs/heads/codex/h3storyboard-director-console-v2-holiday-codeb;refs/heads/codex/holiday-onecat-native-benchmark-campaign;refs/heads/codex/holiday-relay-supervisor-codec;refs/heads/codex/onecat-native-v150-awq-vlk-quality-c64-corrective-delta;refs/heads/codex/onecat-native-v150-awq-vlk-quality-c64-delta;refs/heads/codex/onecat-native-v150-awq-vlk-recovery;refs/heads/codex/onecat-native-v150-c64-canonical-readiness;refs/heads/codex/onecat-native-v150-preflight;refs/heads/codex/onecat-qwen38-gguf-loader-patch;refs/heads/codex/task2.1-offline-harness;refs/heads/codex/task2.2-canonical-benchmark-input-freeze;refs/heads/codex/task2.3-kvmem-harness-sync;refs/heads/codex/task2.4-prebenchmark-offline-readiness;refs/heads/codex/three-runtime-c64-canonical-transport-remediation;refs/heads/codex/three-runtime-c64-cross-runtime-calibration;refs/heads/codex/three-runtime-c64-quality-gate-policy-corrective-delta;refs/heads/codex/three-runtime-c64-quality-gate-policy-freeze;refs/heads/codex/vm176-v100-power-hbm-thermal-characterization;refs/heads/control/holiday-codea-to-codeb-relay;refs/heads/main,systemd/comfyui-h3.service,8ddf5413d9c8784912519aed02e033d6b6c8c84c,suncaifeng/video-generation,systemd/comfyui-h3.service,KEEP,"H3/LTX/ComfyUI workflow, Story API, Director Console or video generation service."
suncaifeng/comfyui-minimax-h3,refs/heads/main,644d7ff2a7a00e04db94ab347a85ed61488d5a76,refs/heads/codex/codexc-model-asset-acquisition-publish;refs/heads/codex/codexc-pinkcherry-ltx23-q6kv-refresh;refs/heads/codex/h3-ltx-director-console-v2-corrective-delta-01;refs/heads/codex/h3-ltx-director-console-v2-holiday-codeb;refs/heads/codex/h3storyboard-director-console-v2-holiday-codeb;refs/heads/codex/holiday-onecat-native-benchmark-campaign;refs/heads/codex/holiday-relay-supervisor-codec;refs/heads/codex/onecat-native-v150-awq-vlk-quality-c64-corrective-delta;refs/heads/codex/onecat-native-v150-awq-vlk-quality-c64-delta;refs/heads/codex/onecat-native-v150-awq-vlk-recovery;refs/heads/codex/onecat-native-v150-c64-canonical-readiness;refs/heads/codex/onecat-native-v150-preflight;refs/heads/codex/onecat-qwen38-gguf-loader-patch;refs/heads/codex/task2.1-offline-harness;refs/heads/codex/task2.2-canonical-benchmark-input-freeze;refs/heads/codex/task2.3-kvmem-harness-sync;refs/heads/codex/task2.4-prebenchmark-offline-readiness;refs/heads/codex/three-runtime-c64-canonical-transport-remediation;refs/heads/codex/three-runtime-c64-cross-runtime-calibration;refs/heads/codex/three-runtime-c64-quality-gate-policy-corrective-delta;refs/heads/codex/three-runtime-c64-quality-gate-policy-freeze;refs/heads/codex/vm176-v100-power-hbm-thermal-characterization;refs/heads/control/holiday-codea-to-codeb-relay;refs/heads/main,systemd/h3-story-console.service,63a694e6a0d04459d2dd65f4fe75a8566ca23054,suncaifeng/video-generation,systemd/h3-story-console.service,KEEP,H3/ComfyUI video service unit; preserve service-to-runtime provenance.
suncaifeng/comfyui-minimax-h3,refs/heads/main,644d7ff2a7a00e04db94ab347a85ed61488d5a76,refs/heads/codex/codexc-model-asset-acquisition-publish;refs/heads/codex/codexc-pinkcherry-ltx23-q6kv-refresh;refs/heads/codex/h3-ltx-director-console-v2-corrective-delta-01;refs/heads/codex/h3-ltx-director-console-v2-holiday-codeb;refs/heads/codex/h3storyboard-director-console-v2-holiday-codeb;refs/heads/codex/holiday-onecat-native-benchmark-campaign;refs/heads/codex/holiday-relay-supervisor-codec;refs/heads/codex/onecat-native-v150-awq-vlk-quality-c64-corrective-delta;refs/heads/codex/onecat-native-v150-awq-vlk-quality-c64-delta;refs/heads/codex/onecat-native-v150-awq-vlk-recovery;refs/heads/codex/onecat-native-v150-c64-canonical-readiness;refs/heads/codex/onecat-native-v150-preflight;refs/heads/codex/onecat-qwen38-gguf-loader-patch;refs/heads/codex/task2.1-offline-harness;refs/heads/codex/task2.2-canonical-benchmark-input-freeze;refs/heads/codex/task2.3-kvmem-harness-sync;refs/heads/codex/task2.4-prebenchmark-offline-readiness;refs/heads/codex/three-runtime-c64-canonical-transport-remediation;refs/heads/codex/three-runtime-c64-cross-runtime-calibration;refs/heads/codex/three-runtime-c64-quality-gate-policy-corrective-delta;refs/heads/codex/three-runtime-c64-quality-gate-policy-freeze;refs/heads/codex/vm176-v100-power-hbm-thermal-characterization;refs/heads/control/holiday-codea-to-codeb-relay;refs/heads/main,systemd/h3-video-stack.service,54c961b0a08d06b7fbb96e3b6c4ef527ff2603bd,suncaifeng/video-generation,systemd/h3-video-stack.service,KEEP,"H3/LTX/ComfyUI workflow, Story API, Director Console or video generation service."
suncaifeng/comfyui-minimax-h3,refs/heads/codex/h3-ltx-director-console-v2-corrective-delta-01,3968742392a8967325c4a9a2c3f6c81776e00c02,refs/heads/codex/h3-ltx-director-console-v2-corrective-delta-01;refs/heads/codex/h3-ltx-director-console-v2-holiday-codeb,tests/test_director_console_v2/__init__.py,76c292bde2140ac180be35578645d8ad176f5d71,suncaifeng/video-generation,tests/test_director_console_v2/__init__.py,KEEP,"H3/LTX/ComfyUI workflow, Story API, Director Console or video generation service."
suncaifeng/comfyui-minimax-h3,refs/heads/codex/h3-ltx-director-console-v2-holiday-codeb,ca8c43b1e1bba98ba0c74c24681475caba1ae958,refs/heads/codex/h3-ltx-director-console-v2-holiday-codeb,tests/test_director_console_v2/test_core.py,8a05c4da926625717600c05751a6468db4fb9f1b,suncaifeng/video-generation,tests/test_director_console_v2/test_core.py,KEEP,"H3/LTX/ComfyUI workflow, Story API, Director Console or video generation service."
suncaifeng/comfyui-minimax-h3,refs/heads/codex/h3-ltx-director-console-v2-corrective-delta-01,3968742392a8967325c4a9a2c3f6c81776e00c02,refs/heads/codex/h3-ltx-director-console-v2-corrective-delta-01,tests/test_director_console_v2/test_core.py,944a2541d06f3c78aad5898730a356ee2eeff9e1,suncaifeng/video-generation,tests/test_director_console_v2/test_core.py,KEEP,"H3/LTX/ComfyUI workflow, Story API, Director Console or video generation service."
suncaifeng/comfyui-minimax-h3,refs/heads/codex/h3-ltx-director-console-v2-corrective-delta-01,3968742392a8967325c4a9a2c3f6c81776e00c02,refs/heads/codex/h3-ltx-director-console-v2-corrective-delta-01,tests/test_director_console_v2/test_corrective_delta.py,e77cec1fffb3ae344fe7c1e7c92e02e77bd8eae8,suncaifeng/video-generation,tests/test_director_console_v2/test_corrective_delta.py,KEEP,"H3/LTX/ComfyUI workflow, Story API, Director Console or video generation service."
suncaifeng/comfyui-minimax-h3,refs/heads/codex/h3-ltx-director-console-v2-corrective-delta-01,3968742392a8967325c4a9a2c3f6c81776e00c02,refs/heads/codex/h3-ltx-director-console-v2-corrective-delta-01;refs/heads/codex/h3-ltx-director-console-v2-holiday-codeb,tests/test_story_parser.py,78aea1048a5f49aa13d6de8f60e2e9c734234ae5,suncaifeng/llm-inference,tests/test_story_parser.py,KEEP,Benchmark/runtime test; place with its measured runtime and input identity.
suncaifeng/comfyui-minimax-h3,refs/heads/main,644d7ff2a7a00e04db94ab347a85ed61488d5a76,refs/heads/codex/codexc-model-asset-acquisition-publish;refs/heads/codex/codexc-pinkcherry-ltx23-q6kv-refresh;refs/heads/codex/h3storyboard-director-console-v2-holiday-codeb;refs/heads/codex/holiday-onecat-native-benchmark-campaign;refs/heads/codex/holiday-relay-supervisor-codec;refs/heads/codex/onecat-native-v150-awq-vlk-quality-c64-corrective-delta;refs/heads/codex/onecat-native-v150-awq-vlk-quality-c64-delta;refs/heads/codex/onecat-native-v150-awq-vlk-recovery;refs/heads/codex/onecat-native-v150-c64-canonical-readiness;refs/heads/codex/onecat-native-v150-preflight;refs/heads/codex/onecat-qwen38-gguf-loader-patch;refs/heads/codex/task2.1-offline-harness;refs/heads/codex/task2.2-canonical-benchmark-input-freeze;refs/heads/codex/task2.3-kvmem-harness-sync;refs/heads/codex/task2.4-prebenchmark-offline-readiness;refs/heads/codex/three-runtime-c64-canonical-transport-remediation;refs/heads/codex/three-runtime-c64-cross-runtime-calibration;refs/heads/codex/three-runtime-c64-quality-gate-policy-corrective-delta;refs/heads/codex/three-runtime-c64-quality-gate-policy-freeze;refs/heads/codex/vm176-v100-power-hbm-thermal-characterization;refs/heads/control/holiday-codea-to-codeb-relay;refs/heads/main,tests/test_story_parser.py,8273385afd00e5b8f5a924c4c17bd7941e7dc1be,suncaifeng/llm-inference,tests/test_story_parser.py,KEEP,Benchmark/runtime test; place with its measured runtime and input identity.
suncaifeng/comfyui-minimax-h3,refs/heads/main,644d7ff2a7a00e04db94ab347a85ed61488d5a76,refs/heads/codex/codexc-model-asset-acquisition-publish;refs/heads/codex/codexc-pinkcherry-ltx23-q6kv-refresh;refs/heads/codex/h3-ltx-director-console-v2-corrective-delta-01;refs/heads/codex/h3-ltx-director-console-v2-holiday-codeb;refs/heads/codex/h3storyboard-director-console-v2-holiday-codeb;refs/heads/codex/holiday-onecat-native-benchmark-campaign;refs/heads/codex/holiday-relay-supervisor-codec;refs/heads/codex/onecat-native-v150-awq-vlk-quality-c64-corrective-delta;refs/heads/codex/onecat-native-v150-awq-vlk-quality-c64-delta;refs/heads/codex/onecat-native-v150-awq-vlk-recovery;refs/heads/codex/onecat-native-v150-c64-canonical-readiness;refs/heads/codex/onecat-native-v150-preflight;refs/heads/codex/onecat-qwen38-gguf-loader-patch;refs/heads/codex/task2.1-offline-harness;refs/heads/codex/task2.2-canonical-benchmark-input-freeze;refs/heads/codex/task2.3-kvmem-harness-sync;refs/heads/codex/task2.4-prebenchmark-offline-readiness;refs/heads/codex/three-runtime-c64-canonical-transport-remediation;refs/heads/codex/three-runtime-c64-cross-runtime-calibration;refs/heads/codex/three-runtime-c64-quality-gate-policy-corrective-delta;refs/heads/codex/three-runtime-c64-quality-gate-policy-freeze;refs/heads/codex/vm176-v100-power-hbm-thermal-characterization;refs/heads/control/holiday-codea-to-codeb-relay;refs/heads/main,workflows/minimax_h3_12x5s_continuation_60s.json,06240c2d626adbdf5b8ea28401abbcbf83220753,suncaifeng/video-generation,workflows/minimax_h3_12x5s_continuation_60s.json,KEEP,"H3/LTX/ComfyUI workflow, Story API, Director Console or video generation service."
suncaifeng/comfyui-minimax-h3,refs/heads/main,644d7ff2a7a00e04db94ab347a85ed61488d5a76,refs/heads/codex/codexc-model-asset-acquisition-publish;refs/heads/codex/codexc-pinkcherry-ltx23-q6kv-refresh;refs/heads/codex/h3-ltx-director-console-v2-corrective-delta-01;refs/heads/codex/h3-ltx-director-console-v2-holiday-codeb;refs/heads/codex/h3storyboard-director-console-v2-holiday-codeb;refs/heads/codex/holiday-onecat-native-benchmark-campaign;refs/heads/codex/holiday-relay-supervisor-codec;refs/heads/codex/onecat-native-v150-awq-vlk-quality-c64-corrective-delta;refs/heads/codex/onecat-native-v150-awq-vlk-quality-c64-delta;refs/heads/codex/onecat-native-v150-awq-vlk-recovery;refs/heads/codex/onecat-native-v150-c64-canonical-readiness;refs/heads/codex/onecat-native-v150-preflight;refs/heads/codex/onecat-qwen38-gguf-loader-patch;refs/heads/codex/task2.1-offline-harness;refs/heads/codex/task2.2-canonical-benchmark-input-freeze;refs/heads/codex/task2.3-kvmem-harness-sync;refs/heads/codex/task2.4-prebenchmark-offline-readiness;refs/heads/codex/three-runtime-c64-canonical-transport-remediation;refs/heads/codex/three-runtime-c64-cross-runtime-calibration;refs/heads/codex/three-runtime-c64-quality-gate-policy-corrective-delta;refs/heads/codex/three-runtime-c64-quality-gate-policy-freeze;refs/heads/codex/vm176-v100-power-hbm-thermal-characterization;refs/heads/control/holiday-codea-to-codeb-relay;refs/heads/main,workflows/minimax_h3_draft_turbo_v4_6step_04mp.json,2a48e54668943264f10eb09fbaf3740c24471738,suncaifeng/video-generation,workflows/minimax_h3_draft_turbo_v4_6step_04mp.json,KEEP,"H3/LTX/ComfyUI workflow, Story API, Director Console or video generation service."
suncaifeng/comfyui-minimax-h3,refs/heads/main,644d7ff2a7a00e04db94ab347a85ed61488d5a76,refs/heads/codex/codexc-model-asset-acquisition-publish;refs/heads/codex/codexc-pinkcherry-ltx23-q6kv-refresh;refs/heads/codex/h3-ltx-director-console-v2-corrective-delta-01;refs/heads/codex/h3-ltx-director-console-v2-holiday-codeb;refs/heads/codex/h3storyboard-director-console-v2-holiday-codeb;refs/heads/codex/holiday-onecat-native-benchmark-campaign;refs/heads/codex/holiday-relay-supervisor-codec;refs/heads/codex/onecat-native-v150-awq-vlk-quality-c64-corrective-delta;refs/heads/codex/onecat-native-v150-awq-vlk-quality-c64-delta;refs/heads/codex/onecat-native-v150-awq-vlk-recovery;refs/heads/codex/onecat-native-v150-c64-canonical-readiness;refs/heads/codex/onecat-native-v150-preflight;refs/heads/codex/onecat-qwen38-gguf-loader-patch;refs/heads/codex/task2.1-offline-harness;refs/heads/codex/task2.2-canonical-benchmark-input-freeze;refs/heads/codex/task2.3-kvmem-harness-sync;refs/heads/codex/task2.4-prebenchmark-offline-readiness;refs/heads/codex/three-runtime-c64-canonical-transport-remediation;refs/heads/codex/three-runtime-c64-cross-runtime-calibration;refs/heads/codex/three-runtime-c64-quality-gate-policy-corrective-delta;refs/heads/codex/three-runtime-c64-quality-gate-policy-freeze;refs/heads/codex/vm176-v100-power-hbm-thermal-characterization;refs/heads/control/holiday-codea-to-codeb-relay;refs/heads/main,workflows/minimax_h3_formal_safe_008_20step_07mp.json,5dfc6f0ae4d1ae8f3d335a3fbdc0baa53a0b69c8,suncaifeng/video-generation,workflows/minimax_h3_formal_safe_008_20step_07mp.json,KEEP,"H3/LTX/ComfyUI workflow, Story API, Director Console or video generation service."
